Country;Granularity;Year;Population
Afghanistan;Total;2000;20779953.0
Afghanistan;Male;2000;10689508.0
Afghanistan;Female;2000;10090449.0
Afghanistan;Rural;2000;15657474.0
Afghanistan;Urban;2000;4436282.0
Afghanistan;Total;2001;21606988.0
Afghanistan;Male;2001;11117754.0
Afghanistan;Female;2001;10489238.0
Afghanistan;Rural;2001;16318324.0
Afghanistan;Urban;2001;4648139.0
Afghanistan;Total;2002;22600770.0
Afghanistan;Male;2002;11642106.0
Afghanistan;Female;2002;10958668.0
Afghanistan;Rural;2002;17086910.0
Afghanistan;Urban;2002;4893013.0
Afghanistan;Total;2003;23680871.0
Afghanistan;Male;2003;12214634.0
Afghanistan;Female;2003;11466237.0
Afghanistan;Rural;2003;17909063.0
Afghanistan;Urban;2003;5155788.0
Afghanistan;Total;2004;24726684.0
Afghanistan;Male;2004;12763726.0
Afghanistan;Female;2004;11962963.0
Afghanistan;Rural;2004;18692107.0
Afghanistan;Urban;2004;5426872.0
Afghanistan;Total;2005;25654277.0
Afghanistan;Male;2005;13239684.0
Afghanistan;Female;2005;12414590.0
Afghanistan;Rural;2005;19378962.0
Afghanistan;Urban;2005;5691836.0
Afghanistan;Total;2006;26433049.0
Afghanistan;Male;2006;13623896.0
Afghanistan;Female;2006;12809162.0
Afghanistan;Rural;2006;19961972.0
Afghanistan;Urban;2006;5931478.0
Afghanistan;Total;2007;27100536.0
Afghanistan;Male;2007;13938970.0
Afghanistan;Female;2007;13161572.0
Afghanistan;Rural;2007;20464923.0
Afghanistan;Urban;2007;6151869.0
Afghanistan;Total;2008;27722276.0
Afghanistan;Male;2008;14225725.0
Afghanistan;Female;2008;13496556.0
Afghanistan;Rural;2008;20929119.0
Afghanistan;Urban;2008;6364912.0
Afghanistan;Total;2009;28394813.0
Afghanistan;Male;2009;14544055.0
Afghanistan;Female;2009;13850751.0
Afghanistan;Rural;2009;21415593.0
Afghanistan;Urban;2009;6588738.0
Afghanistan;Total;2010;29185507.0
Afghanistan;Male;2010;14935756.0
Afghanistan;Female;2010;14249755.0
Afghanistan;Rural;2010;21966187.0
Afghanistan;Urban;2010;6836980.0
Afghanistan;Total;2011;30117413.0
Afghanistan;Male;2011;15415361.0
Afghanistan;Female;2011;14702050.0
Afghanistan;Rural;2011;22594126.0
Afghanistan;Urban;2011;7114473.0
Afghanistan;Total;2012;31161376.0
Afghanistan;Male;2012;15964874.0
Afghanistan;Female;2012;15196504.0
Afghanistan;Rural;2012;23280663.0
Afghanistan;Urban;2012;7416295.0
Afghanistan;Total;2013;32269589.0
Afghanistan;Male;2013;16554277.999999998
Afghanistan;Female;2013;15715314.0
Afghanistan;Rural;2013;23997856.0
Afghanistan;Urban;2013;7733832.0
Afghanistan;Total;2014;33370794.0
Afghanistan;Male;2014;17138803.0
Afghanistan;Female;2014;16232001.0
Afghanistan;Rural;2014;24703798.0
Afghanistan;Urban;2014;8054222.0
Afghanistan;Total;2015;34413603.0
Afghanistan;Male;2015;17686166.0
Afghanistan;Female;2015;16727437.000000002
Afghanistan;Rural;2015;25368923.0
Afghanistan;Urban;2015;8367571.0
Afghanistan;Total;2016;35383032.0
Afghanistan;Male;2016;18186994.0
Afghanistan;Female;2016;17196034.0
Afghanistan;Rural;2016;25985093.0
Afghanistan;Urban;2016;8670939.0
Afghanistan;Total;2017;36296113.0
Afghanistan;Male;2017;18651985.0
Afghanistan;Female;2017;17644126.0
Afghanistan;Rural;2017;26558609.0
Afghanistan;Urban;2017;8971472.0
Afghanistan;Total;2018;37171921.0
Afghanistan;Male;2018;19093043.0
Afghanistan;Female;2018;18078879.0
Afghanistan;Rural;2018;27099874.0
Afghanistan;Urban;2018;9273302.0
Albania;Total;2000;3129243.0
Albania;Male;2000;1583506.0
Albania;Female;2000;1545740.0
Albania;Rural;2000;1818833.0
Albania;Urban;2000;1303137.0
Albania;Total;2001;3129704.0
Albania;Male;2001;1586178.0
Albania;Female;2001;1543523.0
Albania;Rural;2001;1797423.0
Albania;Urban;2001;1324985.0
Albania;Total;2002;3126187.0
Albania;Male;2002;1582936.0
Albania;Female;2002;1543247.0
Albania;Rural;2002;1762229.0
Albania;Urban;2002;1356800.0
Albania;Total;2003;3118023.0
Albania;Male;2003;1574841.0
Albania;Female;2003;1543176.0
Albania;Rural;2003;1724344.0
Albania;Urban;2003;1386661.0
Albania;Total;2004;3104892.0
Albania;Male;2004;1563966.0
Albania;Female;2004;1540927.0
Albania;Rural;2004;1683584.0
Albania;Urban;2004;1414163.0
Albania;Total;2005;3086810.0
Albania;Male;2005;1551975.0
Albania;Female;2005;1534835.0
Albania;Rural;2005;1640246.0
Albania;Urban;2005;1438933.0
Albania;Total;2006;3063021.0
Albania;Male;2006;1538721.0
Albania;Female;2006;1524300.0
Albania;Rural;2006;1593892.0
Albania;Urban;2006;1460439.0
Albania;Total;2007;3033998.0
Albania;Male;2007;1523893.0
Albania;Female;2007;1510100.0
Albania;Rural;2007;1545166.0
Albania;Urban;2007;1478741.0
Albania;Total;2008;3002678.0
Albania;Male;2008;1508919.0
Albania;Female;2008;1493764.0
Albania;Rural;2008;1496108.0
Albania;Urban;2008;1495543.0
Albania;Total;2009;2973048.0
Albania;Male;2009;1495558.0
Albania;Female;2009;1477486.0
Albania;Rural;2009;1449427.0
Albania;Urban;2009;1513208.0
Albania;Total;2010;2948023.0
Albania;Male;2010;1485068.0
Albania;Female;2010;1462961.0
Albania;Rural;2010;1406665.0
Albania;Urban;2010;1533860.0
Albania;Total;2011;2928592.0
Albania;Male;2011;1478059.0
Albania;Female;2011;1450542.0
Albania;Rural;2011;1368297.0
Albania;Urban;2011;1558362.0
Albania;Total;2012;2914096.0
Albania;Male;2012;1474211.0
Albania;Female;2012;1439880.0
Albania;Rural;2012;1333585.0
Albania;Urban;2012;1586454.0
Albania;Total;2013;2903790.0
Albania;Male;2013;1472670.0
Albania;Female;2013;1431118.0
Albania;Rural;2013;1302236.0
Albania;Urban;2013;1616742.0
Albania;Total;2014;2896305.0
Albania;Male;2014;1472095.0
Albania;Female;2014;1424212.0
Albania;Rural;2014;1272790.0
Albania;Urban;2014;1647985.0
Albania;Total;2015;2890513.0
Albania;Male;2015;1471456.0
Albania;Female;2015;1419068.0
Albania;Rural;2015;1244341.0
Albania;Urban;2015;1679011.0
Albania;Total;2016;2886438.0
Albania;Male;2016;1470548.0
Albania;Female;2016;1415879.0
Albania;Rural;2016;1216737.0
Albania;Urban;2016;1709611.0
Albania;Total;2017;2884169.0
Albania;Male;2017;1469588.0
Albania;Female;2017;1414581.0
Albania;Rural;2017;1190155.0
Albania;Urban;2017;1740032.0
Albania;Total;2018;2882740.0
Albania;Male;2018;1468376.0
Albania;Female;2018;1414359.0
Albania;Rural;2018;1164388.0
Albania;Urban;2018;1769975.0
Algeria;Total;2000;31042235.0
Algeria;Male;2000;15731099.0
Algeria;Female;2000;15311139.0
Algeria;Rural;2000;12498847.0
Algeria;Urban;2000;18684813.0
Algeria;Total;2001;31451514.0
Algeria;Male;2001;15935089.0
Algeria;Female;2001;15516424.0
Algeria;Rural;2001;12411940.0
Algeria;Urban;2001;19180213.0
Algeria;Total;2002;31855109.0
Algeria;Male;2002;16134005.0
Algeria;Female;2002;15721105.0
Algeria;Rural;2002;12317847.0
Algeria;Urban;2002;19677199.0
Algeria;Total;2003;32264157.0
Algeria;Male;2003;16333986.0
Algeria;Female;2003;15930173.0
Algeria;Rural;2003;12221443.0
Algeria;Urban;2003;20182071.0
Algeria;Total;2004;32692163.0
Algeria;Male;2004;16542652.999999998
Algeria;Female;2004;16149500.0
Algeria;Rural;2004;12127441.0
Algeria;Urban;2004;20703655.0
Algeria;Total;2005;33149724.000000004
Algeria;Male;2005;16766026.999999998
Algeria;Female;2005;16383693.0
Algeria;Rural;2005;12040491.0
Algeria;Urban;2005;21247946.0
Algeria;Total;2006;33641002.0
Algeria;Male;2006;17006259.0
Algeria;Female;2006;16634748.0
Algeria;Rural;2006;11959903.0
Algeria;Urban;2006;21818012.0
Algeria;Total;2007;34166972.0
Algeria;Male;2007;17263894.0
Algeria;Female;2007;16903082.0
Algeria;Rural;2007;11885693.0
Algeria;Urban;2007;22414383.0
Algeria;Total;2008;34730608.0
Algeria;Male;2008;17541178.0
Algeria;Female;2008;17189426.0
Algeria;Rural;2008;11818949.0
Algeria;Urban;2008;23041766.0
Algeria;Total;2009;35333881.0
Algeria;Male;2009;17840024.0
Algeria;Female;2009;17493858.0
Algeria;Rural;2009;11765339.0
Algeria;Urban;2009;23700421.0
Algeria;Total;2010;35977455.0
Algeria;Male;2010;18161360.0
Algeria;Female;2010;17816091.0
Algeria;Rural;2010;11723941.0
Algeria;Urban;2010;24393696.0
Algeria;Total;2011;36661445.0
Algeria;Male;2011;18505611.0
Algeria;Female;2011;18155827.0
Algeria;Rural;2011;11695477.0
Algeria;Urban;2011;25124081.0
Algeria;Total;2012;37383895.0
Algeria;Male;2012;18871563.0
Algeria;Female;2012;18512336.0
Algeria;Rural;2012;11677502.0
Algeria;Urban;2012;25888345.0
Algeria;Total;2013;38140133.0
Algeria;Male;2013;19256116.0
Algeria;Female;2013;18884019.0
Algeria;Rural;2013;11664030.0
Algeria;Urban;2013;26674532.0
Algeria;Total;2014;38923692.0
Algeria;Male;2014;19654929.0
Algeria;Female;2014;19268759.0
Algeria;Rural;2014;11647651.0
Algeria;Urban;2014;27465662.0
Algeria;Total;2015;39728025.0
Algeria;Male;2015;20063891.0
Algeria;Female;2015;19664129.0
Algeria;Rural;2015;11623281.0
Algeria;Urban;2015;28248247.0
Algeria;Total;2016;40551392.0
Algeria;Male;2016;20481901.0
Algeria;Female;2016;20069497.0
Algeria;Rural;2016;11589537.0
Algeria;Urban;2016;29016515.0
Algeria;Total;2017;41389189.0
Algeria;Male;2017;20906756.0
Algeria;Female;2017;20482418.0
Algeria;Rural;2017;11547532.0
Algeria;Urban;2017;29770610.0
Algeria;Total;2018;42228408.0
Algeria;Male;2018;21331993.0
Algeria;Female;2018;20896422.0
Algeria;Rural;2018;11498038.0
Algeria;Urban;2018;30510016.0
American Samoa;Total;2000;57821.0
American Samoa;Rural;2000;6565.0
American Samoa;Urban;2000;50956.0
American Samoa;Total;2001;58494.0
American Samoa;Rural;2001;6695.0
American Samoa;Urban;2001;51480.0
American Samoa;Total;2002;59080.0
American Samoa;Rural;2002;6816.0
American Samoa;Urban;2002;51915.0
American Samoa;Total;2003;59504.0
American Samoa;Rural;2003;6919.0
American Samoa;Urban;2003;52198.0
American Samoa;Total;2004;59681.0
American Samoa;Rural;2004;6994.0
American Samoa;Urban;2004;52270.0
American Samoa;Total;2005;59562.0
American Samoa;Rural;2005;7035.0
American Samoa;Urban;2005;52083.0
American Samoa;Total;2006;59107.0
American Samoa;Rural;2006;7038.0
American Samoa;Urban;2006;51612.0
American Samoa;Total;2007;58365.0
American Samoa;Rural;2007;7006.0
American Samoa;Urban;2007;50897.0
American Samoa;Total;2008;57492.0
American Samoa;Rural;2008;6958.0
American Samoa;Urban;2008;50072.0
American Samoa;Total;2009;56683.0
American Samoa;Rural;2009;6918.0
American Samoa;Urban;2009;49309.0
American Samoa;Total;2010;56079.0
American Samoa;Rural;2010;6902.0
American Samoa;Urban;2010;48735.0
American Samoa;Total;2011;55759.0
American Samoa;Rural;2011;6914.0
American Samoa;Urban;2011;48406.0
American Samoa;Total;2012;55667.0
American Samoa;Rural;2012;6948.0
American Samoa;Urban;2012;48282.0
American Samoa;Total;2013;55713.0
American Samoa;Rural;2013;6997.0
American Samoa;Urban;2013;48310.0
American Samoa;Total;2014;55791.0
American Samoa;Rural;2014;7047.0
American Samoa;Urban;2014;48390.0
American Samoa;Total;2015;55812.0
American Samoa;Rural;2015;7088.0
American Samoa;Urban;2015;48449.0
American Samoa;Total;2016;55741.0
American Samoa;Rural;2016;7118.0
American Samoa;Urban;2016;48481.0
American Samoa;Total;2017;55620.0
American Samoa;Rural;2017;7139.0
American Samoa;Urban;2017;48502.0
American Samoa;Total;2018;55465.0
American Samoa;Rural;2018;7153.0
American Samoa;Urban;2018;48526.0
Andorra;Total;2000;65390.0
Andorra;Rural;2000;4973.0
Andorra;Urban;2000;60417.0
Andorra;Total;2001;67341.0
Andorra;Rural;2001;5349.0
Andorra;Urban;2001;61992.0
Andorra;Total;2002;70049.0
Andorra;Rural;2002;5855.0
Andorra;Urban;2002;64194.0
Andorra;Total;2003;73182.0
Andorra;Rural;2003;6435.0
Andorra;Urban;2003;66747.0
Andorra;Total;2004;76244.0
Andorra;Rural;2004;7052.0
Andorra;Urban;2004;69192.0
Andorra;Total;2005;78867.0
Andorra;Rural;2005;7662.0
Andorra;Urban;2005;71205.0
Andorra;Total;2006;80993.0
Andorra;Rural;2006;8256.0
Andorra;Urban;2006;72735.0
Andorra;Total;2007;82684.0
Andorra;Rural;2007;8840.0
Andorra;Urban;2007;73843.0
Andorra;Total;2008;83862.0
Andorra;Rural;2008;9221.0
Andorra;Urban;2008;74640.0
Andorra;Total;2009;84463.0
Andorra;Rural;2009;9365.0
Andorra;Urban;2009;75097.0
Andorra;Total;2010;84449.0
Andorra;Rural;2010;9442.0
Andorra;Urban;2010;75007.0
Andorra;Total;2011;83747.0
Andorra;Rural;2011;9442.0
Andorra;Urban;2011;74309.0
Andorra;Total;2012;82427.0
Andorra;Rural;2012;9371.0
Andorra;Urban;2012;73060.0
Andorra;Total;2013;80774.0
Andorra;Rural;2013;9261.0
Andorra;Urban;2013;71527.0
Andorra;Total;2014;79213.0
Andorra;Rural;2014;9157.0
Andorra;Urban;2014;70066.0
Andorra;Total;2015;78011.0
Andorra;Rural;2015;9093.0
Andorra;Urban;2015;68921.0
Andorra;Total;2016;77297.0
Andorra;Rural;2016;9082.0
Andorra;Urban;2016;68199.0
Andorra;Total;2017;77001.0
Andorra;Rural;2017;9120.0
Andorra;Urban;2017;67845.0
Andorra;Total;2018;77006.0
Andorra;Rural;2018;9187.0
Andorra;Urban;2018;67766.0
Angola;Total;2000;16395473.000000002
Angola;Male;2000;8155019.0
Angola;Female;2000;8240458.000000001
Angola;Rural;2000;8206100.0
Angola;Urban;2000;8234824.000000001
Angola;Total;2001;16945753.0
Angola;Male;2001;8423958.0
Angola;Female;2001;8521795.0
Angola;Rural;2001;8275248.0
Angola;Urban;2001;8708018.0
Angola;Total;2002;17519417.0
Angola;Male;2002;8704663.0
Angola;Female;2002;8814755.0
Angola;Rural;2002;8353851.000000001
Angola;Urban;2002;9218798.0
Angola;Total;2003;18121479.0
Angola;Male;2003;8999242.0
Angola;Female;2003;9122235.0
Angola;Rural;2003;8438128.0
Angola;Urban;2003;9765241.0
Angola;Total;2004;18758145.0
Angola;Male;2004;9310252.0
Angola;Female;2004;9447886.0
Angola;Rural;2004;8522221.0
Angola;Urban;2004;10343495.0
Angola;Total;2005;19433602.0
Angola;Male;2005;9639470.0
Angola;Female;2005;9794134.0
Angola;Rural;2005;8603118.0
Angola;Urban;2005;10949424.0
Angola;Total;2006;20149901.0
Angola;Male;2006;9987680.0
Angola;Female;2006;10162225.0
Angola;Rural;2006;8760700.0
Angola;Urban;2006;11501699.0
Angola;Total;2007;20905363.0
Angola;Male;2007;10354340.0
Angola;Female;2007;10551020.0
Angola;Rural;2007;8918911.0
Angola;Urban;2007;12078776.0
Angola;Total;2008;21695634.0
Angola;Male;2008;10738130.0
Angola;Female;2008;10957506.0
Angola;Rural;2008;9077515.0
Angola;Urban;2008;12681905.0
Angola;Total;2009;22514281.0
Angola;Male;2009;11137010.0
Angola;Female;2009;11377265.0
Angola;Rural;2009;9237545.0
Angola;Urban;2009;13312002.0
Angola;Total;2010;23356246.0
Angola;Male;2010;11549277.0
Angola;Female;2010;11806970.0
Angola;Rural;2010;9398277.0
Angola;Urban;2010;13970854.0
Angola;Total;2011;24220661.0
Angola;Male;2011;11974824.0
Angola;Female;2011;12245836.0
Angola;Rural;2011;9559614.0
Angola;Urban;2011;14658951.0
Angola;Total;2012;25107931.0
Angola;Male;2012;12413552.0
Angola;Female;2012;12694373.0
Angola;Rural;2012;9720169.0
Angola;Urban;2012;15375981.0
Angola;Total;2013;26015781.0
Angola;Male;2013;12863801.0
Angola;Female;2013;13151985.0
Angola;Rural;2013;9878943.0
Angola;Urban;2013;16119397.0
Angola;Total;2014;26941779.0
Angola;Male;2014;13323488.0
Angola;Female;2014;13618285.0
Angola;Rural;2014;10033109.0
Angola;Urban;2014;16887357.0
Angola;Total;2015;27884381.0
Angola;Male;2015;13791244.0
Angola;Female;2015;14093136.0
Angola;Rural;2015;10183560.0
Angola;Urban;2015;17675745.0
Angola;Total;2016;28842489.0
Angola;Male;2016;14266355.0
Angola;Female;2016;14576127.0
Angola;Rural;2016;10329860.0
Angola;Urban;2016;18483603.0
Angola;Total;2017;29816766.0
Angola;Male;2017;14749319.0
Angola;Female;2017;15067450.0
Angola;Rural;2017;10472554.0
Angola;Urban;2017;19311639.0
Angola;Total;2018;30809787.0
Angola;Male;2018;15241459.0
Angola;Female;2018;15568328.0
Angola;Rural;2018;10612667.0
Angola;Urban;2018;20161538.0
Anguilla;Total;2000;11252.0
Anguilla;Rural;2000;0.0
Anguilla;Urban;2000;11070.0
Anguilla;Total;2001;11515.0
Anguilla;Rural;2001;0.0
Anguilla;Urban;2001;11372.0
Anguilla;Total;2002;11761.0
Anguilla;Rural;2002;0.0
Anguilla;Urban;2002;11692.0
Anguilla;Total;2003;12001.0
Anguilla;Rural;2003;0.0
Anguilla;Urban;2003;12021.0
Anguilla;Total;2004;12233.0
Anguilla;Rural;2004;0.0
Anguilla;Urban;2004;12339.0
Anguilla;Total;2005;12453.0
Anguilla;Rural;2005;0.0
Anguilla;Urban;2005;12638.0
Anguilla;Total;2006;12661.0
Anguilla;Rural;2006;0.0
Anguilla;Urban;2006;12903.0
Anguilla;Total;2007;12868.0
Anguilla;Rural;2007;0.0
Anguilla;Urban;2007;13150.0
Anguilla;Total;2008;13063.0
Anguilla;Rural;2008;0.0
Anguilla;Urban;2008;13360.0
Anguilla;Total;2009;13258.0
Anguilla;Rural;2009;0.0
Anguilla;Urban;2009;13565.0
Anguilla;Total;2010;13438.0
Anguilla;Rural;2010;0.0
Anguilla;Urban;2010;13769.0
Anguilla;Total;2011;13620.0
Anguilla;Rural;2011;0.0
Anguilla;Urban;2011;13951.0
Anguilla;Total;2012;13795.0
Anguilla;Rural;2012;0.0
Anguilla;Urban;2012;14129.0
Anguilla;Total;2013;13954.0
Anguilla;Rural;2013;0.0
Anguilla;Urban;2013;14299.0
Anguilla;Total;2014;14112.0
Anguilla;Rural;2014;0.0
Anguilla;Urban;2014;14459.0
Anguilla;Total;2015;14279.0
Anguilla;Rural;2015;0.0
Anguilla;Urban;2015;14611.0
Anguilla;Total;2016;14429.0
Anguilla;Rural;2016;0.0
Anguilla;Urban;2016;14764.0
Anguilla;Total;2017;14584.0
Anguilla;Rural;2017;0.0
Anguilla;Urban;2017;14909.0
Anguilla;Total;2018;14731.0
Anguilla;Rural;2018;0.0
Anguilla;Urban;2018;15045.0
Antigua and Barbuda;Total;2000;76016.0
Antigua and Barbuda;Male;2000;35710.0
Antigua and Barbuda;Female;2000;40297.0
Antigua and Barbuda;Rural;2000;56731.0
Antigua and Barbuda;Urban;2000;26853.0
Antigua and Barbuda;Total;2001;77212.0
Antigua and Barbuda;Male;2001;36288.0
Antigua and Barbuda;Female;2001;40924.0
Antigua and Barbuda;Rural;2001;58060.0
Antigua and Barbuda;Urban;2001;26997.0
Antigua and Barbuda;Total;2002;78295.0
Antigua and Barbuda;Male;2002;36854.0
Antigua and Barbuda;Female;2002;41444.0
Antigua and Barbuda;Rural;2002;59439.0
Antigua and Barbuda;Urban;2002;26827.0
Antigua and Barbuda;Total;2003;79300.0
Antigua and Barbuda;Male;2003;37425.0
Antigua and Barbuda;Female;2003;41886.0
Antigua and Barbuda;Rural;2003;60700.0
Antigua and Barbuda;Urban;2003;26593.0
Antigua and Barbuda;Total;2004;80336.0
Antigua and Barbuda;Male;2004;38009.0
Antigua and Barbuda;Female;2004;42338.0
Antigua and Barbuda;Rural;2004;61924.0
Antigua and Barbuda;Urban;2004;26333.0
Antigua and Barbuda;Total;2005;81465.0
Antigua and Barbuda;Male;2005;38630.0
Antigua and Barbuda;Female;2005;42832.0
Antigua and Barbuda;Rural;2005;63175.0
Antigua and Barbuda;Urban;2005;26078.0
Antigua and Barbuda;Total;2006;82704.0
Antigua and Barbuda;Male;2006;39314.0
Antigua and Barbuda;Female;2006;43401.0
Antigua and Barbuda;Rural;2006;64468.99999999999
Antigua and Barbuda;Urban;2006;25832.0
Antigua and Barbuda;Total;2007;84026.0
Antigua and Barbuda;Male;2007;40017.0
Antigua and Barbuda;Female;2007;44012.0
Antigua and Barbuda;Rural;2007;65792.0
Antigua and Barbuda;Urban;2007;25589.0
Antigua and Barbuda;Total;2008;85397.0
Antigua and Barbuda;Male;2008;40731.0
Antigua and Barbuda;Female;2008;44663.0
Antigua and Barbuda;Rural;2008;67134.0
Antigua and Barbuda;Urban;2008;25344.0
Antigua and Barbuda;Total;2009;86746.0
Antigua and Barbuda;Male;2009;41444.0
Antigua and Barbuda;Female;2009;45299.0
Antigua and Barbuda;Rural;2009;68485.0
Antigua and Barbuda;Urban;2009;25096.0
Antigua and Barbuda;Total;2010;88028.0
Antigua and Barbuda;Male;2010;42118.0
Antigua and Barbuda;Female;2010;45912.0
Antigua and Barbuda;Rural;2010;69824.0
Antigua and Barbuda;Urban;2010;24837.0
Antigua and Barbuda;Total;2011;89253.0
Antigua and Barbuda;Male;2011;42763.0
Antigua and Barbuda;Female;2011;46487.0
Antigua and Barbuda;Rural;2011;71116.0
Antigua and Barbuda;Urban;2011;24603.0
Antigua and Barbuda;Total;2012;90409.0
Antigua and Barbuda;Male;2012;43373.0
Antigua and Barbuda;Female;2012;47034.0
Antigua and Barbuda;Rural;2012;72074.0
Antigua and Barbuda;Urban;2012;24703.0
Antigua and Barbuda;Total;2013;91516.0
Antigua and Barbuda;Male;2013;43951.0
Antigua and Barbuda;Female;2013;47559.0
Antigua and Barbuda;Rural;2013;73026.0
Antigua and Barbuda;Urban;2013;24798.0
Antigua and Barbuda;Total;2014;92562.0
Antigua and Barbuda;Male;2014;44502.0
Antigua and Barbuda;Female;2014;48060.0
Antigua and Barbuda;Rural;2014;73984.0
Antigua and Barbuda;Urban;2014;24891.0
Antigua and Barbuda;Total;2015;93566.0
Antigua and Barbuda;Male;2015;45028.0
Antigua and Barbuda;Female;2015;48543.0
Antigua and Barbuda;Rural;2015;74942.0
Antigua and Barbuda;Urban;2015;24981.0
Antigua and Barbuda;Total;2016;94527.0
Antigua and Barbuda;Male;2016;45518.0
Antigua and Barbuda;Female;2016;49002.0
Antigua and Barbuda;Rural;2016;75878.0
Antigua and Barbuda;Urban;2016;25085.0
Antigua and Barbuda;Total;2017;95426.0
Antigua and Barbuda;Male;2017;45986.0
Antigua and Barbuda;Female;2017;49439.0
Antigua and Barbuda;Rural;2017;76802.0
Antigua and Barbuda;Urban;2017;25210.0
Antigua and Barbuda;Total;2018;96286.0
Antigua and Barbuda;Male;2018;46419.0
Antigua and Barbuda;Female;2018;49863.0
Antigua and Barbuda;Rural;2018;77700.0
Antigua and Barbuda;Urban;2018;25350.0
Argentina;Total;2000;36870787.0
Argentina;Male;2000;17894725.0
Argentina;Female;2000;18976071.0
Argentina;Rural;2000;4023693.0
Argentina;Urban;2000;33033759.0
Argentina;Total;2001;37275652.0
Argentina;Male;2001;18090636.0
Argentina;Female;2001;19185008.0
Argentina;Rural;2001;3998739.0
Argentina;Urban;2001;33472769.999999996
Argentina;Total;2002;37681749.0
Argentina;Male;2002;18290786.0
Argentina;Female;2002;19390957.0
Argentina;Rural;2002;3974741.0
Argentina;Urban;2002;33914629.0
Argentina;Total;2003;38087868.0
Argentina;Male;2003;18493545.0
Argentina;Female;2003;19594321.0
Argentina;Rural;2003;3951197.0
Argentina;Urban;2003;34358182.0
Argentina;Total;2004;38491972.0
Argentina;Male;2004;18696321.0
Argentina;Female;2004;19795649.0
Argentina;Rural;2004;3927028.0
Argentina;Urban;2004;34801668.0
Argentina;Total;2005;38892931.0
Argentina;Male;2005;18897365.0
Argentina;Female;2005;19995559.0
Argentina;Rural;2005;3902354.0
Argentina;Urban;2005;35243134.0
Argentina;Total;2006;39289878.0
Argentina;Male;2006;19095976.0
Argentina;Female;2006;20193900.0
Argentina;Rural;2006;3876846.0
Argentina;Urban;2006;35682044.0
Argentina;Total;2007;39684295.0
Argentina;Male;2007;19293169.0
Argentina;Female;2007;20391134.0
Argentina;Rural;2007;3850764.0
Argentina;Urban;2007;36119460.0
Argentina;Total;2008;40080160.0
Argentina;Male;2008;19490949.0
Argentina;Female;2008;20589210.0
Argentina;Rural;2008;3824321.0
Argentina;Urban;2008;36558068.0
Argentina;Total;2009;40482788.0
Argentina;Male;2009;19692182.0
Argentina;Female;2009;20790604.0
Argentina;Rural;2009;3798178.0
Argentina;Urban;2009;37001229.0
Argentina;Total;2010;40895752.0
Argentina;Male;2010;19898751.0
Argentina;Female;2010;20997000.0
Argentina;Rural;2010;3772300.0
Argentina;Urban;2010;37451589.0
Argentina;Total;2011;41320500.0
Argentina;Male;2011;20111326.0
Argentina;Female;2011;21209171.0
Argentina;Rural;2011;3753490.0
Argentina;Urban;2011;37903389.0
Argentina;Total;2012;41755196.0
Argentina;Male;2012;20328844.0
Argentina;Female;2012;21426344.0
Argentina;Rural;2012;3737979.0
Argentina;Urban;2012;38358760.0
Argentina;Total;2013;42196030.0
Argentina;Male;2013;20549388.0
Argentina;Female;2013;21646646.0
Argentina;Rural;2013;3722489.0
Argentina;Urban;2013;38817436.0
Argentina;Total;2014;42637511.0
Argentina;Male;2014;20770186.0
Argentina;Female;2014;21867322.0
Argentina;Rural;2014;3706372.0
Argentina;Urban;2014;39275143.0
Argentina;Total;2015;43075416.0
Argentina;Male;2015;20989150.0
Argentina;Female;2015;22086266.0
Argentina;Rural;2015;3689407.0
Argentina;Urban;2015;39728358.0
Argentina;Total;2016;43508460.0
Argentina;Male;2016;21205599.0
Argentina;Female;2016;22302860.0
Argentina;Rural;2016;3671449.0
Argentina;Urban;2016;40175981.0
Argentina;Total;2017;43937140.0
Argentina;Male;2017;21419801.0
Argentina;Female;2017;22517342.0
Argentina;Rural;2017;3652804.0
Argentina;Urban;2017;40618237.0
Argentina;Total;2018;44361150.0
Argentina;Male;2018;21631673.0
Argentina;Female;2018;22729477.0
Argentina;Rural;2018;3632997.0
Argentina;Urban;2018;41055867.0
Armenia;Total;2000;3069591.0
Armenia;Male;2000;1440920.0
Armenia;Female;2000;1628677.0
Armenia;Rural;2000;1084598.0
Armenia;Urban;2000;1984990.0
Armenia;Total;2001;3050687.0
Armenia;Male;2001;1431993.0
Armenia;Female;2001;1618693.0
Armenia;Rural;2001;1086476.0
Armenia;Urban;2001;1964179.0
Armenia;Total;2002;3033978.0
Armenia;Male;2002;1424853.0
Armenia;Female;2002;1609123.0
Armenia;Rural;2002;1085046.0
Armenia;Urban;2002;1948851.0
Armenia;Total;2003;3017932.0
Armenia;Male;2003;1418321.0
Armenia;Female;2003;1599617.0
Armenia;Rural;2003;1082281.0
Armenia;Urban;2003;1935525.0
Armenia;Total;2004;3000720.0
Armenia;Male;2004;1410957.0
Armenia;Female;2004;1589758.0
Armenia;Rural;2004;1079095.0
Armenia;Urban;2004;1921517.0
Armenia;Total;2005;2981269.0
Armenia;Male;2005;1401870.0
Armenia;Female;2005;1579392.0
Armenia;Rural;2005;1075092.0
Armenia;Urban;2005;1906167.0
Armenia;Total;2006;2958307.0
Armenia;Male;2006;1390216.0
Armenia;Female;2006;1568085.0
Armenia;Rural;2006;1069827.0
Armenia;Urban;2006;1888673.0
Armenia;Total;2007;2932618.0
Armenia;Male;2007;1376497.0
Armenia;Female;2007;1556118.0
Armenia;Rural;2007;1063546.0
Armenia;Urban;2007;1869510.0
Armenia;Total;2008;2907618.0
Armenia;Male;2008;1362799.0
Armenia;Female;2008;1544816.0
Armenia;Rural;2008;1057443.0
Armenia;Urban;2008;1850777.0
Armenia;Total;2009;2888092.0
Armenia;Male;2009;1352073.0
Armenia;Female;2009;1536021.0
Armenia;Rural;2009;1053182.0
Armenia;Urban;2009;1835402.0
Armenia;Total;2010;2877319.0
Armenia;Male;2010;1346351.0
Armenia;Female;2010;1530963.0
Armenia;Rural;2010;1051946.0
Armenia;Urban;2010;1825365.0
Armenia;Total;2011;2876538.0
Armenia;Male;2011;1346388.0
Armenia;Female;2011;1530148.0
Armenia;Rural;2011;1054190.0
Armenia;Urban;2011;1821391.0
Armenia;Total;2012;2884234.0
Armenia;Male;2012;1351255.0
Armenia;Female;2012;1532984.0
Armenia;Rural;2012;1059405.0
Armenia;Urban;2012;1822517.0
Armenia;Total;2013;2897588.0
Armenia;Male;2013;1359259.0
Armenia;Female;2013;1538334.0
Armenia;Rural;2013;1065858.0
Armenia;Urban;2013;1827651.0
Armenia;Total;2014;2912409.0
Armenia;Male;2014;1367900.0
Armenia;Female;2014;1544503.0
Armenia;Rural;2014;1072043.0
Armenia;Urban;2014;1834177.0
Armenia;Total;2015;2925553.0
Armenia;Male;2015;1375333.0
Armenia;Female;2015;1550226.0
Armenia;Rural;2015;1076799.0
Armenia;Urban;2015;1840151.0
Armenia;Total;2016;2936143.0
Armenia;Male;2016;1381014.0
Armenia;Female;2016;1555133.0
Armenia;Rural;2016;1079792.0
Armenia;Urban;2016;1845024.0
Armenia;Total;2017;2944791.0
Armenia;Male;2017;1385362.0
Armenia;Female;2017;1559427.0
Armenia;Rural;2017;1081248.0
Armenia;Urban;2017;1849202.0
Armenia;Total;2018;2951745.0
Armenia;Male;2018;1388600.0
Armenia;Female;2018;1563141.0
Armenia;Rural;2018;1081275.0
Armenia;Urban;2018;1852877.0
Aruba;Total;2000;90853.0
Aruba;Male;2000;43847.0
Aruba;Female;2000;47019.0
Aruba;Rural;2000;48409.0
Aruba;Urban;2000;42444.0
Aruba;Total;2001;92898.0
Aruba;Male;2001;44643.0
Aruba;Female;2001;48249.0
Aruba;Rural;2001;49850.0
Aruba;Urban;2001;43048.0
Aruba;Total;2002;94992.0
Aruba;Male;2002;45486.0
Aruba;Female;2002;49506.0
Aruba;Rural;2002;51322.0
Aruba;Urban;2002;43670.0
Aruba;Total;2003;97017.0
Aruba;Male;2003;46310.0
Aruba;Female;2003;50706.0
Aruba;Rural;2003;52771.0
Aruba;Urban;2003;44246.0
Aruba;Total;2004;98737.0
Aruba;Male;2004;47028.0
Aruba;Female;2004;51716.0
Aruba;Rural;2004;54068.0
Aruba;Urban;2004;44669.0
Aruba;Total;2005;100031.0
Aruba;Male;2005;47574.0
Aruba;Female;2005;52454.0
Aruba;Rural;2005;55142.0
Aruba;Urban;2005;44889.0
Aruba;Total;2006;100834.0
Aruba;Male;2006;47935.0
Aruba;Female;2006;52895.0
Aruba;Rural;2006;55951.0
Aruba;Urban;2006;44881.0
Aruba;Total;2007;101222.0
Aruba;Male;2007;48140.0
Aruba;Female;2007;53086.0
Aruba;Rural;2007;56535.0
Aruba;Urban;2007;44685.0
Aruba;Total;2008;101358.0
Aruba;Male;2008;48253.0
Aruba;Female;2008;53109.0
Aruba;Rural;2008;56978.0
Aruba;Urban;2008;44375.0
Aruba;Total;2009;101455.0
Aruba;Male;2009;48340.0
Aruba;Female;2009;53112.0
Aruba;Rural;2009;57401.0
Aruba;Urban;2009;44052.0
Aruba;Total;2010;101669.0
Aruba;Male;2010;48465.0
Aruba;Female;2010;53200.0
Aruba;Rural;2010;57891.0
Aruba;Urban;2010;43778.0
Aruba;Total;2011;102046.0
Aruba;Male;2011;48648.0
Aruba;Female;2011;53402.0
Aruba;Rural;2011;58231.0
Aruba;Urban;2011;43822.0
Aruba;Total;2012;102560.0
Aruba;Male;2012;48870.0
Aruba;Female;2012;53695.0
Aruba;Rural;2012;58513.0
Aruba;Urban;2012;44064.0
Aruba;Total;2013;103159.0
Aruba;Male;2013;49115.0
Aruba;Female;2013;54050.0
Aruba;Rural;2013;58826.0
Aruba;Urban;2013;44361.0
Aruba;Total;2014;103774.0
Aruba;Male;2014;49368.0
Aruba;Female;2014;54408.0
Aruba;Rural;2014;59121.0
Aruba;Urban;2014;44674.0
Aruba;Total;2015;104341.0
Aruba;Male;2015;49597.0
Aruba;Female;2015;54742.0
Aruba;Rural;2015;59362.0
Aruba;Urban;2015;44979.0
Aruba;Total;2016;104872.0
Aruba;Male;2016;49821.0
Aruba;Female;2016;55044.0
Aruba;Rural;2016;59547.0
Aruba;Urban;2016;45275.0
Aruba;Total;2017;105366.0
Aruba;Male;2017;50033.0
Aruba;Female;2017;55328.0
Aruba;Rural;2017;59692.0
Aruba;Urban;2017;45572.0
Aruba;Total;2018;105845.0
Aruba;Male;2018;50244.0
Aruba;Female;2018;55602.0
Aruba;Rural;2018;59798.0
Aruba;Urban;2018;45872.0
Australia;Total;2000;18991431.0
Australia;Male;2000;9473544.0
Australia;Female;2000;9517890.0
Australia;Rural;2000;3005744.0
Australia;Urban;2000;16060093.0
Australia;Total;2001;19194672.0
Australia;Male;2001;9577028.0
Australia;Female;2001;9617648.0
Australia;Rural;2001;3063632.0
Australia;Urban;2001;16204901.0
Australia;Total;2002;19401368.0
Australia;Male;2002;9680332.0
Australia;Female;2002;9721034.0
Australia;Rural;2002;3072827.0
Australia;Urban;2002;16402364.000000002
Australia;Total;2003;19624166.0
Australia;Male;2003;9790900.0
Australia;Female;2003;9833263.0
Australia;Rural;2003;3084036.0
Australia;Urban;2003;16612936.000000002
Australia;Total;2004;19879649.0
Australia;Male;2004;9918667.0
Australia;Female;2004;9960987.0
Australia;Rural;2004;3099437.0
Australia;Urban;2004;16848992.0
Australia;Total;2005;20178540.0
Australia;Male;2005;10070069.0
Australia;Female;2005;10108474.0
Australia;Rural;2005;3120469.0
Australia;Urban;2005;17118434.0
Australia;Total;2006;20526303.0
Australia;Male;2006;10248441.0
Australia;Female;2006;10277859.0
Australia;Rural;2006;3147693.0
Australia;Urban;2006;17425913.0
Australia;Total;2007;20916344.0
Australia;Male;2007;10449782.0
Australia;Female;2007;10466557.0
Australia;Rural;2007;3179302.0
Australia;Urban;2007;17767362.0
Australia;Total;2008;21332282.0
Australia;Male;2008;10664165.0
Australia;Female;2008;10668128.0
Australia;Rural;2008;3213567.0
Australia;Urban;2008;18128926.0
Australia;Total;2009;21750851.0
Australia;Male;2009;10877473.0
Australia;Female;2009;10873379.0
Australia;Rural;2009;3247226.0
Australia;Urban;2009;18491814.0
Australia;Total;2010;22154679.0
Australia;Male;2010;11079372.0
Australia;Female;2010;11075315.0
Australia;Rural;2010;3277772.0
Australia;Urban;2010;18842292.0
Australia;Total;2011;22538001.0
Australia;Male;2011;11266234.0
Australia;Female;2011;11271768.0
Australia;Rural;2011;3304468.0
Australia;Urban;2011;19175331.0
Australia;Total;2012;22903948.0
Australia;Male;2012;11440451.0
Australia;Female;2012;11463500.0
Australia;Rural;2012;3331639.0
Australia;Urban;2012;19490210.0
Australia;Total;2013;23254913.0
Australia;Male;2013;11605027.0
Australia;Female;2013;11649885.0
Australia;Rural;2013;3356405.0
Australia;Urban;2013;19794324.0
Australia;Total;2014;23596424.0
Australia;Male;2014;11765369.0
Australia;Female;2014;11831057.0
Australia;Rural;2014;3379903.0
Australia;Urban;2014;20094765.0
Australia;Total;2015;23932502.0
Australia;Male;2015;11925355.0
Australia;Female;2015;12007144.0
Australia;Rural;2015;3403025.0
Australia;Urban;2015;20396531.0
Australia;Total;2016;24262712.0
Australia;Male;2016;12085384.0
Australia;Female;2016;12177326.0
Australia;Rural;2016;3425805.0
Australia;Urban;2016;20700043.0
Australia;Total;2017;24584620.0
Australia;Male;2017;12243642.0
Australia;Female;2017;12340977.0
Australia;Rural;2017;3446638.0
Australia;Urban;2017;21003923.0
Australia;Total;2018;24898152.0
Australia;Male;2018;12399374.0
Australia;Female;2018;12498779.0
Australia;Rural;2018;3465207.0
Australia;Urban;2018;21307040.0
Austria;Total;2000;8069276.0
Austria;Male;2000;3916404.0
Austria;Female;2000;4152872.0000000005
Austria;Rural;2000;3210563.0
Austria;Urban;2000;4858713.0
Austria;Total;2001;8097748.0
Austria;Male;2001;3932288.0
Austria;Female;2001;4165466.9999999995
Austria;Rural;2001;3244424.0
Austria;Urban;2001;4853324.0
Austria;Total;2002;8134412.0
Austria;Male;2002;3951400.0
Austria;Female;2002;4183002.9999999995
Austria;Rural;2002;3281833.0
Austria;Urban;2002;4852579.0
Austria;Total;2003;8175852.0
Austria;Male;2003;3972392.0
Austria;Female;2003;4203463.0
Austria;Rural;2003;3321438.0
Austria;Urban;2003;4854414.0
Austria;Total;2004;8216805.0
Austria;Male;2004;3993099.0
Austria;Female;2004;4223711.0
Austria;Rural;2004;3361157.0
Austria;Urban;2004;4855648.0
Austria;Total;2005;8253650.0
Austria;Male;2005;4012059.0
Austria;Female;2005;4241597.0
Austria;Rural;2005;3399400.0
Austria;Urban;2005;4854250.0
Austria;Total;2006;8285343.000000001
Austria;Male;2006;4028900.0
Austria;Female;2006;4256445.0
Austria;Rural;2006;3435541.0
Austria;Urban;2006;4849194.0
Austria;Total;2007;8313736.999999999
Austria;Male;2007;4044501.0
Austria;Female;2007;4269230.0
Austria;Rural;2007;3470218.0
Austria;Urban;2007;4841565.0
Austria;Total;2008;8341531.999999999
Austria;Male;2008;4060179.0
Austria;Female;2008;4281346.0
Austria;Rural;2008;3504967.0
Austria;Urban;2008;4833486.0
Austria;Total;2009;8372663.0
Austria;Male;2009;4077779.0
Austria;Female;2009;4294879.0
Austria;Rural;2009;3541925.0
Austria;Urban;2009;4828113.0
Austria;Total;2010;8409949.0
Austria;Male;2010;4098642.0
Austria;Female;2010;4311303.0
Austria;Rural;2010;3582684.0
Austria;Urban;2010;4827265.0
Austria;Total;2011;8453501.0
Austria;Male;2011;4122777.0
Austria;Female;2011;4330724.0
Austria;Rural;2011;3628001.0
Austria;Urban;2011;4831863.0
Austria;Total;2012;8502227.0
Austria;Male;2012;4149693.0
Austria;Female;2012;4352537.0
Austria;Rural;2012;3650043.0
Austria;Urban;2012;4867505.0
Austria;Total;2013;8556189.0
Austria;Male;2013;4179600.9999999995
Austria;Female;2013;4376590.0
Austria;Rural;2013;3659591.0
Austria;Urban;2013;4918191.0
Austria;Total;2014;8615214.0
Austria;Male;2014;4212650.0
Austria;Female;2014;4402555.0
Austria;Rural;2014;3666869.0
Austria;Urban;2014;4966351.0
Austria;Total;2015;8678660.0
Austria;Male;2015;4248656.0
Austria;Female;2015;4430011.0
Austria;Rural;2015;3669727.0
Austria;Urban;2015;5008930.0
Austria;Total;2016;8747301.0
Austria;Male;2016;4288096.0
Austria;Female;2016;4459210.0
Austria;Rural;2016;3667377.0
Austria;Urban;2016;5044760.0
Austria;Total;2017;8819901.0
Austria;Male;2017;4330192.0
Austria;Female;2017;4489710.0
Austria;Rural;2017;3660707.0
Austria;Urban;2017;5074746.0
Austria;Total;2018;8891388.0
Austria;Male;2018;4371944.0
Austria;Female;2018;4519439.0
Austria;Rural;2018;3649748.0
Austria;Urban;2018;5102072.0
Azerbaijan;Total;2000;8122741.0
Azerbaijan;Male;2000;3971455.0
Azerbaijan;Female;2000;4151287.9999999995
Azerbaijan;Rural;2000;3948767.0
Azerbaijan;Urban;2000;4173974.0
Azerbaijan;Total;2001;8197298.000000001
Azerbaijan;Male;2001;4012634.0
Azerbaijan;Female;2001;4184661.0
Azerbaijan;Rural;2001;3968573.0
Azerbaijan;Urban;2001;4228706.0
Azerbaijan;Total;2002;8277061.0
Azerbaijan;Male;2002;4057835.0
Azerbaijan;Female;2002;4219230.0
Azerbaijan;Rural;2002;3990569.0
Azerbaijan;Urban;2002;4286446.0
Azerbaijan;Total;2003;8361433.000000001
Azerbaijan;Male;2003;4106197.0
Azerbaijan;Female;2003;4255236.0
Azerbaijan;Rural;2003;4014461.0
Azerbaijan;Urban;2003;4346898.0
Azerbaijan;Total;2004;8448946.0
Azerbaijan;Male;2004;4156206.0
Azerbaijan;Female;2004;4292732.0
Azerbaijan;Rural;2004;4039517.0
Azerbaijan;Urban;2004;4409365.0
Azerbaijan;Total;2005;8538605.0
Azerbaijan;Male;2005;4206809.0
Azerbaijan;Female;2005;4331801.0
Azerbaijan;Rural;2005;4065323.0
Azerbaijan;Urban;2005;4473283.0
Azerbaijan;Total;2006;8630146.0
Azerbaijan;Male;2006;4257661.0
Azerbaijan;Female;2006;4372492.0
Azerbaijan;Rural;2006;4091637.0
Azerbaijan;Urban;2006;4538558.0
Azerbaijan;Total;2007;8724243.0
Azerbaijan;Male;2007;4309215.0
Azerbaijan;Female;2007;4415022.0
Azerbaijan;Rural;2007;4118779.9999999995
Azerbaijan;Urban;2007;4605524.0
Azerbaijan;Total;2008;8821873.0
Azerbaijan;Male;2008;4362093.0
Azerbaijan;Female;2008;4459776.0
Azerbaijan;Rural;2008;4147173.0
Azerbaijan;Urban;2008;4674735.0
Azerbaijan;Total;2009;8924388.0
Azerbaijan;Male;2009;4417211.0
Azerbaijan;Female;2009;4507172.0
Azerbaijan;Rural;2009;4177524.0000000005
Azerbaijan;Urban;2009;4746883.0
Azerbaijan;Total;2010;9032461.0
Azerbaijan;Male;2010;4475090.0
Azerbaijan;Female;2010;4557375.0
Azerbaijan;Rural;2010;4208623.0
Azerbaijan;Urban;2010;4823834.0
Azerbaijan;Total;2011;9146275.0
Azerbaijan;Male;2011;4535779.0
Azerbaijan;Female;2011;4610498.0
Azerbaijan;Rural;2011;4240564.0
Azerbaijan;Urban;2011;4905815.0
Azerbaijan;Total;2012;9264692.0
Azerbaijan;Male;2012;4598630.0
Azerbaijan;Female;2012;4666054.0
Azerbaijan;Rural;2012;4272681.0
Azerbaijan;Urban;2012;4992236.0
Azerbaijan;Total;2013;9385468.0
Azerbaijan;Male;2013;4662607.0
Azerbaijan;Female;2013;4722860.0
Azerbaijan;Rural;2013;4303619.0
Azerbaijan;Urban;2013;5081674.0
Azerbaijan;Total;2014;9505622.0
Azerbaijan;Male;2014;4726285.0
Azerbaijan;Female;2014;4779331.0
Azerbaijan;Rural;2014;4331615.0
Azerbaijan;Urban;2014;5172156.0
Azerbaijan;Total;2015;9622745.0
Azerbaijan;Male;2015;4788513.0
Azerbaijan;Female;2015;4834228.0
Azerbaijan;Rural;2015;4355344.0
Azerbaijan;Urban;2015;5262140.0
Azerbaijan;Total;2016;9736043.0
Azerbaijan;Male;2016;4848931.0
Azerbaijan;Female;2016;4887110.0
Azerbaijan;Rural;2016;4374332.0
Azerbaijan;Urban;2016;5351044.0
Azerbaijan;Total;2017;9845320.0
Azerbaijan;Male;2017;4907390.0
Azerbaijan;Female;2017;4937926.0
Azerbaijan;Rural;2017;4388663.0
Azerbaijan;Urban;2017;5438926.0
Azerbaijan;Total;2018;9949537.0
Azerbaijan;Male;2018;4963252.0
Azerbaijan;Female;2018;4986285.0
Azerbaijan;Rural;2018;4398268.0
Azerbaijan;Urban;2018;5525646.0
Bahamas;Total;2000;298051.0
Bahamas;Male;2000;145175.0
Bahamas;Female;2000;152870.0
Bahamas;Rural;2000;53599.0
Bahamas;Urban;2000;244291.0
Bahamas;Total;2001;302618.0
Bahamas;Male;2001;147188.0
Bahamas;Female;2001;155430.0
Bahamas;Rural;2001;54415.0
Bahamas;Urban;2001;248720.0
Bahamas;Total;2002;307660.0
Bahamas;Male;2002;149533.0
Bahamas;Female;2002;158124.0
Bahamas;Rural;2002;55365.0
Bahamas;Urban;2002;253792.0
Bahamas;Total;2003;313129.0
Bahamas;Male;2003;152147.0
Bahamas;Female;2003;160976.0
Bahamas;Rural;2003;56412.0
Bahamas;Urban;2003;259334.0
Bahamas;Total;2004;318894.0
Bahamas;Male;2004;154923.0
Bahamas;Female;2004;163970.0
Bahamas;Rural;2004;57487.0
Bahamas;Urban;2004;265039.0
Bahamas;Total;2005;324859.0
Bahamas;Male;2005;157773.0
Bahamas;Female;2005;167075.0
Bahamas;Rural;2005;58548.0
Bahamas;Urban;2005;270701.0
Bahamas;Total;2006;331033.0
Bahamas;Male;2006;160699.0
Bahamas;Female;2006;170333.0
Bahamas;Rural;2006;59577.0
Bahamas;Urban;2006;276253.0
Bahamas;Total;2007;337389.0
Bahamas;Male;2007;163689.0
Bahamas;Female;2007;173698.0
Bahamas;Rural;2007;60587.0
Bahamas;Urban;2007;281741.0
Bahamas;Total;2008;343681.0
Bahamas;Male;2008;166651.0
Bahamas;Female;2008;177029.0
Bahamas;Rural;2008;61564.0
Bahamas;Urban;2008;287112.0
Bahamas;Total;2009;349604.0
Bahamas;Male;2009;169450.0
Bahamas;Female;2009;180150.0
Bahamas;Rural;2009;62508.0
Bahamas;Urban;2009;292348.0
Bahamas;Total;2010;354942.0
Bahamas;Male;2010;172007.0
Bahamas;Female;2010;182929.0
Bahamas;Rural;2010;63410.0
Bahamas;Urban;2010;297422.0
Bahamas;Total;2011;359578.0
Bahamas;Male;2011;174271.0
Bahamas;Female;2011;185312.0
Bahamas;Rural;2011;64238.0
Bahamas;Urban;2011;302330.0
Bahamas;Total;2012;363584.0
Bahamas;Male;2012;176254.0
Bahamas;Female;2012;187327.0
Bahamas;Rural;2012;64986.00000000001
Bahamas;Urban;2012;307053.0
Bahamas;Total;2013;367169.0
Bahamas;Male;2013;178056.0
Bahamas;Female;2013;189106.0
Bahamas;Rural;2013;65653.0
Bahamas;Urban;2013;311587.0
Bahamas;Total;2014;370633.0
Bahamas;Male;2014;179810.0
Bahamas;Female;2014;190815.0
Bahamas;Rural;2014;66238.0
Bahamas;Urban;2014;315931.0
Bahamas;Total;2015;374206.0
Bahamas;Male;2015;181608.0
Bahamas;Female;2015;192592.0
Bahamas;Rural;2015;66744.0
Bahamas;Urban;2015;320094.0
Bahamas;Total;2016;377930.0
Bahamas;Male;2016;183477.0
Bahamas;Female;2016;194446.0
Bahamas;Rural;2016;67166.0
Bahamas;Urban;2016;324066.0
Bahamas;Total;2017;381755.0
Bahamas;Male;2017;185384.0
Bahamas;Female;2017;196365.0
Bahamas;Rural;2017;67508.0
Bahamas;Urban;2017;327853.0
Bahamas;Total;2018;385637.0
Bahamas;Male;2018;187322.0
Bahamas;Female;2018;198313.0
Bahamas;Rural;2018;67779.0
Bahamas;Urban;2018;331506.0
Bahrain;Total;2000;664611.0
Bahrain;Male;2000;381225.0
Bahrain;Female;2000;283385.0
Bahrain;Rural;2000;77278.0
Bahrain;Urban;2000;587336.0
Bahrain;Total;2001;697545.0
Bahrain;Male;2001;402689.0
Bahrain;Female;2001;294861.0
Bahrain;Rural;2001;81130.0
Bahrain;Urban;2001;616419.0
Bahrain;Total;2002;735146.0
Bahrain;Male;2002;427995.0
Bahrain;Female;2002;307145.0
Bahrain;Rural;2002;85478.0
Bahrain;Urban;2002;649670.0
Bahrain;Total;2003;778708.0
Bahrain;Male;2003;457878.0
Bahrain;Female;2003;320830.0
Bahrain;Rural;2003;90466.0
Bahrain;Urban;2003;688245.0
Bahrain;Total;2004;829844.0
Bahrain;Male;2004;493191.0
Bahrain;Female;2004;336655.0
Bahrain;Rural;2004;96270.0
Bahrain;Urban;2004;733578.0
Bahrain;Total;2005;889164.0
Bahrain;Male;2005;534140.0
Bahrain;Female;2005;355017.0
Bahrain;Rural;2005;102947.0
Bahrain;Urban;2005;786221.0
Bahrain;Total;2006;958418.0
Bahrain;Male;2006;582067.0
Bahrain;Female;2006;376356.0
Bahrain;Rural;2006;110681.0
Bahrain;Urban;2006;847733.0
Bahrain;Total;2007;1035919.0000000001
Bahrain;Male;2007;635793.0
Bahrain;Female;2007;400131.0
Bahrain;Rural;2007;119256.0
Bahrain;Urban;2007;916635.0
Bahrain;Total;2008;1114641.0
Bahrain;Male;2008;690043.0
Bahrain;Female;2008;424602.0
Bahrain;Rural;2008;127843.0
Bahrain;Urban;2008;986747.0
Bahrain;Total;2009;1185076.0
Bahrain;Male;2009;737698.0
Bahrain;Female;2009;447377.0
Bahrain;Rural;2009;135345.0
Bahrain;Urban;2009;1049684.0
Bahrain;Total;2010;1240860.0
Bahrain;Male;2010;774051.0
Bahrain;Female;2010;466813.0
Bahrain;Rural;2010;141040.0
Bahrain;Urban;2010;1099822.0
Bahrain;Total;2011;1278151.0
Bahrain;Male;2011;796037.0
Bahrain;Female;2011;482116.0
Bahrain;Rural;2011;144510.0
Bahrain;Urban;2011;1133759.0
Bahrain;Total;2012;1299944.0
Bahrain;Male;2012;806030.0
Bahrain;Female;2012;493912.0
Bahrain;Rural;2012;146117.0
Bahrain;Urban;2012;1154100.0
Bahrain;Total;2013;1315028.0
Bahrain;Male;2013;811369.0
Bahrain;Female;2013;503660.0
Bahrain;Rural;2013;146861.0
Bahrain;Urban;2013;1168550.0
Bahrain;Total;2014;1336075.0
Bahrain;Male;2014;822540.0
Bahrain;Female;2014;513533.0
Bahrain;Rural;2014;148146.0
Bahrain;Urban;2014;1188251.0
Bahrain;Total;2015;1371851.0
Bahrain;Male;2015;846756.0
Bahrain;Female;2015;525097.0
Bahrain;Rural;2015;150912.0
Bahrain;Urban;2015;1220943.0
Bahrain;Total;2016;1425792.0
Bahrain;Male;2016;886938.0
Bahrain;Female;2016;538855.0
Bahrain;Rural;2016;155487.0
Bahrain;Urban;2016;1269684.0
Bahrain;Total;2017;1494076.0
Bahrain;Male;2017;939850.0
Bahrain;Female;2017;554227.0
Bahrain;Rural;2017;161409.0
Bahrain;Urban;2017;1331175.0
Bahrain;Total;2018;1569446.0
Bahrain;Male;2018;998976.0
Bahrain;Female;2018;570464.0
Bahrain;Rural;2018;167867.0
Bahrain;Urban;2018;1399126.0
Bangladesh;Total;2000;127657854.0
Bangladesh;Male;2000;65594998.00000001
Bangladesh;Female;2000;62062864.0
Bangladesh;Rural;2000;100540592.0
Bangladesh;Urban;2000;31040651.0
Bangladesh;Total;2001;130088702.0
Bangladesh;Male;2001;66817467.00000001
Bangladesh;Female;2001;63271242.0
Bangladesh;Rural;2001;101793097.0
Bangladesh;Urban;2001;32314063.0
Bangladesh;Total;2002;132478086.00000001
Bangladesh;Male;2002;68017425.0
Bangladesh;Female;2002;64460652.0
Bangladesh;Rural;2002;102783564.0
Bangladesh;Urban;2002;33817103.0
Bangladesh;Total;2003;134791603.0
Bangladesh;Male;2003;69170298.0
Bangladesh;Female;2003;65621300.0
Bangladesh;Rural;2003;103668291.0
Bangladesh;Urban;2003;35350710.0
Bangladesh;Total;2004;136986432.0
Bangladesh;Male;2004;70244874.0
Bangladesh;Female;2004;66741554.99999999
Bangladesh;Rural;2004;104406336.0
Bangladesh;Urban;2004;36901153.0
Bangladesh;Total;2005;139035505.0
Bangladesh;Male;2005;71221594.0
Bangladesh;Female;2005;67813911.0
Bangladesh;Rural;2005;104978125.0
Bangladesh;Urban;2005;38452976.0
Bangladesh;Total;2006;140921167.0
Bangladesh;Male;2006;72087511.0
Bangladesh;Female;2006;68833643.0
Bangladesh;Rural;2006;105366709.0
Bangladesh;Urban;2006;40001295.0
Bangladesh;Total;2007;142660376.0
Bangladesh;Male;2007;72855838.0
Bangladesh;Female;2007;69804543.0
Bangladesh;Rural;2007;105592037.0
Bangladesh;Urban;2007;41547154.0
Bangladesh;Total;2008;144304167.0
Bangladesh;Male;2008;73565712.0
Bangladesh;Female;2008;70738452.0
Bangladesh;Rural;2008;105699286.0
Bangladesh;Urban;2008;43106528.0
Bangladesh;Total;2009;145924797.0
Bangladesh;Male;2009;74272292.0
Bangladesh;Female;2009;71652503.0
Bangladesh;Rural;2009;105756065.0
Bangladesh;Urban;2009;44698643.0
Bangladesh;Total;2010;147575430.0
Bangladesh;Male;2010;75015692.0
Bangladesh;Female;2010;72559741.0
Bangladesh;Rural;2010;105802013.0
Bangladesh;Urban;2010;46347089.0
Bangladesh;Total;2011;149273139.0
Bangladesh;Male;2011;75809694.0
Bangladesh;Female;2011;73463440.0
Bangladesh;Rural;2011;105853212.0
Bangladesh;Urban;2011;48058704.0
Bangladesh;Total;2012;151005739.0
Bangladesh;Male;2012;76643893.0
Bangladesh;Female;2012;74361840.0
Bangladesh;Rural;2012;105905797.0
Bangladesh;Urban;2012;49821256.0
Bangladesh;Total;2013;152761418.0
Bangladesh;Male;2013;77504601.0
Bangladesh;Female;2013;75256812.0
Bangladesh;Rural;2013;105947078.0
Bangladesh;Urban;2013;51624214.0
Bangladesh;Total;2014;154517382.0
Bangladesh;Male;2014;78368220.0
Bangladesh;Female;2014;76149165.0
Bangladesh;Rural;2014;105949491.0
Bangladesh;Urban;2014;53455788.0
Bangladesh;Total;2015;156256276.0
Bangladesh;Male;2015;79217157.0
Bangladesh;Female;2015;77039130.0
Bangladesh;Rural;2015;105895754.0
Bangladesh;Urban;2015;55305132.0
Bangladesh;Total;2016;157977153.0
Bangladesh;Male;2016;80048910.0
Bangladesh;Female;2016;77928241.0
Bangladesh;Rural;2016;105783530.0
Bangladesh;Urban;2016;57168030.0
Bangladesh;Total;2017;159685424.0
Bangladesh;Male;2017;80869068.0
Bangladesh;Female;2017;78816353.0
Bangladesh;Rural;2017;105622933.0
Bangladesh;Urban;2017;59046818.0
Bangladesh;Total;2018;161376708.0
Bangladesh;Male;2018;81677117.0
Bangladesh;Female;2018;79699596.0
Bangladesh;Rural;2018;105423904.0
Bangladesh;Urban;2018;60944245.0
Barbados;Total;2000;271515.0
Barbados;Male;2000;130452.0
Barbados;Female;2000;141059.0
Barbados;Rural;2000;178566.0
Barbados;Urban;2000;91281.0
Barbados;Total;2001;272500.0
Barbados;Male;2001;130900.0
Barbados;Female;2001;141594.0
Barbados;Rural;2001;179657.0
Barbados;Urban;2001;91028.0
Barbados;Total;2002;273425.0
Barbados;Male;2002;131321.0
Barbados;Female;2002;142102.0
Barbados;Rural;2002;180720.0
Barbados;Urban;2002;90758.0
Barbados;Total;2003;274329.0
Barbados;Male;2003;131736.0
Barbados;Female;2003;142595.0
Barbados;Rural;2003;181776.0
Barbados;Urban;2003;90482.0
Barbados;Total;2004;275284.0
Barbados;Male;2004;132170.0
Barbados;Female;2004;143113.0
Barbados;Rural;2004;182870.0
Barbados;Urban;2004;90221.0
Barbados;Total;2005;276323.0
Barbados;Male;2005;132646.0
Barbados;Female;2005;143674.0
Barbados;Rural;2005;184021.0
Barbados;Urban;2005;89988.0
Barbados;Total;2006;277477.0
Barbados;Male;2006;133169.0
Barbados;Female;2006;144306.0
Barbados;Rural;2006;185251.0
Barbados;Urban;2006;89788.0
Barbados;Total;2007;278700.0
Barbados;Male;2007;133720.0
Barbados;Female;2007;144981.0
Barbados;Rural;2007;186537.0
Barbados;Urban;2007;89613.0
Barbados;Total;2008;279946.0
Barbados;Male;2008;134295.0
Barbados;Female;2008;145651.0
Barbados;Rural;2008;187866.0
Barbados;Urban;2008;89453.0
Barbados;Total;2009;281104.0
Barbados;Male;2009;134854.0
Barbados;Female;2009;146253.0
Barbados;Rural;2009;189184.0
Barbados;Urban;2009;89286.0
Barbados;Total;2010;282131.0
Barbados;Male;2010;135386.0
Barbados;Female;2010;146745.0
Barbados;Rural;2010;190470.0
Barbados;Urban;2010;89099.0
Barbados;Total;2011;282987.0
Barbados;Male;2011;135877.0
Barbados;Female;2011;147110.0
Barbados;Rural;2011;191650.0
Barbados;Urban;2011;88951.0
Barbados;Total;2012;283701.0
Barbados;Male;2012;136340.0
Barbados;Female;2012;147358.0
Barbados;Rural;2012;192736.0
Barbados;Urban;2012;88849.0
Barbados;Total;2013;284296.0
Barbados;Male;2013;136769.0
Barbados;Female;2013;147525.0
Barbados;Rural;2013;193719.0
Barbados;Urban;2013;88790.0
Barbados;Total;2014;284826.0
Barbados;Male;2014;137169.0
Barbados;Female;2014;147656.0
Barbados;Rural;2014;194607.0
Barbados;Urban;2014;88778.0
Barbados;Total;2015;285324.0
Barbados;Male;2015;137548.0
Barbados;Female;2015;147779.0
Barbados;Rural;2015;195402.0
Barbados;Urban;2015;88815.0
Barbados;Total;2016;285796.0
Barbados;Male;2016;137902.0
Barbados;Female;2016;147896.0
Barbados;Rural;2016;196098.0
Barbados;Urban;2016;88898.0
Barbados;Total;2017;286232.0
Barbados;Male;2017;138223.0
Barbados;Female;2017;148006.0
Barbados;Rural;2017;196693.0
Barbados;Urban;2017;89026.0
Barbados;Total;2018;286641.0
Barbados;Male;2018;138525.0
Barbados;Female;2018;148115.0
Barbados;Rural;2018;197187.0
Barbados;Urban;2018;89201.0
Belarus;Total;2000;9871632.0
Belarus;Male;2000;4634048.0
Belarus;Female;2000;5237587.0
Belarus;Rural;2000;2982752.0
Belarus;Urban;2000;6950857.0
Belarus;Total;2001;9811401.0
Belarus;Male;2001;4602892.0
Belarus;Female;2001;5208507.0
Belarus;Rural;2001;2916670.0
Belarus;Urban;2001;6956291.0
Belarus;Total;2002;9745923.0
Belarus;Male;2002;4567550.0
Belarus;Female;2002;5178382.0
Belarus;Rural;2002;2850055.0
Belarus;Urban;2002;6957077.0
Belarus;Total;2003;9679235.0
Belarus;Male;2003;4530498.0
Belarus;Female;2003;5148737.0
Belarus;Rural;2003;2784170.0
Belarus;Urban;2003;6955884.0
Belarus;Total;2004;9616634.0
Belarus;Male;2004;4495131.0
Belarus;Female;2004;5121497.0
Belarus;Rural;2004;2720421.0
Belarus;Urban;2004;6956481.0
Belarus;Total;2005;9562088.0
Belarus;Male;2005;4463986.0
Belarus;Female;2005;5098097.0
Belarus;Rural;2005;2660005.0
Belarus;Urban;2005;6961538.0
Belarus;Total;2006;9516883.0
Belarus;Male;2006;4437815.0
Belarus;Female;2006;5079069.0
Belarus;Rural;2006;2602913.0
Belarus;Urban;2006;6972130.0
Belarus;Total;2007;9480515.0
Belarus;Male;2007;4416266.0
Belarus;Female;2007;5064248.0
Belarus;Rural;2007;2548939.0
Belarus;Urban;2007;6987925.0
Belarus;Total;2008;9452855.0
Belarus;Male;2008;4399526.0
Belarus;Female;2008;5053329.0
Belarus;Rural;2008;2497993.0
Belarus;Urban;2008;7009338.0
Belarus;Total;2009;9433152.0
Belarus;Male;2009;4387440.0
Belarus;Female;2009;5045719.0
Belarus;Rural;2009;2450081.0
Belarus;Urban;2009;7036158.0
Belarus;Total;2010;9420574.0
Belarus;Male;2010;4379731.0
Belarus;Female;2010;5040845.0
Belarus;Rural;2010;2399353.0
Belarus;Urban;2010;7073718.0
Belarus;Total;2011;9415320.0
Belarus;Male;2011;4376681.0
Belarus;Female;2011;5038635.0
Belarus;Rural;2011;2349339.0
Belarus;Urban;2011;7119161.0
Belarus;Total;2012;9417046.0
Belarus;Male;2012;4378069.0
Belarus;Female;2012;5038976.0
Belarus;Rural;2012;2301873.0
Belarus;Urban;2012;7169857.0
Belarus;Total;2013;9423506.0
Belarus;Male;2013;4382398.0
Belarus;Female;2013;5041104.0
Belarus;Rural;2013;2256120.0
Belarus;Urban;2013;7222782.0
Belarus;Total;2014;9431735.0
Belarus;Male;2014;4387691.0
Belarus;Female;2014;5044051.0
Belarus;Rural;2014;2210624.0
Belarus;Urban;2014;7274227.0
Belarus;Total;2015;9439423.0
Belarus;Male;2015;4392411.0
Belarus;Female;2015;5047013.0
Belarus;Rural;2015;2164605.0
Belarus;Urban;2015;7321167.0
Belarus;Total;2016;9445643.0
Belarus;Male;2016;4395949.0
Belarus;Female;2016;5049689.0
Belarus;Rural;2016;2117714.0
Belarus;Urban;2016;7362328.0
Belarus;Total;2017;9450231.0
Belarus;Male;2017;4398367.0
Belarus;Female;2017;5051866.0
Belarus;Rural;2017;2070382.9999999998
Belarus;Urban;2017;7397955.0
Belarus;Total;2018;9452617.0
Belarus;Male;2018;4399620.0
Belarus;Female;2018;5052995.0
Belarus;Rural;2018;2023242.0
Belarus;Urban;2018;7428871.0
Belgium;Total;2000;10282033.0
Belgium;Male;2000;5034820.0
Belgium;Female;2000;5247226.0
Belgium;Rural;2000;295224.0
Belgium;Urban;2000;9986809.0
Belgium;Total;2001;10319019.0
Belgium;Male;2001;5054456.0
Belgium;Female;2001;5264570.0
Belgium;Rural;2001;290416.0
Belgium;Urban;2001;10028603.0
Belgium;Total;2002;10364885.0
Belgium;Male;2002;5078872.0
Belgium;Female;2002;5286007.0
Belgium;Rural;2002;285916.0
Belgium;Urban;2002;10078969.0
Belgium;Total;2003;10419032.0
Belgium;Male;2003;5107599.0
Belgium;Female;2003;5311430.0
Belgium;Rural;2003;281701.0
Belgium;Urban;2003;10137331.0
Belgium;Total;2004;10480117.0
Belgium;Male;2004;5139663.0
Belgium;Female;2004;5340455.0
Belgium;Rural;2004;277714.0
Belgium;Urban;2004;10202403.0
Belgium;Total;2005;10546886.0
Belgium;Male;2005;5174235.0
Belgium;Female;2005;5372650.0
Belgium;Rural;2005;273934.0
Belgium;Urban;2005;10272952.0
Belgium;Total;2006;10619475.0
Belgium;Male;2006;5211426.0
Belgium;Female;2006;5408058.0
Belgium;Rural;2006;270335.0
Belgium;Urban;2006;10349232.0
Belgium;Total;2007;10697572.0
Belgium;Male;2007;5251164.0
Belgium;Female;2007;5446412.0
Belgium;Rural;2007;266907.0
Belgium;Urban;2007;10430928.0
Belgium;Total;2008;10778758.0
Belgium;Male;2008;5292178.0
Belgium;Female;2008;5486586.0
Belgium;Rural;2008;263573.0
Belgium;Urban;2008;10515600.0
Belgium;Total;2009;10859940.0
Belgium;Male;2009;5332830.0
Belgium;Female;2009;5527104.0
Belgium;Rural;2009;260273.00000000003
Belgium;Urban;2009;10600017.0
Belgium;Total;2010;10938739.0
Belgium;Male;2010;5371961.0
Belgium;Female;2010;5566774.0
Belgium;Rural;2010;256927.00000000003
Belgium;Urban;2010;10681812.0
Belgium;Total;2011;11013853.0
Belgium;Male;2011;5408667.0
Belgium;Female;2011;5605193.0
Belgium;Rural;2011;253515.0
Belgium;Urban;2011;10759568.0
Belgium;Total;2012;11085358.0
Belgium;Male;2012;5443148.0
Belgium;Female;2012;5642207.0
Belgium;Rural;2012;250039.0
Belgium;Urban;2012;10833511.0
Belgium;Total;2013;11154009.0
Belgium;Male;2013;5476767.0
Belgium;Female;2013;5677241.0
Belgium;Rural;2013;246557.0
Belgium;Urban;2013;10904955.0
Belgium;Total;2014;11221231.0
Belgium;Male;2014;5511498.0
Belgium;Female;2014;5709727.0
Belgium;Rural;2014;243099.0
Belgium;Urban;2014;10976062.0
Belgium;Total;2015;11287940.0
Belgium;Male;2015;5548634.0
Belgium;Female;2015;5739297.0
Belgium;Rural;2015;239703.0
Belgium;Urban;2015;11048237.0
Belgium;Total;2016;11354420.0
Belgium;Male;2016;5588791.0
Belgium;Female;2016;5765616.0
Belgium;Rural;2016;236371.0
Belgium;Urban;2016;11122008.0
Belgium;Total;2017;11419748.0
Belgium;Male;2017;5631006.0
Belgium;Female;2017;5788746.0
Belgium;Rural;2017;233097.0
Belgium;Urban;2017;11196239.0
Belgium;Total;2018;11482178.0
Belgium;Male;2018;5672964.0
Belgium;Female;2018;5809216.0
Belgium;Rural;2018;229844.0
Belgium;Urban;2018;11268675.0
Belize;Total;2000;247315.0
Belize;Male;2000;124516.0
Belize;Female;2000;122794.0
Belize;Rural;2000;135040.0
Belize;Urban;2000;112275.0
Belize;Total;2001;255063.0
Belize;Male;2001;128405.0
Belize;Female;2001;126663.0
Belize;Rural;2001;139270.0
Belize;Urban;2001;115714.0
Belize;Total;2002;262378.0
Belize;Male;2002;132065.0
Belize;Female;2002;130322.0
Belize;Rural;2002;143260.0
Belize;Urban;2002;118946.0
Belize;Total;2003;269425.0
Belize;Male;2003;135579.0
Belize;Female;2003;133849.0
Belize;Rural;2003;147088.0
Belize;Urban;2003;122042.0
Belize;Total;2004;276504.0
Belize;Male;2004;139086.0
Belize;Female;2004;137430.0
Belize;Rural;2004;150939.0
Belize;Urban;2004;125150.0
Belize;Total;2005;283800.0
Belize;Male;2005;142662.0
Belize;Female;2005;141136.0
Belize;Rural;2005;154917.0
Belize;Urban;2005;128360.00000000001
Belize;Total;2006;291329.0
Belize;Male;2006;146327.0
Belize;Female;2006;145011.0
Belize;Rural;2006;159051.0
Belize;Urban;2006;131696.0
Belize;Total;2007;299025.0
Belize;Male;2007;150036.0
Belize;Female;2007;148995.0
Belize;Rural;2007;163292.0
Belize;Urban;2007;135115.0
Belize;Total;2008;306823.0
Belize;Male;2008;153783.0
Belize;Female;2008;153039.0
Belize;Rural;2008;167590.0
Belize;Urban;2008;138575.0
Belize;Total;2009;314655.0
Belize;Male;2009;157548.0
Belize;Female;2009;157107.0
Belize;Rural;2009;171893.0
Belize;Urban;2009;142036.0
Belize;Total;2010;322464.0
Belize;Male;2010;161328.0
Belize;Female;2010;161137.0
Belize;Rural;2010;176152.0
Belize;Urban;2010;145456.0
Belize;Total;2011;330237.0
Belize;Male;2011;165115.0
Belize;Female;2011;165121.0
Belize;Rural;2011;180304.0
Belize;Urban;2011;148888.0
Belize;Total;2012;338000.0
Belize;Male;2012;168917.0
Belize;Female;2012;169084.0
Belize;Rural;2012;184356.0
Belize;Urban;2012;152345.0
Belize;Total;2013;345715.0
Belize;Male;2013;172699.0
Belize;Female;2013;173008.0
Belize;Rural;2013;188329.0
Belize;Urban;2013;155852.0
Belize;Total;2014;353366.0
Belize;Male;2014;176447.0
Belize;Female;2014;176919.0
Belize;Rural;2014;192252.0
Belize;Urban;2014;159442.0
Belize;Total;2015;360933.0
Belize;Male;2015;180135.0
Belize;Female;2015;180791.0
Belize;Rural;2015;196149.0
Belize;Urban;2015;163139.0
Belize;Total;2016;368400.0
Belize;Male;2016;183752.0
Belize;Female;2016;184647.0
Belize;Rural;2016;200009.0
Belize;Urban;2016;166945.0
Belize;Total;2017;375769.0
Belize;Male;2017;187296.0
Belize;Female;2017;188479.0
Belize;Rural;2017;203824.0
Belize;Urban;2017;170857.0
Belize;Total;2018;383071.0
Belize;Male;2018;190798.0
Belize;Female;2018;192273.0
Belize;Rural;2018;207573.0
Belize;Urban;2018;174871.0
Benin;Total;2000;6865951.0
Benin;Male;2000;3382858.0
Benin;Female;2000;3483088.0
Benin;Rural;2000;4234053.0
Benin;Urban;2000;2631898.0
Benin;Total;2001;7076733.0
Benin;Male;2001;3490950.0
Benin;Female;2001;3585778.0
Benin;Rural;2001;4341571.0
Benin;Urban;2001;2735162.0
Benin;Total;2002;7295394.0
Benin;Male;2002;3603447.0
Benin;Female;2002;3691953.0
Benin;Rural;2002;4447579.0
Benin;Urban;2002;2847815.0
Benin;Total;2003;7520555.0
Benin;Male;2003;3719314.0
Benin;Female;2003;3801242.0
Benin;Rural;2003;4547230.0
Benin;Urban;2003;2973325.0
Benin;Total;2004;7750004.0
Benin;Male;2004;3836993.0
Benin;Female;2004;3913010.0
Benin;Rural;2004;4646975.0
Benin;Urban;2004;3103029.0
Benin;Total;2005;7982225.0
Benin;Male;2005;3955402.0
Benin;Female;2005;4026821.0
Benin;Rural;2005;4746002.0
Benin;Urban;2005;3236223.0
Benin;Total;2006;8216897.000000001
Benin;Male;2006;4074233.0
Benin;Female;2006;4142660.0
Benin;Rural;2006;4843912.0
Benin;Urban;2006;3372984.0
Benin;Total;2007;8454793.0
Benin;Male;2007;4194026.0
Benin;Female;2007;4260764.0
Benin;Rural;2007;4941169.0
Benin;Urban;2007;3513622.0
Benin;Total;2008;8696921.0
Benin;Male;2008;4315622.0
Benin;Female;2008;4381293.0
Benin;Rural;2008;5038238.0
Benin;Urban;2008;3658678.0
Benin;Total;2009;8944708.0
Benin;Male;2009;4440265.0
Benin;Female;2009;4504448.0
Benin;Rural;2009;5136061.0
Benin;Urban;2009;3808645.0
Benin;Total;2010;9199259.0
Benin;Male;2010;4568834.0
Benin;Female;2010;4630420.0
Benin;Rural;2010;5234987.0
Benin;Urban;2010;3964272.0
Benin;Total;2011;9460831.0
Benin;Male;2011;4701607.0
Benin;Female;2011;4759222.0
Benin;Rural;2011;5335100.0
Benin;Urban;2011;4125702.0
Benin;Total;2012;9729249.0
Benin;Male;2012;4838355.0
Benin;Female;2012;4890899.0
Benin;Rural;2012;5436123.0
Benin;Urban;2012;4293037.0
Benin;Total;2013;10004591.0
Benin;Male;2013;4978896.0
Benin;Female;2013;5025698.0
Benin;Rural;2013;5538224.0
Benin;Urban;2013;4466227.0
Benin;Total;2014;10286844.0
Benin;Male;2014;5122907.0
Benin;Female;2014;5163932.0
Benin;Rural;2014;5640645.0
Benin;Urban;2014;4646067.0
Benin;Total;2015;10575952.0
Benin;Male;2015;5270132.0
Benin;Female;2015;5305830.0
Benin;Rural;2015;5743319.0
Benin;Urban;2015;4832633.0
Benin;Total;2016;10872063.0
Benin;Male;2016;5420569.0
Benin;Female;2016;5451503.0
Benin;Rural;2016;5846177.0
Benin;Urban;2016;5026121.0
Benin;Total;2017;11175198.0
Benin;Male;2017;5574297.0
Benin;Female;2017;5600895.0
Benin;Rural;2017;5949046.0
Benin;Urban;2017;5226646.0
Benin;Total;2018;11485044.0
Benin;Male;2018;5731239.0
Benin;Female;2018;5753796.0
Benin;Rural;2018;6051546.0
Benin;Urban;2018;5434128.0
Bermuda;Total;2000;65012.0
Bermuda;Rural;2000;0.0
Bermuda;Urban;2000;64028.00000000001
Bermuda;Total;2001;65328.99999999999
Bermuda;Rural;2001;0.0
Bermuda;Urban;2001;64322.99999999999
Bermuda;Total;2002;65656.0
Bermuda;Rural;2002;0.0
Bermuda;Urban;2002;64610.0
Bermuda;Total;2003;65943.0
Bermuda;Rural;2003;0.0
Bermuda;Urban;2003;64870.00000000001
Bermuda;Total;2004;66150.0
Bermuda;Rural;2004;0.0
Bermuda;Urban;2004;65065.0
Bermuda;Total;2005;66257.0
Bermuda;Rural;2005;0.0
Bermuda;Urban;2005;65129.99999999999
Bermuda;Total;2006;66248.0
Bermuda;Rural;2006;0.0
Bermuda;Urban;2006;65063.0
Bermuda;Total;2007;66129.0
Bermuda;Rural;2007;0.0
Bermuda;Urban;2007;64891.99999999999
Bermuda;Total;2008;65931.0
Bermuda;Rural;2008;0.0
Bermuda;Urban;2008;64625.0
Bermuda;Total;2009;65674.0
Bermuda;Rural;2009;0.0
Bermuda;Urban;2009;64303.0
Bermuda;Total;2010;65388.99999999999
Bermuda;Rural;2010;0.0
Bermuda;Urban;2010;63956.0
Bermuda;Total;2011;65078.0
Bermuda;Rural;2011;0.0
Bermuda;Urban;2011;63581.0
Bermuda;Total;2012;64736.99999999999
Bermuda;Rural;2012;0.0
Bermuda;Urban;2012;63179.0
Bermuda;Total;2013;64385.99999999999
Bermuda;Rural;2013;0.0
Bermuda;Urban;2013;62771.0
Bermuda;Total;2014;64033.0
Bermuda;Rural;2014;0.0
Bermuda;Urban;2014;62382.0
Bermuda;Total;2015;63692.0
Bermuda;Rural;2015;0.0
Bermuda;Urban;2015;62003.0
Bermuda;Total;2016;63362.0
Bermuda;Rural;2016;0.0
Bermuda;Urban;2016;61666.0
Bermuda;Total;2017;63049.0
Bermuda;Rural;2017;0.0
Bermuda;Urban;2017;61349.0
Bermuda;Total;2018;62756.0
Bermuda;Rural;2018;0.0
Bermuda;Urban;2018;61070.0
Bhutan;Total;2000;591021.0
Bhutan;Male;2000;302283.0
Bhutan;Female;2000;288731.0
Bhutan;Rural;2000;427663.0
Bhutan;Urban;2000;145753.0
Bhutan;Total;2001;603640.0
Bhutan;Male;2001;309999.0
Bhutan;Female;2001;293644.0
Bhutan;Rural;2001;433476.0
Bhutan;Urban;2001;156124.0
Bhutan;Total;2002;616018.0
Bhutan;Male;2002;318131.0
Bhutan;Female;2002;297894.0
Bhutan;Rural;2002;439213.0
Bhutan;Urban;2002;167186.0
Bhutan;Total;2003;627839.0
Bhutan;Male;2003;326219.0
Bhutan;Female;2003;301621.0
Bhutan;Rural;2003;444581.0
Bhutan;Urban;2003;178853.0
Bhutan;Total;2004;638815.0
Bhutan;Male;2004;333701.0
Bhutan;Female;2004;305108.0
Bhutan;Rural;2004;449256.0
Bhutan;Urban;2004;191026.0
Bhutan;Total;2005;648739.0
Bhutan;Male;2005;340162.0
Bhutan;Female;2005;308582.0
Bhutan;Rural;2005;453310.0
Bhutan;Urban;2005;203329.0
Bhutan;Total;2006;657410.0
Bhutan;Male;2006;345393.0
Bhutan;Female;2006;312011.0
Bhutan;Rural;2006;459050.0
Bhutan;Urban;2006;213178.0
Bhutan;Total;2007;664876.0
Bhutan;Male;2007;349522.0
Bhutan;Female;2007;315351.0
Bhutan;Rural;2007;463910.0
Bhutan;Urban;2007;223048.0
Bhutan;Total;2008;671613.0
Bhutan;Male;2008;352967.0
Bhutan;Female;2008;318644.0
Bhutan;Rural;2008;467983.0
Bhutan;Urban;2008;232967.0
Bhutan;Total;2009;678323.0
Bhutan;Male;2009;356338.0
Bhutan;Female;2009;321991.0
Bhutan;Rural;2009;471472.0
Bhutan;Urban;2009;242986.0
Bhutan;Total;2010;685503.0
Bhutan;Male;2010;360083.0
Bhutan;Female;2010;325419.0
Bhutan;Rural;2010;474470.0
Bhutan;Urban;2010;253171.0
Bhutan;Total;2011;693298.0
Bhutan;Male;2011;364318.0
Bhutan;Female;2011;328979.0
Bhutan;Rural;2011;476998.0
Bhutan;Urban;2011;263512.0
Bhutan;Total;2012;701581.0
Bhutan;Male;2012;368926.0
Bhutan;Female;2012;332656.0
Bhutan;Rural;2012;479102.0
Bhutan;Urban;2012;273865.0
Bhutan;Total;2013;710237.0
Bhutan;Male;2013;373822.0
Bhutan;Female;2013;336413.0
Bhutan;Rural;2013;480787.0
Bhutan;Urban;2013;284174.0
Bhutan;Total;2014;719055.0
Bhutan;Male;2014;378889.0
Bhutan;Female;2014;340164.0
Bhutan;Rural;2014;482036.0
Bhutan;Urban;2014;294412.0
Bhutan;Total;2015;727876.0
Bhutan;Male;2015;384018.0
Bhutan;Female;2015;343867.0
Bhutan;Rural;2015;482844.0
Bhutan;Urban;2015;304542.0
Bhutan;Total;2016;736708.0
Bhutan;Male;2016;389210.0
Bhutan;Female;2016;347496.0
Bhutan;Rural;2016;483225.0
Bhutan;Urban;2016;314540.0
Bhutan;Total;2017;745563.0
Bhutan;Male;2017;394499.0
Bhutan;Female;2017;351064.0
Bhutan;Rural;2017;483217.0
Bhutan;Urban;2017;324393.0
Bhutan;Total;2018;754388.0
Bhutan;Male;2018;399810.0
Bhutan;Female;2018;354586.0
Bhutan;Rural;2018;482916.0
Bhutan;Urban;2018;334138.0
Bolivia (Plurinational State of);Total;2000;8418264.0
Bolivia (Plurinational State of);Male;2000;4234820.0
Bolivia (Plurinational State of);Female;2000;4183450.0
Bolivia (Plurinational State of);Rural;2000;3186751.0
Bolivia (Plurinational State of);Urban;2000;5152761.0
Bolivia (Plurinational State of);Total;2001;8580235.0
Bolivia (Plurinational State of);Male;2001;4316675.0
Bolivia (Plurinational State of);Female;2001;4263569.0
Bolivia (Plurinational State of);Rural;2001;3202596.0
Bolivia (Plurinational State of);Urban;2001;5293779.0
Bolivia (Plurinational State of);Total;2002;8742814.0
Bolivia (Plurinational State of);Male;2002;4399179.0
Bolivia (Plurinational State of);Female;2002;4343643.0
Bolivia (Plurinational State of);Rural;2002;3220542.0
Bolivia (Plurinational State of);Urban;2002;5432803.0
Bolivia (Plurinational State of);Total;2003;8905823.0
Bolivia (Plurinational State of);Male;2003;4482054.0
Bolivia (Plurinational State of);Female;2003;4423766.0
Bolivia (Plurinational State of);Rural;2003;3238033.0
Bolivia (Plurinational State of);Urban;2003;5572387.0
Bolivia (Plurinational State of);Total;2004;9069039.0
Bolivia (Plurinational State of);Male;2004;4564936.0
Bolivia (Plurinational State of);Female;2004;4504108.0
Bolivia (Plurinational State of);Rural;2004;3254315.0
Bolivia (Plurinational State of);Urban;2004;5713426.0
Bolivia (Plurinational State of);Total;2005;9232306.0
Bolivia (Plurinational State of);Male;2005;4647523.0
Bolivia (Plurinational State of);Female;2005;4584778.0
Bolivia (Plurinational State of);Rural;2005;3269610.0
Bolivia (Plurinational State of);Urban;2005;5855799.0
Bolivia (Plurinational State of);Total;2006;9395446.0
Bolivia (Plurinational State of);Male;2006;4729693.0
Bolivia (Plurinational State of);Female;2006;4665756.0
Bolivia (Plurinational State of);Rural;2006;3283729.0
Bolivia (Plurinational State of);Urban;2006;5999605.0
Bolivia (Plurinational State of);Total;2007;9558439.0
Bolivia (Plurinational State of);Male;2007;4811456.0
Bolivia (Plurinational State of);Female;2007;4746982.0
Bolivia (Plurinational State of);Rural;2007;3296720.0
Bolivia (Plurinational State of);Urban;2007;6144724.0
Bolivia (Plurinational State of);Total;2008;9721454.0
Bolivia (Plurinational State of);Male;2008;4892972.0
Bolivia (Plurinational State of);Female;2008;4828485.0
Bolivia (Plurinational State of);Rural;2008;3308578.0
Bolivia (Plurinational State of);Urban;2008;6291277.0
Bolivia (Plurinational State of);Total;2009;9884781.0
Bolivia (Plurinational State of);Male;2009;4974475.0
Bolivia (Plurinational State of);Female;2009;4910315.0
Bolivia (Plurinational State of);Rural;2009;3319560.0
Bolivia (Plurinational State of);Urban;2009;6439188.0
Bolivia (Plurinational State of);Total;2010;10048590.0
Bolivia (Plurinational State of);Male;2010;5056110.0
Bolivia (Plurinational State of);Female;2010;4992487.0
Bolivia (Plurinational State of);Rural;2010;3329540.0
Bolivia (Plurinational State of);Urban;2010;6588702.0
Bolivia (Plurinational State of);Total;2011;10212954.0
Bolivia (Plurinational State of);Male;2011;5137926.0
Bolivia (Plurinational State of);Female;2011;5075025.0
Bolivia (Plurinational State of);Rural;2011;3338591.0
Bolivia (Plurinational State of);Urban;2011;6739752.0
Bolivia (Plurinational State of);Total;2012;10377676.0
Bolivia (Plurinational State of);Male;2012;5219814.0
Bolivia (Plurinational State of);Female;2012;5157863.0
Bolivia (Plurinational State of);Rural;2012;3346648.0
Bolivia (Plurinational State of);Urban;2012;6892356.0
Bolivia (Plurinational State of);Total;2013;10542377.0
Bolivia (Plurinational State of);Male;2013;5301540.0
Bolivia (Plurinational State of);Female;2013;5240835.0
Bolivia (Plurinational State of);Rural;2013;3359417.0
Bolivia (Plurinational State of);Urban;2013;7040847.0
Bolivia (Plurinational State of);Total;2014;10706517.0
Bolivia (Plurinational State of);Male;2014;5382819.0
Bolivia (Plurinational State of);Female;2014;5323698.0
Bolivia (Plurinational State of);Rural;2014;3374918.0
Bolivia (Plurinational State of);Urban;2014;7187241.0
Bolivia (Plurinational State of);Total;2015;10869730.0
Bolivia (Plurinational State of);Male;2015;5463444.0
Bolivia (Plurinational State of);Female;2015;5406288.0
Bolivia (Plurinational State of);Rural;2015;3389712.0
Bolivia (Plurinational State of);Urban;2015;7334993.0
Bolivia (Plurinational State of);Total;2016;11031814.0
Bolivia (Plurinational State of);Male;2016;5543317.0
Bolivia (Plurinational State of);Female;2016;5488505.0
Bolivia (Plurinational State of);Rural;2016;3403747.0
Bolivia (Plurinational State of);Urban;2016;7484135.0
Bolivia (Plurinational State of);Total;2017;11192855.0
Bolivia (Plurinational State of);Male;2017;5622487.0
Bolivia (Plurinational State of);Female;2017;5570366.0
Bolivia (Plurinational State of);Rural;2017;3417155.0
Bolivia (Plurinational State of);Urban;2017;7634445.0
Bolivia (Plurinational State of);Total;2018;11353142.0
Bolivia (Plurinational State of);Male;2018;5701161.0
Bolivia (Plurinational State of);Female;2018;5651979.0
Bolivia (Plurinational State of);Rural;2018;3429186.0
Bolivia (Plurinational State of);Urban;2018;7786488.0
Bonaire, Sint Eustatius and Saba;Total;2011;21993.0
Bonaire, Sint Eustatius and Saba;Rural;2011;5557.0
Bonaire, Sint Eustatius and Saba;Urban;2011;16437.0
Bonaire, Sint Eustatius and Saba;Total;2012;22842.0
Bonaire, Sint Eustatius and Saba;Rural;2012;5772.0
Bonaire, Sint Eustatius and Saba;Urban;2012;17072.0
Bonaire, Sint Eustatius and Saba;Total;2013;23505.0
Bonaire, Sint Eustatius and Saba;Rural;2013;5940.0
Bonaire, Sint Eustatius and Saba;Urban;2013;17566.0
Bonaire, Sint Eustatius and Saba;Total;2014;24070.0
Bonaire, Sint Eustatius and Saba;Rural;2014;6081.0
Bonaire, Sint Eustatius and Saba;Urban;2014;17990.0
Bonaire, Sint Eustatius and Saba;Total;2015;24570.0
Bonaire, Sint Eustatius and Saba;Rural;2015;6202.0
Bonaire, Sint Eustatius and Saba;Urban;2015;18368.0
Bonaire, Sint Eustatius and Saba;Total;2016;25020.0
Bonaire, Sint Eustatius and Saba;Rural;2016;6307.0
Bonaire, Sint Eustatius and Saba;Urban;2016;18712.0
Bonaire, Sint Eustatius and Saba;Total;2017;25401.0
Bonaire, Sint Eustatius and Saba;Rural;2017;6391.0
Bonaire, Sint Eustatius and Saba;Urban;2017;19007.0
Bonaire, Sint Eustatius and Saba;Total;2018;25711.0
Bonaire, Sint Eustatius and Saba;Rural;2018;6452.0
Bonaire, Sint Eustatius and Saba;Urban;2018;19250.0
Bosnia and Herzegovina;Total;2000;3751176.0
Bosnia and Herzegovina;Male;2000;1841611.0
Bosnia and Herzegovina;Female;2000;1909565.0
Bosnia and Herzegovina;Rural;2000;2170238.0
Bosnia and Herzegovina;Urban;2000;1596468.0
Bosnia and Herzegovina;Total;2001;3755512.0
Bosnia and Herzegovina;Male;2001;1844260.0
Bosnia and Herzegovina;Female;2001;1911254.0
Bosnia and Herzegovina;Rural;2001;2161008.0
Bosnia and Herzegovina;Urban;2001;1610276.0
Bosnia and Herzegovina;Total;2002;3759387.0
Bosnia and Herzegovina;Male;2002;1846444.0
Bosnia and Herzegovina;Female;2002;1912945.0
Bosnia and Herzegovina;Rural;2002;2151678.0
Bosnia and Herzegovina;Urban;2002;1624129.0
Bosnia and Herzegovina;Total;2003;3762173.0
Bosnia and Herzegovina;Male;2003;1847908.0
Bosnia and Herzegovina;Female;2003;1914271.0
Bosnia and Herzegovina;Rural;2003;2141685.0
Bosnia and Herzegovina;Urban;2003;1637562.0
Bosnia and Herzegovina;Total;2004;3764194.0
Bosnia and Herzegovina;Male;2004;1848921.0
Bosnia and Herzegovina;Female;2004;1915273.0
Bosnia and Herzegovina;Rural;2004;2130843.0
Bosnia and Herzegovina;Urban;2004;1650444.0
Bosnia and Herzegovina;Total;2005;3765331.0
Bosnia and Herzegovina;Male;2005;1849515.0
Bosnia and Herzegovina;Female;2005;1915817.0
Bosnia and Herzegovina;Rural;2005;2118996.0
Bosnia and Herzegovina;Urban;2005;1662534.0
Bosnia and Herzegovina;Total;2006;3765424.0
Bosnia and Herzegovina;Male;2006;1849596.0
Bosnia and Herzegovina;Female;2006;1915826.0
Bosnia and Herzegovina;Rural;2006;2105827.0
Bosnia and Herzegovina;Urban;2006;1673641.0
Bosnia and Herzegovina;Total;2007;3762786.0
Bosnia and Herzegovina;Male;2007;1848277.0
Bosnia and Herzegovina;Female;2007;1914514.0
Bosnia and Herzegovina;Rural;2007;2090766.9999999998
Bosnia and Herzegovina;Urban;2007;1683233.0
Bosnia and Herzegovina;Total;2008;3754271.0
Bosnia and Herzegovina;Male;2008;1843992.0
Bosnia and Herzegovina;Female;2008;1910269.0
Bosnia and Herzegovina;Rural;2008;2072991.0
Bosnia and Herzegovina;Urban;2008;1690608.0
Bosnia and Herzegovina;Total;2009;3735938.0
Bosnia and Herzegovina;Male;2009;1834800.0
Bosnia and Herzegovina;Female;2009;1901145.0
Bosnia and Herzegovina;Rural;2009;2051664.0000000002
Bosnia and Herzegovina;Urban;2009;1694897.0
Bosnia and Herzegovina;Total;2010;3705472.0
Bosnia and Herzegovina;Male;2010;1819537.0
Bosnia and Herzegovina;Female;2010;1885941.0
Bosnia and Herzegovina;Rural;2010;2026365.0
Bosnia and Herzegovina;Urban;2010;1695719.0
Bosnia and Herzegovina;Total;2011;3661175.0
Bosnia and Herzegovina;Male;2011;1797359.0
Bosnia and Herzegovina;Female;2011;1863814.0
Bosnia and Herzegovina;Rural;2011;1996478.0
Bosnia and Herzegovina;Urban;2011;1692387.0
Bosnia and Herzegovina;Total;2012;3604972.0
Bosnia and Herzegovina;Male;2012;1769247.0
Bosnia and Herzegovina;Female;2012;1835725.0
Bosnia and Herzegovina;Rural;2012;1962769.0
Bosnia and Herzegovina;Urban;2012;1685431.0
Bosnia and Herzegovina;Total;2013;3542606.0
Bosnia and Herzegovina;Male;2013;1738041.0
Bosnia and Herzegovina;Female;2013;1804557.0
Bosnia and Herzegovina;Rural;2013;1927984.0
Bosnia and Herzegovina;Urban;2013;1677015.0
Bosnia and Herzegovina;Total;2014;3482105.0
Bosnia and Herzegovina;Male;2014;1707765.0
Bosnia and Herzegovina;Female;2014;1774341.0
Bosnia and Herzegovina;Rural;2014;1895685.0
Bosnia and Herzegovina;Urban;2014;1670317.0
Bosnia and Herzegovina;Total;2015;3429361.0
Bosnia and Herzegovina;Male;2015;1681343.0
Bosnia and Herzegovina;Female;2015;1748019.0
Bosnia and Herzegovina;Rural;2015;1867937.0
Bosnia and Herzegovina;Urban;2015;1668024.0
Bosnia and Herzegovina;Total;2016;3386266.0
Bosnia and Herzegovina;Male;2016;1659723.0
Bosnia and Herzegovina;Female;2016;1726540.0
Bosnia and Herzegovina;Rural;2016;1845681.0
Bosnia and Herzegovina;Urban;2016;1671135.0
Bosnia and Herzegovina;Total;2017;3351525.0
Bosnia and Herzegovina;Male;2017;1642272.0
Bosnia and Herzegovina;Female;2017;1709262.0
Bosnia and Herzegovina;Rural;2017;1828006.0
Bosnia and Herzegovina;Urban;2017;1679011.0
Bosnia and Herzegovina;Total;2018;3323925.0
Bosnia and Herzegovina;Male;2018;1628375.0
Bosnia and Herzegovina;Female;2018;1695554.0
Bosnia and Herzegovina;Rural;2018;1813259.0
Bosnia and Herzegovina;Urban;2018;1690295.0
Botswana;Total;2000;1643334.0
Botswana;Male;2000;795433.0
Botswana;Female;2000;847900.0
Botswana;Rural;2000;808537.0
Botswana;Urban;2000;919803.0
Botswana;Total;2001;1674678.0
Botswana;Male;2001;811386.0
Botswana;Female;2001;863288.0
Botswana;Rural;2001;806191.0
Botswana;Urban;2001;948744.0
Botswana;Total;2002;1704642.0
Botswana;Male;2002;826518.0
Botswana;Female;2002;878119.0
Botswana;Rural;2002;808627.0
Botswana;Urban;2002;971326.0
Botswana;Total;2003;1734398.0
Botswana;Male;2003;841552.0
Botswana;Female;2003;892835.0
Botswana;Rural;2003;811427.0
Botswana;Urban;2003;992912.0
Botswana;Total;2004;1765527.0
Botswana;Male;2004;857471.0
Botswana;Female;2004;908062.0
Botswana;Rural;2004;814278.0
Botswana;Urban;2004;1015052.0
Botswana;Total;2005;1799078.0
Botswana;Male;2005;874870.0
Botswana;Female;2005;924207.0
Botswana;Rural;2005;817614.0
Botswana;Urban;2005;1038238.0
Botswana;Total;2006;1835908.0
Botswana;Male;2006;894361.0
Botswana;Female;2006;941550.0
Botswana;Rural;2006;821528.0
Botswana;Urban;2006;1062710.0
Botswana;Total;2007;1875459.0
Botswana;Male;2007;915523.0
Botswana;Female;2007;959935.0
Botswana;Rural;2007;805426.0
Botswana;Urban;2007;1108988.0
Botswana;Total;2008;1915639.0
Botswana;Male;2008;936812.0
Botswana;Female;2008;978824.0
Botswana;Rural;2008;789368.0
Botswana;Urban;2008;1156983.0
Botswana;Total;2009;1953498.0
Botswana;Male;2009;956058.0
Botswana;Female;2009;997437.0
Botswana;Rural;2009;773398.0
Botswana;Urban;2009;1206484.0
Botswana;Total;2010;1987105.0
Botswana;Male;2010;971864.0
Botswana;Female;2010;1015242.0
Botswana;Rural;2010;757339.0
Botswana;Urban;2010;1257527.0
Botswana;Total;2011;2015403.0
Botswana;Male;2011;983429.0
Botswana;Female;2011;1031977.0000000001
Botswana;Rural;2011;741251.0
Botswana;Urban;2011;1310088.0
Botswana;Total;2012;2039556.0
Botswana;Male;2012;991624.0
Botswana;Female;2012;1047926.9999999999
Botswana;Rural;2012;736104.0
Botswana;Urban;2012;1353211.0
Botswana;Total;2013;2062547.9999999998
Botswana;Male;2013;998695.0
Botswana;Female;2013;1063856.0
Botswana;Rural;2013;732803.0
Botswana;Urban;2013;1395704.0
Botswana;Total;2014;2088618.0
Botswana;Male;2014;1007821.0
Botswana;Female;2014;1080798.0
Botswana;Rural;2014;729332.0
Botswana;Urban;2014;1439241.0
Botswana;Total;2015;2120716.0
Botswana;Male;2015;1021216.0
Botswana;Female;2015;1099500.0
Botswana;Rural;2015;725610.0
Botswana;Urban;2015;1483587.0
Botswana;Total;2016;2159927.0
Botswana;Male;2016;1039714.0
Botswana;Female;2016;1120211.0
Botswana;Rural;2016;721580.0
Botswana;Urban;2016;1528680.0
Botswana;Total;2017;2205080.0
Botswana;Male;2017;1062469.0
Botswana;Female;2017;1142607.0
Botswana;Rural;2017;717290.0
Botswana;Urban;2017;1574371.0
Botswana;Total;2018;2254068.0
Botswana;Male;2018;1088021.0
Botswana;Female;2018;1166046.0
Botswana;Rural;2018;712875.0
Botswana;Urban;2018;1620326.0
Brazil;Total;2000;174790340.0
Brazil;Male;2000;86581634.0
Brazil;Female;2000;88208705.0
Brazil;Rural;2000;32968080.0
Brazil;Urban;2000;142319507.0
Brazil;Total;2001;177196054.0
Brazil;Male;2001;87736620.0
Brazil;Female;2001;89459431.0
Brazil;Rural;2001;32789771.999999996
Brazil;Urban;2001;144960898.0
Brazil;Total;2002;179537520.0
Brazil;Male;2002;88858471.0
Brazil;Female;2002;90679052.0
Brazil;Rural;2002;32643261.0
Brazil;Urban;2002;147507760.0
Brazil;Total;2003;181809246.0
Brazil;Male;2003;89944581.0
Brazil;Female;2003;91864663.0
Brazil;Rural;2003;32477004.0
Brazil;Urban;2003;150005145.0
Brazil;Total;2004;184006481.0
Brazil;Male;2004;90992764.0
Brazil;Female;2004;93013715.0
Brazil;Rural;2004;32290174.0
Brazil;Urban;2004;152448284.0
Brazil;Total;2005;186127103.0
Brazil;Male;2005;92002092.0
Brazil;Female;2005;94125016.0
Brazil;Rural;2005;32085721.0
Brazil;Urban;2005;154831640.0
Brazil;Total;2006;188167356.0
Brazil;Male;2006;92970772.0
Brazil;Female;2006;95196581.0
Brazil;Rural;2006;31861129.0
Brazil;Urban;2006;157151283.0
Brazil;Total;2007;190130443.0
Brazil;Male;2007;93900509.0
Brazil;Female;2007;96229936.0
Brazil;Rural;2007;31618718.0
Brazil;Urban;2007;159407919.0
Brazil;Total;2008;192030362.0
Brazil;Male;2008;94798466.0
Brazil;Female;2008;97231896.0
Brazil;Rural;2008;31361744.0
Brazil;Urban;2008;161617285.0
Brazil;Total;2009;193886508.0
Brazil;Male;2009;95674549.0
Brazil;Female;2009;98211956.0
Brazil;Rural;2009;31097565.0
Brazil;Urban;2009;163798431.0
Brazil;Total;2010;195713635.0
Brazil;Male;2010;96536269.0
Brazil;Female;2010;99177368.0
Brazil;Rural;2010;30827251.0
Brazil;Urban;2010;165969018.0
Brazil;Total;2011;197514536.0
Brazil;Male;2011;97385186.0
Brazil;Female;2011;100129355.0
Brazil;Rural;2011;30536433.0
Brazil;Urban;2011;168150255.0
Brazil;Total;2012;199287299.0
Brazil;Male;2012;98220331.0
Brazil;Female;2012;101066961.0
Brazil;Rural;2012;30238865.0
Brazil;Urban;2012;170322118.0
Brazil;Total;2013;201035912.0
Brazil;Male;2013;99043431.0
Brazil;Female;2013;101992473.0
Brazil;Rural;2013;29937266.0
Brazil;Urban;2013;172471366.0
Brazil;Total;2014;202763739.0
Brazil;Male;2014;99855752.0
Brazil;Female;2014;102907992.0
Brazil;Rural;2014;29627255.0
Brazil;Urban;2014;174585878.0
Brazil;Total;2015;204471769.0
Brazil;Male;2015;100657516.0
Brazil;Female;2015;103814243.0
Brazil;Rural;2015;29308408.0
Brazil;Urban;2015;176653700.0
Brazil;Total;2016;206163053.0
Brazil;Male;2016;101450192.0
Brazil;Female;2016;104712864.0
Brazil;Rural;2016;28983278.0
Brazil;Urban;2016;178669587.0
Brazil;Total;2017;207833823.0
Brazil;Male;2017;102232088.0
Brazil;Female;2017;105601737.0
Brazil;Rural;2017;28654406.0
Brazil;Urban;2017;180633872.0
Brazil;Total;2018;209469323.0
Brazil;Male;2018;102996239.0
Brazil;Female;2018;106473081.0
Brazil;Rural;2018;28321495.0
Brazil;Urban;2018;182546459.0
British Virgin Islands;Total;2000;20311.0
British Virgin Islands;Rural;2000;12021.0
British Virgin Islands;Urban;2000;8624.0
British Virgin Islands;Total;2001;20675.0
British Virgin Islands;Rural;2001;12219.0
British Virgin Islands;Urban;2001;8866.0
British Virgin Islands;Total;2002;21129.0
British Virgin Islands;Rural;2002;12416.0
British Virgin Islands;Urban;2002;9113.0
British Virgin Islands;Total;2003;21672.0
British Virgin Islands;Rural;2003;12625.0
British Virgin Islands;Urban;2003;9375.0
British Virgin Islands;Total;2004;22334.0
British Virgin Islands;Rural;2004;12869.0
British Virgin Islands;Urban;2004;9672.0
British Virgin Islands;Total;2005;23107.0
British Virgin Islands;Rural;2005;13157.0
British Virgin Islands;Urban;2005;10011.0
British Virgin Islands;Total;2006;24023.0
British Virgin Islands;Rural;2006;13502.0
British Virgin Islands;Urban;2006;10403.0
British Virgin Islands;Total;2007;25047.0
British Virgin Islands;Rural;2007;13891.0
British Virgin Islands;Urban;2007;10840.0
British Virgin Islands;Total;2008;26097.0
British Virgin Islands;Rural;2008;14299.0
British Virgin Islands;Urban;2008;11305.0
British Virgin Islands;Total;2009;27039.0
British Virgin Islands;Rural;2009;14684.0
British Virgin Islands;Urban;2009;11763.0
British Virgin Islands;Total;2010;27794.0
British Virgin Islands;Rural;2010;15024.0
British Virgin Islands;Urban;2010;12200.0
British Virgin Islands;Total;2011;28319.0
British Virgin Islands;Rural;2011;15303.0
British Virgin Islands;Urban;2011;12598.0
British Virgin Islands;Total;2012;28650.0
British Virgin Islands;Rural;2012;15537.0
British Virgin Islands;Urban;2012;12972.0
British Virgin Islands;Total;2013;28847.0
British Virgin Islands;Rural;2013;15732.0
British Virgin Islands;Urban;2013;13324.0
British Virgin Islands;Total;2014;28989.0
British Virgin Islands;Rural;2014;15914.0
British Virgin Islands;Urban;2014;13674.0
British Virgin Islands;Total;2015;29152.0
British Virgin Islands;Rural;2015;16085.0
British Virgin Islands;Urban;2015;14028.0
British Virgin Islands;Total;2016;29355.0
British Virgin Islands;Rural;2016;16264.0
British Virgin Islands;Urban;2016;14397.0
British Virgin Islands;Total;2017;29577.0
British Virgin Islands;Rural;2017;16429.0
British Virgin Islands;Urban;2017;14767.0
British Virgin Islands;Total;2018;29802.0
British Virgin Islands;Rural;2018;16582.0
British Virgin Islands;Urban;2018;15137.0
Brunei Darussalam;Total;2000;333165.0
Brunei Darussalam;Male;2000;168750.0
Brunei Darussalam;Female;2000;164416.0
Brunei Darussalam;Rural;2000;96095.0
Brunei Darussalam;Urban;2000;237146.0
Brunei Darussalam;Total;2001;340034.0
Brunei Darussalam;Male;2001;172015.0
Brunei Darussalam;Female;2001;168022.0
Brunei Darussalam;Rural;2001;96416.0
Brunei Darussalam;Urban;2001;243701.0
Brunei Darussalam;Total;2002;346782.0
Brunei Darussalam;Male;2002;175598.0
Brunei Darussalam;Female;2002;171179.0
Brunei Darussalam;Rural;2002;96965.0
Brunei Darussalam;Urban;2002;249902.0
Brunei Darussalam;Total;2003;353293.0
Brunei Darussalam;Male;2003;179343.0
Brunei Darussalam;Female;2003;173952.0
Brunei Darussalam;Rural;2003;97461.0
Brunei Darussalam;Urban;2003;255928.0
Brunei Darussalam;Total;2004;359433.0
Brunei Darussalam;Male;2004;183005.0
Brunei Darussalam;Female;2004;176429.0
Brunei Darussalam;Rural;2004;97812.0
Brunei Darussalam;Urban;2004;261711.0
Brunei Darussalam;Total;2005;365114.0
Brunei Darussalam;Male;2005;186429.0
Brunei Darussalam;Female;2005;178683.0
Brunei Darussalam;Rural;2005;97998.0
Brunei Darussalam;Urban;2005;267160.0
Brunei Darussalam;Total;2006;370263.0
Brunei Darussalam;Male;2006;189534.0
Brunei Darussalam;Female;2006;180728.0
Brunei Darussalam;Rural;2006;98010.0
Brunei Darussalam;Urban;2006;272240.0
Brunei Darussalam;Total;2007;374965.0
Brunei Darussalam;Male;2007;192399.0
Brunei Darussalam;Female;2007;182568.0
Brunei Darussalam;Rural;2007;97871.0
Brunei Darussalam;Urban;2007;276993.0
Brunei Darussalam;Total;2008;379421.0
Brunei Darussalam;Male;2008;195119.0
Brunei Darussalam;Female;2008;184299.0
Brunei Darussalam;Rural;2008;97651.0
Brunei Darussalam;Urban;2008;281601.0
Brunei Darussalam;Total;2009;383906.0
Brunei Darussalam;Male;2009;197855.0
Brunei Darussalam;Female;2009;186047.0
Brunei Darussalam;Rural;2009;97449.0
Brunei Darussalam;Urban;2009;286323.0
Brunei Darussalam;Total;2010;388646.0
Brunei Darussalam;Male;2010;200719.0
Brunei Darussalam;Female;2010;187915.0
Brunei Darussalam;Rural;2010;97318.0
Brunei Darussalam;Urban;2010;291344.0
Brunei Darussalam;Total;2011;393688.0
Brunei Darussalam;Male;2011;203743.0
Brunei Darussalam;Female;2011;189944.0
Brunei Darussalam;Rural;2011;97280.0
Brunei Darussalam;Urban;2011;296733.0
Brunei Darussalam;Total;2012;398989.0
Brunei Darussalam;Male;2012;206870.0
Brunei Darussalam;Female;2012;192127.0
Brunei Darussalam;Rural;2012;97314.0
Brunei Darussalam;Urban;2012;302434.0
Brunei Darussalam;Total;2013;404421.0
Brunei Darussalam;Male;2013;209997.0
Brunei Darussalam;Female;2013;194417.0
Brunei Darussalam;Rural;2013;97386.0
Brunei Darussalam;Urban;2013;308330.0
Brunei Darussalam;Total;2014;409769.0
Brunei Darussalam;Male;2014;213022.0
Brunei Darussalam;Female;2014;196756.0
Brunei Darussalam;Rural;2014;97441.0
Brunei Darussalam;Urban;2014;314263.0
Brunei Darussalam;Total;2015;414907.0
Brunei Darussalam;Male;2015;215828.0
Brunei Darussalam;Female;2015;199086.0
Brunei Darussalam;Rural;2015;97440.0
Brunei Darussalam;Urban;2015;320102.0
Brunei Darussalam;Total;2016;419800.0
Brunei Darussalam;Male;2016;218376.0
Brunei Darussalam;Female;2016;201415.0
Brunei Darussalam;Rural;2016;97378.0
Brunei Darussalam;Urban;2016;325818.0
Brunei Darussalam;Total;2017;424473.0
Brunei Darussalam;Male;2017;220728.0
Brunei Darussalam;Female;2017;203753.0
Brunei Darussalam;Rural;2017;97263.0
Brunei Darussalam;Urban;2017;331434.0
Brunei Darussalam;Total;2018;428963.0
Brunei Darussalam;Male;2018;222904.0
Brunei Darussalam;Female;2018;206056.0
Brunei Darussalam;Rural;2018;97106.0
Brunei Darussalam;Urban;2018;336970.0
Bulgaria;Total;2000;7997957.0
Bulgaria;Male;2000;3897696.0
Bulgaria;Female;2000;4100255.0
Bulgaria;Rural;2000;2487423.0
Bulgaria;Urban;2000;5510364.0
Bulgaria;Total;2001;7930703.0
Bulgaria;Male;2001;3862849.0
Bulgaria;Female;2001;4067851.0
Bulgaria;Rural;2001;2445343.0
Bulgaria;Urban;2001;5485203.0
Bulgaria;Total;2002;7866239.0
Bulgaria;Male;2002;3829864.0
Bulgaria;Female;2002;4036378.0
Bulgaria;Rural;2002;2397299.0
Bulgaria;Urban;2002;5468787.0
Bulgaria;Total;2003;7804312.0
Bulgaria;Male;2003;3798597.0
Bulgaria;Female;2003;4005709.0
Bulgaria;Rural;2003;2350579.0
Bulgaria;Urban;2003;5453302.0
Bulgaria;Total;2004;7744632.0
Bulgaria;Male;2004;3768917.0
Bulgaria;Female;2004;3975713.0
Bulgaria;Rural;2004;2304921.0
Bulgaria;Urban;2004;5438343.0
Bulgaria;Total;2005;7686962.0
Bulgaria;Male;2005;3740652.0
Bulgaria;Female;2005;3946312.0
Bulgaria;Rural;2005;2260279.0
Bulgaria;Urban;2005;5423484.0
Bulgaria;Total;2006;7631012.0
Bulgaria;Male;2006;3713683.0
Bulgaria;Female;2006;3917337.0
Bulgaria;Rural;2006;2216404.0
Bulgaria;Urban;2006;5408555.0
Bulgaria;Total;2007;7576672.0
Bulgaria;Male;2007;3687869.0
Bulgaria;Female;2007;3888806.0
Bulgaria;Rural;2007;2173353.0
Bulgaria;Urban;2007;5393596.0
Bulgaria;Total;2008;7524087.0
Bulgaria;Male;2008;3663043.0
Bulgaria;Female;2008;3861041.0
Bulgaria;Rural;2008;2131248.0
Bulgaria;Urban;2008;5379083.0
Bulgaria;Total;2009;7473513.0
Bulgaria;Male;2009;3639026.0
Bulgaria;Female;2009;3834483.0
Bulgaria;Rural;2009;2090438.9999999998
Bulgaria;Urban;2009;5365591.0
Bulgaria;Total;2010;7425008.0
Bulgaria;Male;2010;3615632.0
Bulgaria;Female;2010;3809379.0
Bulgaria;Rural;2010;2050944.0
Bulgaria;Urban;2010;5353646.0
Bulgaria;Total;2011;7378650.0
Bulgaria;Male;2011;3592795.0
Bulgaria;Female;2011;3785857.0
Bulgaria;Rural;2011;2012821.0
Bulgaria;Urban;2011;5343392.0
Bulgaria;Total;2012;7334003.0
Bulgaria;Male;2012;3570364.0
Bulgaria;Female;2012;3763643.0
Bulgaria;Rural;2012;1975613.0
Bulgaria;Urban;2012;5334770.0
Bulgaria;Total;2013;7290088.0
Bulgaria;Male;2013;3547961.0
Bulgaria;Female;2013;3742131.0
Bulgaria;Rural;2013;1939116.0
Bulgaria;Urban;2013;5327025.0
Bulgaria;Total;2014;7245646.0
Bulgaria;Male;2014;3525157.0
Bulgaria;Female;2014;3720491.0
Bulgaria;Rural;2014;1902938.0
Bulgaria;Urban;2014;5319207.0
Bulgaria;Total;2015;7199741.0
Bulgaria;Male;2015;3501634.0
Bulgaria;Female;2015;3698105.0
Bulgaria;Rural;2015;1866828.0
Bulgaria;Urban;2015;5310568.0
Bulgaria;Total;2016;7151953.0
Bulgaria;Male;2016;3477208.0
Bulgaria;Female;2016;3674740.0
Bulgaria;Rural;2016;1830702.0
Bulgaria;Urban;2016;5300792.0
Bulgaria;Total;2017;7102444.0
Bulgaria;Male;2017;3451943.0
Bulgaria;Female;2017;3650509.0
Bulgaria;Rural;2017;1794614.0
Bulgaria;Urban;2017;5289957.0
Bulgaria;Total;2018;7051608.0
Bulgaria;Male;2018;3426089.0
Bulgaria;Female;2018;3625521.0
Bulgaria;Rural;2018;1758643.0
Bulgaria;Urban;2018;5278205.0
Burkina Faso;Total;2000;11607942.0
Burkina Faso;Male;2000;5701662.0
Burkina Faso;Female;2000;5906289.0
Burkina Faso;Rural;2000;9536675.0
Burkina Faso;Urban;2000;2071266.9999999998
Burkina Faso;Total;2001;11944587.0
Burkina Faso;Male;2001;5871499.0
Burkina Faso;Female;2001;6073090.0
Burkina Faso;Rural;2001;9730105.0
Burkina Faso;Urban;2001;2214482.0
Burkina Faso;Total;2002;12293100.0
Burkina Faso;Male;2002;6047905.0
Burkina Faso;Female;2002;6245192.0
Burkina Faso;Rural;2002;9925754.0
Burkina Faso;Urban;2002;2367346.0
Burkina Faso;Total;2003;12654621.0
Burkina Faso;Male;2003;6231414.0
Burkina Faso;Female;2003;6423210.0
Burkina Faso;Rural;2003;10124154.0
Burkina Faso;Urban;2003;2530467.0
Burkina Faso;Total;2004;13030569.0
Burkina Faso;Male;2004;6422637.0
Burkina Faso;Female;2004;6607939.0
Burkina Faso;Rural;2004;10325765.0
Burkina Faso;Urban;2004;2704804.0
Burkina Faso;Total;2005;13421930.0
Burkina Faso;Male;2005;6622003.0
Burkina Faso;Female;2005;6799932.0
Burkina Faso;Rural;2005;10531202.0
Burkina Faso;Urban;2005;2890728.0
Burkina Faso;Total;2006;13829176.0
Burkina Faso;Male;2006;6829728.0
Burkina Faso;Female;2006;6999445.0
Burkina Faso;Rural;2006;10739810.0
Burkina Faso;Urban;2006;3089367.0
Burkina Faso;Total;2007;14252021.0
Burkina Faso;Male;2007;7045686.0
Burkina Faso;Female;2007;7206343.0
Burkina Faso;Rural;2007;10974579.0
Burkina Faso;Urban;2007;3277442.0
Burkina Faso;Total;2008;14689725.0
Burkina Faso;Male;2008;7269411.0
Burkina Faso;Female;2008;7420314.0
Burkina Faso;Rural;2008;11232644.0
Burkina Faso;Urban;2008;3457082.0
Burkina Faso;Total;2009;15141098.0
Burkina Faso;Male;2009;7500236.0
Burkina Faso;Female;2009;7640862.0
Burkina Faso;Rural;2009;11495301.0
Burkina Faso;Urban;2009;3645798.0
Burkina Faso;Total;2010;15605217.0
Burkina Faso;Male;2010;7737619.0
Burkina Faso;Female;2010;7867592.0
Burkina Faso;Rural;2010;11761192.0
Burkina Faso;Urban;2010;3844025.0
Burkina Faso;Total;2011;16081913.0
Burkina Faso;Male;2011;7981454.0
Burkina Faso;Female;2011;8100461.0
Burkina Faso;Rural;2011;12029972.0
Burkina Faso;Urban;2011;4051932.0
Burkina Faso;Total;2012;16571253.0
Burkina Faso;Male;2012;8231728.999999999
Burkina Faso;Female;2012;8339522.999999999
Burkina Faso;Rural;2012;12301228.0
Burkina Faso;Urban;2012;4269988.0
Burkina Faso;Total;2013;17072785.0
Burkina Faso;Male;2013;8488213.0
Burkina Faso;Female;2013;8584578.0
Burkina Faso;Rural;2013;12574710.0
Burkina Faso;Urban;2013;4498013.0
Burkina Faso;Total;2014;17586030.0
Burkina Faso;Male;2014;8750631.0
Burkina Faso;Female;2014;8835398.0
Burkina Faso;Rural;2014;12849371.0
Burkina Faso;Urban;2014;4736606.0
Burkina Faso;Total;2015;18110624.0
Burkina Faso;Male;2015;9018772.0
Burkina Faso;Female;2015;9091844.0
Burkina Faso;Rural;2015;13124769.0
Burkina Faso;Urban;2015;4985855.0
Burkina Faso;Total;2016;18646357.0
Burkina Faso;Male;2016;9292515.0
Burkina Faso;Female;2016;9353835.0
Burkina Faso;Rural;2016;13400521.0
Burkina Faso;Urban;2016;5245912.0
Burkina Faso;Total;2017;19193234.0
Burkina Faso;Male;2017;9571848.0
Burkina Faso;Female;2017;9621388.0
Burkina Faso;Rural;2017;13676652.0
Burkina Faso;Urban;2017;5516730.0
Burkina Faso;Total;2018;19751466.0
Burkina Faso;Male;2018;9856874.0
Burkina Faso;Female;2018;9894592.0
Burkina Faso;Rural;2018;13952881.0
Burkina Faso;Urban;2018;5798770.0
Burundi;Total;2000;6378871.0
Burundi;Male;2000;3131928.0
Burundi;Female;2000;3246943.0
Burundi;Rural;2000;5872887.0
Burundi;Urban;2000;527819.0
Burundi;Total;2001;6525545.0
Burundi;Male;2001;3206898.0
Burundi;Female;2001;3318648.0
Burundi;Rural;2001;6001113.0
Burundi;Urban;2001;554716.0
Burundi;Total;2002;6704113.0
Burundi;Male;2002;3297229.0
Burundi;Female;2002;3406889.0
Burundi;Rural;2002;6156269.0
Burundi;Urban;2002;585300.0
Burundi;Total;2003;6909154.0
Burundi;Male;2003;3400372.0
Burundi;Female;2003;3508789.0
Burundi;Rural;2003;6333751.0
Burundi;Urban;2003;619362.0
Burundi;Total;2004;7131693.0
Burundi;Male;2004;3512136.0
Burundi;Female;2004;3619552.0
Burundi;Rural;2004;6526045.0
Burundi;Urban;2004;656406.0
Burundi;Total;2005;7364862.0
Burundi;Male;2005;3629307.0
Burundi;Female;2005;3735550.0
Burundi;Rural;2005;6727349.0
Burundi;Urban;2005;695940.0
Burundi;Total;2006;7607849.0
Burundi;Male;2006;3751517.0
Burundi;Female;2006;3856333.0
Burundi;Rural;2006;6937204.0
Burundi;Urban;2006;738134.0
Burundi;Total;2007;7862214.0
Burundi;Male;2007;3879444.0
Burundi;Female;2007;3982782.0
Burundi;Rural;2007;7156384.0
Burundi;Urban;2007;783189.0
Burundi;Total;2008;8126102.0
Burundi;Male;2008;4012093.0
Burundi;Female;2008;4114011.0000000005
Burundi;Rural;2008;7381365.0
Burundi;Urban;2008;830899.0
Burundi;Total;2009;8397668.0
Burundi;Male;2009;4148462.0000000005
Burundi;Female;2009;4249199.0
Burundi;Rural;2009;7608188.0
Burundi;Urban;2009;880843.0
Burundi;Total;2010;8675602.0
Burundi;Male;2010;4287851.0
Burundi;Female;2010;4387755.0
Burundi;Rural;2010;7833959.0
Burundi;Urban;2010;932971.0
Burundi;Total;2011;8958406.0
Burundi;Male;2011;4429454.0
Burundi;Female;2011;4528952.0
Burundi;Rural;2011;8056443.0
Burundi;Urban;2011;987065.0
Burundi;Total;2012;9245988.0
Burundi;Male;2012;4573301.0
Burundi;Female;2012;4672691.0
Burundi;Rural;2012;8276415.999999999
Burundi;Urban;2012;1043294.0000000001
Burundi;Total;2013;9540291.0
Burundi;Male;2013;4720469.0
Burundi;Female;2013;4819833.0
Burundi;Rural;2013;8497927.0
Burundi;Urban;2013;1102259.0
Burundi;Total;2014;9844299.0
Burundi;Male;2014;4872574.0
Burundi;Female;2014;4971727.0
Burundi;Rural;2014;8726909.0
Burundi;Urban;2014;1164881.0
Burundi;Total;2015;10160030.0
Burundi;Male;2015;5030735.0
Burundi;Female;2015;5129299.0
Burundi;Rural;2015;8967359.0
Burundi;Urban;2015;1231911.0
Burundi;Total;2016;10487995.0
Burundi;Male;2016;5195257.0
Burundi;Female;2016;5292745.0
Burundi;Rural;2016;9220356.0
Burundi;Urban;2016;1303761.0
Burundi;Total;2017;10827019.0
Burundi;Male;2017;5365496.0
Burundi;Female;2017;5461514.0
Burundi;Rural;2017;9483827.0
Burundi;Urban;2017;1380418.0
Burundi;Total;2018;11175374.0
Burundi;Male;2018;5540530.0
Burundi;Female;2018;5634849.0
Burundi;Rural;2018;9754746.0
Burundi;Urban;2018;1461704.0
Cabo Verde;Total;2000;428188.0
Cabo Verde;Male;2000;206009.0
Cabo Verde;Female;2000;222169.0
Cabo Verde;Rural;2000;202594.0
Cabo Verde;Urban;2000;232485.0
Cabo Verde;Total;2001;435709.0
Cabo Verde;Male;2001;209845.0
Cabo Verde;Female;2001;225856.0
Cabo Verde;Rural;2001;202818.0
Cabo Verde;Urban;2001;240898.0
Cabo Verde;Total;2002;442951.0
Cabo Verde;Male;2002;213640.0
Cabo Verde;Female;2002;229315.0
Cabo Verde;Rural;2002;202789.0
Cabo Verde;Urban;2002;249317.0
Cabo Verde;Total;2003;449930.0
Cabo Verde;Male;2003;217434.0
Cabo Verde;Female;2003;232491.0
Cabo Verde;Rural;2003;202478.0
Cabo Verde;Urban;2003;257668.99999999997
Cabo Verde;Total;2004;456617.0
Cabo Verde;Male;2004;221301.0
Cabo Verde;Female;2004;235318.0
Cabo Verde;Rural;2004;201814.0
Cabo Verde;Urban;2004;265850.0
Cabo Verde;Total;2005;463032.0
Cabo Verde;Male;2005;225288.0
Cabo Verde;Female;2005;237746.0
Cabo Verde;Rural;2005;200793.0
Cabo Verde;Urban;2005;273774.0
Cabo Verde;Total;2006;469170.0
Cabo Verde;Male;2006;229420.0
Cabo Verde;Female;2006;239751.0
Cabo Verde;Rural;2006;199391.0
Cabo Verde;Urban;2006;281404.0
Cabo Verde;Total;2007;475060.0
Cabo Verde;Male;2007;233675.0
Cabo Verde;Female;2007;241392.0
Cabo Verde;Rural;2007;197671.0
Cabo Verde;Urban;2007;288767.0
Cabo Verde;Total;2008;480842.0
Cabo Verde;Male;2008;237959.0
Cabo Verde;Female;2008;242887.0
Cabo Verde;Rural;2008;195736.0
Cabo Verde;Urban;2008;295987.0
Cabo Verde;Total;2009;486671.0
Cabo Verde;Male;2009;242121.0
Cabo Verde;Female;2009;244546.0
Cabo Verde;Rural;2009;193735.0
Cabo Verde;Urban;2009;303228.0
Cabo Verde;Total;2010;492654.0
Cabo Verde;Male;2010;246066.0
Cabo Verde;Female;2010;246578.0
Cabo Verde;Rural;2010;191807.0
Cabo Verde;Urban;2010;310577.0
Cabo Verde;Total;2011;498857.0
Cabo Verde;Male;2011;249767.0
Cabo Verde;Female;2011;249091.0
Cabo Verde;Rural;2011;191430.0
Cabo Verde;Urban;2011;316637.0
Cabo Verde;Total;2012;505235.0
Cabo Verde;Male;2012;253247.0
Cabo Verde;Female;2012;251994.0
Cabo Verde;Rural;2012;191091.0
Cabo Verde;Urban;2012;322888.0
Cabo Verde;Total;2013;511748.0
Cabo Verde;Male;2013;256559.00000000003
Cabo Verde;Female;2013;255181.0
Cabo Verde;Rural;2013;190793.0
Cabo Verde;Urban;2013;329313.0
Cabo Verde;Total;2014;518270.99999999994
Cabo Verde;Male;2014;259819.00000000003
Cabo Verde;Female;2014;258457.0
Cabo Verde;Rural;2014;190519.0
Cabo Verde;Urban;2014;335918.0
Cabo Verde;Total;2015;524743.0
Cabo Verde;Male;2015;263070.0
Cabo Verde;Female;2015;261670.00000000003
Cabo Verde;Rural;2015;190250.0
Cabo Verde;Urban;2015;342663.0
Cabo Verde;Total;2016;531146.0
Cabo Verde;Male;2016;266349.0
Cabo Verde;Female;2016;264791.0
Cabo Verde;Rural;2016;190010.0
Cabo Verde;Urban;2016;349550.0
Cabo Verde;Total;2017;537498.0
Cabo Verde;Male;2017;269626.0
Cabo Verde;Female;2017;267873.0
Cabo Verde;Rural;2017;189808.0
Cabo Verde;Urban;2017;356580.0
Cabo Verde;Total;2018;543767.0
Cabo Verde;Male;2018;272866.0
Cabo Verde;Female;2018;270898.0
Cabo Verde;Rural;2018;189620.0
Cabo Verde;Urban;2018;363715.0
Cambodia;Total;2000;12155239.0
Cambodia;Male;2000;5907470.0
Cambodia;Female;2000;6247771.0
Cambodia;Rural;2000;9893668.0
Cambodia;Urban;2000;2258686.0
Cambodia;Total;2001;12405408.0
Cambodia;Male;2001;6027167.0
Cambodia;Female;2001;6378244.0
Cambodia;Rural;2001;10082881.0
Cambodia;Urban;2001;2319592.0
Cambodia;Total;2002;12637727.0
Cambodia;Male;2002;6137222.0
Cambodia;Female;2002;6500497.0
Cambodia;Rural;2002;10256921.0
Cambodia;Urban;2002;2377808.0
Cambodia;Total;2003;12856163.0
Cambodia;Male;2003;6240510.0
Cambodia;Female;2003;6615661.0
Cambodia;Rural;2003;10419109.0
Cambodia;Urban;2003;2434015.0
Cambodia;Total;2004;13066469.0
Cambodia;Male;2004;6341054.0
Cambodia;Female;2004;6725421.0
Cambodia;Rural;2004;10574098.0
Cambodia;Urban;2004;2489279.0
Cambodia;Total;2005;13273354.0
Cambodia;Male;2005;6442005.0
Cambodia;Female;2005;6831350.0
Cambodia;Rural;2005;10725787.0
Cambodia;Urban;2005;2544414.0
Cambodia;Total;2006;13477709.0
Cambodia;Male;2006;6544217.0
Cambodia;Female;2006;6933488.0
Cambodia;Rural;2006;10874842.0
Cambodia;Urban;2006;2599647.0
Cambodia;Total;2007;13679962.0
Cambodia;Male;2007;6647523.0
Cambodia;Female;2007;7032430.0
Cambodia;Rural;2007;11021653.0
Cambodia;Urban;2007;2655040.0
Cambodia;Total;2008;13883834.0
Cambodia;Male;2008;6752825.0
Cambodia;Female;2008;7131010.0
Cambodia;Rural;2008;11163903.0
Cambodia;Urban;2008;2716606.0
Cambodia;Total;2009;14093604.0
Cambodia;Male;2009;6860848.0
Cambodia;Female;2009;7232757.0
Cambodia;Rural;2009;11282037.0
Cambodia;Urban;2009;2808171.0
Cambodia;Total;2010;14312212.0
Cambodia;Male;2010;6972050.0
Cambodia;Female;2010;7340155.0
Cambodia;Rural;2010;11404934.0
Cambodia;Urban;2010;2903806.0
Cambodia;Total;2011;14541423.0
Cambodia;Male;2011;7087005.0
Cambodia;Female;2011;7454416.0
Cambodia;Rural;2011;11533945.0
Cambodia;Urban;2011;3003941.0
Cambodia;Total;2012;14780454.0
Cambodia;Male;2012;7205612.0
Cambodia;Female;2012;7574842.0
Cambodia;Rural;2012;11668224.0
Cambodia;Urban;2012;3108642.0
Cambodia;Total;2013;15026332.0
Cambodia;Male;2013;7326766.0
Cambodia;Female;2013;7699564.0
Cambodia;Rural;2013;11805508.0
Cambodia;Urban;2013;3217184.0
Cambodia;Total;2014;15274503.0
Cambodia;Male;2014;7448809.0
Cambodia;Female;2014;7825697.0
Cambodia;Rural;2014;11941876.0
Cambodia;Urban;2014;3328914.0
Cambodia;Total;2015;15521436.0
Cambodia;Male;2015;7570441.0
Cambodia;Female;2015;7950994.0
Cambodia;Rural;2015;12074599.0
Cambodia;Urban;2015;3443036.0
Cambodia;Total;2016;15766292.0
Cambodia;Male;2016;7691291.0
Cambodia;Female;2016;8074999.0
Cambodia;Rural;2016;12202907.0
Cambodia;Urban;2016;3559463.0
Cambodia;Total;2017;16009409.0
Cambodia;Male;2017;7811386.0
Cambodia;Female;2017;8198027.0
Cambodia;Rural;2017;12327338.0
Cambodia;Urban;2017;3678035.0
Cambodia;Total;2018;16249792.0
Cambodia;Male;2018;7930228.0
Cambodia;Female;2018;8319566.999999999
Cambodia;Rural;2018;12446208.0
Cambodia;Urban;2018;3799521.0
Cameroon;Total;2000;15513945.0
Cameroon;Male;2000;7722267.0
Cameroon;Female;2000;7791677.0
Cameroon;Rural;2000;8318116.0
Cameroon;Urban;2000;6956118.0
Cameroon;Total;2001;15928910.0
Cameroon;Male;2001;7929955.0
Cameroon;Female;2001;7998955.0
Cameroon;Rural;2001;8441086.0
Cameroon;Urban;2001;7230841.0
Cameroon;Total;2002;16357602.0
Cameroon;Male;2002;8144931.0
Cameroon;Female;2002;8212674.000000001
Cameroon;Rural;2002;8567125.0
Cameroon;Urban;2002;7517761.0
Cameroon;Total;2003;16800865.0
Cameroon;Male;2003;8367620.000000001
Cameroon;Female;2003;8433249.0
Cameroon;Rural;2003;8696474.0
Cameroon;Urban;2003;7817348.0
Cameroon;Total;2004;17259322.0
Cameroon;Male;2004;8598312.0
Cameroon;Female;2004;8661010.0
Cameroon;Rural;2004;8828900.0
Cameroon;Urban;2004;8130181.0
Cameroon;Total;2005;17733410.0
Cameroon;Male;2005;8837179.0
Cameroon;Female;2005;8896229.0
Cameroon;Rural;2005;8964620.0
Cameroon;Urban;2005;8456175.0
Cameroon;Total;2006;18223674.0
Cameroon;Male;2006;9084551.0
Cameroon;Female;2006;9139126.0
Cameroon;Rural;2006;9103242.0
Cameroon;Urban;2006;8796320.0
Cameroon;Total;2007;18730282.0
Cameroon;Male;2007;9340473.0
Cameroon;Female;2007;9389810.0
Cameroon;Rural;2007;9244465.0
Cameroon;Urban;2007;9150924.0
Cameroon;Total;2008;19252666.0
Cameroon;Male;2008;9604452.0
Cameroon;Female;2008;9648222.0
Cameroon;Rural;2008;9387386.0
Cameroon;Urban;2008;9519622.0
Cameroon;Total;2009;19789919.0
Cameroon;Male;2009;9875760.0
Cameroon;Female;2009;9914162.0
Cameroon;Rural;2009;9530836.0
Cameroon;Urban;2009;9901705.0
Cameroon;Total;2010;20341241.0
Cameroon;Male;2010;10153792.0
Cameroon;Female;2010;10187444.0
Cameroon;Rural;2010;9673887.0
Cameroon;Urban;2010;10296608.0
Cameroon;Total;2011;20906388.0
Cameroon;Male;2011;10438338.0
Cameroon;Female;2011;10468054.0
Cameroon;Rural;2011;9816164.0
Cameroon;Urban;2011;10704283.0
Cameroon;Total;2012;21485265.0
Cameroon;Male;2012;10729397.0
Cameroon;Female;2012;10755870.0
Cameroon;Rural;2012;9957503.0
Cameroon;Urban;2012;11124880.0
Cameroon;Total;2013;22077294.0
Cameroon;Male;2013;11026877.0
Cameroon;Female;2013;11050423.0
Cameroon;Rural;2013;10097480.0
Cameroon;Urban;2013;11558235.0
Cameroon;Total;2014;22681852.0
Cameroon;Male;2014;11330730.0
Cameroon;Female;2014;11351123.0
Cameroon;Rural;2014;10235717.0
Cameroon;Urban;2014;12004187.0
Cameroon;Total;2015;23298368.0
Cameroon;Male;2015;11640880.0
Cameroon;Female;2015;11657496.0
Cameroon;Rural;2015;10371907.0
Cameroon;Urban;2015;12462615.0
Cameroon;Total;2016;23926551.0
Cameroon;Male;2016;11957213.0
Cameroon;Female;2016;11969336.0
Cameroon;Rural;2016;10505784.0
Cameroon;Urban;2016;12933405.0
Cameroon;Total;2017;24566073.0
Cameroon;Male;2017;12279497.0
Cameroon;Female;2017;12286573.0
Cameroon;Rural;2017;10637190.0
Cameroon;Urban;2017;13416537.0
Cameroon;Total;2018;25216267.0
Cameroon;Male;2018;12607251.0
Cameroon;Female;2018;12609010.0
Cameroon;Rural;2018;10766102.0
Cameroon;Urban;2018;13912132.0
Canada;Total;2000;30588383.0
Canada;Male;2000;15152318.0
Canada;Female;2000;15436061.0
Canada;Rural;2000;6307700.0
Canada;Urban;2000;24428073.0
Canada;Total;2001;30880073.0
Canada;Male;2001;15299307.0
Canada;Female;2001;15580765.0
Canada;Rural;2001;6263924.0
Canada;Urban;2001;24760808.0
Canada;Total;2002;31178263.0
Canada;Male;2002;15449335.0
Canada;Female;2002;15728925.0
Canada;Rural;2002;6299155.0
Canada;Urban;2002;25021734.0
Canada;Total;2003;31488048.0
Canada;Male;2003;15605073.0
Canada;Female;2003;15882973.0
Canada;Rural;2003;6336148.0
Canada;Urban;2003;25291658.0
Canada;Total;2004;31815494.0
Canada;Male;2004;15769779.0
Canada;Female;2004;16045711.0
Canada;Rural;2004;6375632.0
Canada;Urban;2004;25573785.0
Canada;Total;2005;32164309.0
Canada;Male;2005;15945444.0
Canada;Female;2005;16218869.0
Canada;Rural;2005;6418127.0
Canada;Urban;2005;25869853.0
Canada;Total;2006;32536987.0
Canada;Male;2006;16133439.0
Canada;Female;2006;16403555.0
Canada;Rural;2006;6459512.0
Canada;Urban;2006;26185971.0
Canada;Total;2007;32930794.0
Canada;Male;2007;16332207.0
Canada;Female;2007;16598588.0
Canada;Rural;2007;6473183.0
Canada;Urban;2007;26546749.0
Canada;Total;2008;33337638.0
Canada;Male;2008;16537195.0
Canada;Female;2008;16800443.0
Canada;Rural;2008;6487802.0
Canada;Urban;2008;26916746.0
Canada;Total;2009;33746093.0
Canada;Male;2009;16741973.000000002
Canada;Female;2009;17004120.0
Canada;Rural;2009;6501752.0
Canada;Urban;2009;27288079.0
Canada;Total;2010;34147564.0
Canada;Male;2010;16941808.0
Canada;Female;2010;17205758.0
Canada;Rural;2010;6513437.0
Canada;Urban;2010;27655231.0
Canada;Total;2011;34539159.0
Canada;Male;2011;17134966.0
Canada;Female;2011;17404190.0
Canada;Rural;2011;6529238.0
Canada;Urban;2011;28009384.0
Canada;Total;2012;34922030.0
Canada;Male;2012;17322343.0
Canada;Female;2012;17599688.0
Canada;Rural;2012;6583389.0
Canada;Urban;2012;28317316.0
Canada;Total;2013;35296528.0
Canada;Male;2013;17505031.0
Canada;Female;2013;17791504.0
Canada;Rural;2013;6635934.0
Canada;Urban;2013;28619561.0
Canada;Total;2014;35664337.0
Canada;Male;2014;17685123.0
Canada;Female;2014;17979215.0
Canada;Rural;2014;6687150.0
Canada;Urban;2014;28917578.0
Canada;Total;2015;36026676.0
Canada;Male;2015;17864138.0
Canada;Female;2015;18162530.0
Canada;Rural;2015;6737308.0
Canada;Urban;2015;29212401.0
Canada;Total;2016;36382944.0
Canada;Male;2016;18042095.0
Canada;Female;2016;18340847.0
Canada;Rural;2016;6786280.0
Canada;Urban;2016;29503542.0
Canada;Total;2017;36732095.0
Canada;Male;2017;18218176.0
Canada;Female;2017;18513915.0
Canada;Rural;2017;6830253.0
Canada;Urban;2017;29793946.0
Canada;Total;2018;37074562.0
Canada;Male;2018;18392121.0
Canada;Female;2018;18682437.0
Canada;Rural;2018;6869269.0
Canada;Urban;2018;30084496.0
Cayman Islands;Total;2000;42303.0
Cayman Islands;Rural;2000;0.0
Cayman Islands;Urban;2000;41687.0
Cayman Islands;Total;2001;43935.0
Cayman Islands;Rural;2001;0.0
Cayman Islands;Urban;2001;43316.0
Cayman Islands;Total;2002;45351.0
Cayman Islands;Rural;2002;0.0
Cayman Islands;Urban;2002;44738.0
Cayman Islands;Total;2003;46632.0
Cayman Islands;Rural;2003;0.0
Cayman Islands;Urban;2003;46028.0
Cayman Islands;Total;2004;47902.0
Cayman Islands;Rural;2004;0.0
Cayman Islands;Urban;2004;47299.0
Cayman Islands;Total;2005;49261.0
Cayman Islands;Rural;2005;0.0
Cayman Islands;Urban;2005;48622.0
Cayman Islands;Total;2006;50740.0
Cayman Islands;Rural;2006;0.0
Cayman Islands;Urban;2006;50031.0
Cayman Islands;Total;2007;52280.0
Cayman Islands;Rural;2007;0.0
Cayman Islands;Urban;2007;51483.0
Cayman Islands;Total;2008;53836.0
Cayman Islands;Rural;2008;0.0
Cayman Islands;Urban;2008;52926.0
Cayman Islands;Total;2009;55322.0
Cayman Islands;Rural;2009;0.0
Cayman Islands;Urban;2009;54279.0
Cayman Islands;Total;2010;56672.0
Cayman Islands;Rural;2010;0.0
Cayman Islands;Urban;2010;55507.0
Cayman Islands;Total;2011;57878.0
Cayman Islands;Rural;2011;0.0
Cayman Islands;Urban;2011;56579.0
Cayman Islands;Total;2012;58958.0
Cayman Islands;Rural;2012;0.0
Cayman Islands;Urban;2012;57523.0
Cayman Islands;Total;2013;59932.0
Cayman Islands;Rural;2013;0.0
Cayman Islands;Urban;2013;58371.0
Cayman Islands;Total;2014;60848.0
Cayman Islands;Rural;2014;0.0
Cayman Islands;Urban;2014;59172.0
Cayman Islands;Total;2015;61724.0
Cayman Islands;Rural;2015;0.0
Cayman Islands;Urban;2015;59963.0
Cayman Islands;Total;2016;62569.0
Cayman Islands;Rural;2016;0.0
Cayman Islands;Urban;2016;60765.0
Cayman Islands;Total;2017;63382.0
Cayman Islands;Rural;2017;0.0
Cayman Islands;Urban;2017;61559.0
Cayman Islands;Total;2018;64174.00000000001
Cayman Islands;Rural;2018;0.0
Cayman Islands;Urban;2018;62348.0
Central African Republic;Total;2000;3640427.0
Central African Republic;Male;2000;1795023.0
Central African Republic;Female;2000;1845398.0
Central African Republic;Rural;2000;2341659.0
Central African Republic;Urban;2000;1413327.0
Central African Republic;Total;2001;3722018.0
Central African Republic;Male;2001;1835903.0
Central African Republic;Female;2001;1886113.0
Central African Republic;Rural;2001;2386683.0
Central African Republic;Urban;2001;1445520.0
Central African Republic;Total;2002;3802128.0
Central African Republic;Male;2002;1876287.0
Central African Republic;Female;2002;1925842.0
Central African Republic;Rural;2002;2430450.0
Central African Republic;Urban;2002;1477162.0
Central African Republic;Total;2003;3881181.0
Central African Republic;Male;2003;1916297.0
Central African Republic;Female;2003;1964888.0
Central African Republic;Rural;2003;2473248.0
Central African Republic;Urban;2003;1508417.0
Central African Republic;Total;2004;3959875.0
Central African Republic;Male;2004;1956164.0
Central African Republic;Female;2004;2003719.0
Central African Republic;Rural;2004;2515494.0
Central African Republic;Urban;2004;1539542.0
Central African Republic;Total;2005;4038382.0
Central African Republic;Male;2005;1995878.0
Central African Republic;Female;2005;2042502.0
Central African Republic;Rural;2005;2556449.0
Central African Republic;Urban;2005;1571461.0
Central African Republic;Total;2006;4118069.0000000005
Central African Republic;Male;2006;2036099.0
Central African Republic;Female;2006;2081976.0
Central African Republic;Rural;2006;2596960.0
Central African Republic;Urban;2006;1604798.0
Central African Republic;Total;2007;4198010.0
Central African Republic;Male;2007;2076368.0
Central African Republic;Female;2007;2121636.0
Central African Republic;Rural;2007;2636499.0
Central African Republic;Urban;2007;1639301.0
Central African Republic;Total;2008;4273366.0
Central African Republic;Male;2008;2114319.0
Central African Republic;Female;2008;2159049.0
Central African Republic;Rural;2008;2672155.0
Central African Republic;Urban;2008;1673231.0
Central African Republic;Total;2009;4337625.0
Central African Republic;Male;2009;2146735.0
Central African Republic;Female;2009;2190888.0
Central African Republic;Rural;2009;2700048.0
Central African Republic;Urban;2009;1704182.0
Central African Republic;Total;2010;4386768.0
Central African Republic;Male;2010;2171641.0
Central African Republic;Female;2010;2215124.0
Central African Republic;Rural;2010;2717873.0
Central African Republic;Urban;2010;1730652.0
Central African Republic;Total;2011;4418637.0
Central African Republic;Male;2011;2187973.0
Central African Republic;Female;2011;2230666.0
Central African Republic;Rural;2011;2724400.0
Central African Republic;Urban;2011;1751753.0
Central African Republic;Total;2012;4436416.0
Central African Republic;Male;2012;2197286.0
Central African Republic;Female;2012;2239125.0
Central African Republic;Rural;2012;2721724.0
Central African Republic;Urban;2012;1768692.0
Central African Republic;Total;2013;4447944.0
Central African Republic;Male;2013;2203461.0
Central African Republic;Female;2013;2244484.0
Central African Republic;Rural;2013;2714965.0
Central African Republic;Urban;2013;1784688.0
Central African Republic;Total;2014;4464175.0
Central African Republic;Male;2014;2211896.0
Central African Republic;Female;2014;2252275.0
Central African Republic;Rural;2014;2711077.0
Central African Republic;Urban;2014;1804315.0
Central African Republic;Total;2015;4493170.0
Central African Republic;Male;2015;2226565.0
Central African Republic;Female;2015;2266606.0
Central African Republic;Rural;2015;2715046.0
Central African Republic;Urban;2015;1831054.0
Central African Republic;Total;2016;4537686.0
Central African Republic;Male;2016;2248836.0
Central African Republic;Female;2016;2288847.0
Central African Republic;Rural;2016;2728393.0
Central African Republic;Urban;2016;1866228.0
Central African Republic;Total;2017;4596023.0
Central African Republic;Male;2017;2277876.0
Central African Republic;Female;2017;2318147.0
Central African Republic;Rural;2017;2749797.0
Central African Republic;Urban;2017;1909283.0
Central African Republic;Total;2018;4666368.0
Central African Republic;Male;2018;2312820.0
Central African Republic;Female;2018;2353555.0
Central African Republic;Rural;2018;2777836.0
Central African Republic;Urban;2018;1959587.0
Chad;Total;2000;8355654.0
Chad;Male;2000;4158930.0000000005
Chad;Female;2000;4196724.0
Chad;Rural;2000;6537507.0
Chad;Urban;2000;1805052.0
Chad;Total;2001;8678051.0
Chad;Male;2001;4320595.0
Chad;Female;2001;4357454.0
Chad;Rural;2001;6785780.0
Chad;Urban;2001;1877232.0
Chad;Total;2002;9019233.0
Chad;Male;2002;4491580.0
Chad;Female;2002;4527646.0
Chad;Rural;2002;7048105.0
Chad;Urban;2002;1953584.0
Chad;Total;2003;9373916.0
Chad;Male;2003;4669285.0
Chad;Female;2003;4704628.0
Chad;Rural;2003;7320248.0
Chad;Urban;2003;2032953.0
Chad;Total;2004;9734767.0
Chad;Male;2004;4850103.0
Chad;Female;2004;4884658.0
Chad;Rural;2004;7596322.0
Chad;Urban;2004;2113721.0
Chad;Total;2005;10096633.0
Chad;Male;2005;5031496.0
Chad;Female;2005;5065134.0
Chad;Rural;2005;7872263.0
Chad;Urban;2005;2194746.0
Chad;Total;2006;10457124.0
Chad;Male;2006;5212280.0
Chad;Female;2006;5244842.0
Chad;Rural;2006;8146101.0
Chad;Urban;2006;2275496.0
Chad;Total;2007;10818024.0
Chad;Male;2007;5393329.0
Chad;Female;2007;5424702.0
Chad;Rural;2007;8419328.0
Chad;Urban;2007;2356380.0
Chad;Total;2008;11183588.0
Chad;Male;2008;5576712.0
Chad;Female;2008;5606877.0
Chad;Rural;2008;8695468.0
Chad;Urban;2008;2438393.0
Chad;Total;2009;11560147.0
Chad;Male;2009;5765507.0
Chad;Female;2009;5794635.0
Chad;Rural;2009;8979786.0
Chad;Urban;2009;2523000.0
Chad;Total;2010;11952136.0
Chad;Male;2010;5961893.0
Chad;Female;2010;5990241.0
Chad;Rural;2010;9273802.0
Chad;Urban;2010;2613400.0
Chad;Total;2011;12360990.0
Chad;Male;2011;6166545.0
Chad;Female;2011;6194441.0
Chad;Rural;2011;9578480.0
Chad;Urban;2011;2710171.0
Chad;Total;2012;12784750.0
Chad;Male;2012;6378518.0
Chad;Female;2012;6406230.0
Chad;Rural;2012;9891998.0
Chad;Urban;2012;2813137.0
Chad;Total;2013;13220433.0
Chad;Male;2013;6596372.0
Chad;Female;2013;6624061.0
Chad;Rural;2013;10211686.0
Chad;Urban;2013;2921903.0
Chad;Total;2014;13663566.0
Chad;Male;2014;6817947.0
Chad;Female;2014;6845615.0
Chad;Rural;2014;10533696.0
Chad;Urban;2014;3035742.0
Chad;Total;2015;14110975.0
Chad;Male;2015;7041734.0
Chad;Female;2015;7069237.0
Chad;Rural;2015;10855197.0
Chad;Urban;2015;3154216.0
Chad;Total;2016;14561660.0
Chad;Male;2016;7267235.0
Chad;Female;2016;7294423.0
Chad;Rural;2016;11175141.0
Chad;Urban;2016;3277402.0
Chad;Total;2017;15016753.0
Chad;Male;2017;7495003.0
Chad;Female;2017;7521758.0
Chad;Rural;2017;11494121.0
Chad;Urban;2017;3405873.0
Chad;Total;2018;15477729.0
Chad;Male;2018;7725723.0
Chad;Female;2018;7752004.0
Chad;Rural;2018;11812905.0
Chad;Urban;2018;3540279.0
Channel Islands;Total;2000;148443.0
Channel Islands;Male;2000;72297.0
Channel Islands;Female;2000;76142.0
Channel Islands;Rural;2000;103416.0
Channel Islands;Urban;2000;45309.0
Channel Islands;Total;2001;149097.0
Channel Islands;Male;2001;72704.0
Channel Islands;Female;2001;76393.0
Channel Islands;Rural;2001;104113.0
Channel Islands;Urban;2001;45680.0
Channel Islands;Total;2002;149596.0
Channel Islands;Male;2002;73036.0
Channel Islands;Female;2002;76555.0
Channel Islands;Rural;2002;104790.0
Channel Islands;Urban;2002;46111.0
Channel Islands;Total;2003;150068.0
Channel Islands;Male;2003;73355.0
Channel Islands;Female;2003;76715.0
Channel Islands;Rural;2003;105486.0
Channel Islands;Urban;2003;46552.0
Channel Islands;Total;2004;150716.0
Channel Islands;Male;2004;73766.0
Channel Islands;Female;2004;76956.0
Channel Islands;Rural;2004;106176.0
Channel Islands;Urban;2004;46994.0
Channel Islands;Total;2005;151678.0
Channel Islands;Male;2005;74320.0
Channel Islands;Female;2005;77354.0
Channel Islands;Rural;2005;106860.0
Channel Islands;Urban;2005;47434.0
Channel Islands;Total;2006;153008.0
Channel Islands;Male;2006;75061.0
Channel Islands;Female;2006;77938.0
Channel Islands;Rural;2006;107537.0
Channel Islands;Urban;2006;47874.0
Channel Islands;Total;2007;154636.0
Channel Islands;Male;2007;75953.0
Channel Islands;Female;2007;78691.0
Channel Islands;Rural;2007;108202.0
Channel Islands;Urban;2007;48311.0
Channel Islands;Total;2008;156433.0
Channel Islands;Male;2008;76923.0
Channel Islands;Female;2008;79518.0
Channel Islands;Rural;2008;108842.0
Channel Islands;Urban;2008;48739.0
Channel Islands;Total;2009;158178.0
Channel Islands;Male;2009;77860.0
Channel Islands;Female;2009;80327.0
Channel Islands;Rural;2009;109449.0
Channel Islands;Urban;2009;49154.0
Channel Islands;Total;2010;159734.0
Channel Islands;Male;2010;78682.0
Channel Islands;Female;2010;81036.0
Channel Islands;Rural;2010;110025.0
Channel Islands;Urban;2010;49556.0
Channel Islands;Total;2011;160998.0
Channel Islands;Male;2011;79367.0
Channel Islands;Female;2011;81623.0
Channel Islands;Rural;2011;110596.0
Channel Islands;Urban;2011;49901.0
Channel Islands;Total;2012;162056.0
Channel Islands;Male;2012;79947.0
Channel Islands;Female;2012;82104.0
Channel Islands;Rural;2012;111242.0
Channel Islands;Urban;2012;50116.0
Channel Islands;Total;2013;163038.0
Channel Islands;Male;2013;80479.0
Channel Islands;Female;2013;82560.0
Channel Islands;Rural;2013;111861.0
Channel Islands;Urban;2013;50319.0
Channel Islands;Total;2014;164100.0
Channel Islands;Male;2014;81045.0
Channel Islands;Female;2014;83062.0
Channel Islands;Rural;2014;112457.0
Channel Islands;Urban;2014;50512.0
Channel Islands;Total;2015;165385.0
Channel Islands;Male;2015;81716.0
Channel Islands;Female;2015;83671.0
Channel Islands;Rural;2015;113055.0
Channel Islands;Urban;2015;50703.0
Channel Islands;Total;2016;166923.0
Channel Islands;Male;2016;82514.0
Channel Islands;Female;2016;84408.0
Channel Islands;Rural;2016;113648.0
Channel Islands;Urban;2016;50893.0
Channel Islands;Total;2017;168665.0
Channel Islands;Male;2017;83410.0
Channel Islands;Female;2017;85256.0
Channel Islands;Rural;2017;114209.0
Channel Islands;Urban;2017;51105.0
Channel Islands;Total;2018;170499.0
Channel Islands;Male;2018;84346.0
Channel Islands;Female;2018;86150.0
Channel Islands;Rural;2018;114740.0
Channel Islands;Urban;2018;51343.0
Chile;Total;2000;15342353.0
Chile;Male;2000;7548165.0
Chile;Female;2000;7794185.0
Chile;Rural;2000;2125607.0
Chile;Urban;2000;13137147.0
Chile;Total;2001;15516113.0
Chile;Male;2001;7634046.0
Chile;Female;2001;7882066.0
Chile;Rural;2001;2106259.0
Chile;Urban;2001;13338710.0
Chile;Total;2002;15684409.0
Chile;Male;2002;7717131.0
Chile;Female;2002;7967282.0
Chile;Rural;2002;2092618.0
Chile;Urban;2002;13531017.0
Chile;Total;2003;15849652.0
Chile;Male;2003;7798637.0
Chile;Female;2003;8051012.0
Chile;Rural;2003;2106807.0
Chile;Urban;2003;13692735.0
Chile;Total;2004;16014971.0
Chile;Male;2004;7880156.0
Chile;Female;2004;8134816.0
Chile;Rural;2004;2120588.0
Chile;Urban;2004;13853190.0
Chile;Total;2005;16182721.0
Chile;Male;2005;7962875.0
Chile;Female;2005;8219838.0
Chile;Rural;2005;2134099.0
Chile;Urban;2005;14012965.0
Chile;Total;2006;16354504.0
Chile;Male;2006;8047644.0
Chile;Female;2006;8306862.999999999
Chile;Rural;2006;2147356.0
Chile;Urban;2006;14172436.0
Chile;Total;2007;16530195.0
Chile;Male;2007;8134410.0
Chile;Female;2007;8395791.0
Chile;Rural;2007;2160337.0
Chile;Urban;2007;14331350.0
Chile;Total;2008;16708258.000000002
Chile;Male;2008;8222343.999999999
Chile;Female;2008;8485911.0
Chile;Rural;2008;2172928.0
Chile;Urban;2008;14489014.0
Chile;Total;2009;16886186.0
Chile;Male;2009;8310124.0
Chile;Female;2009;8576060.0
Chile;Rural;2009;2185026.0
Chile;Urban;2009;14644416.0
Chile;Total;2010;17062536.0
Chile;Male;2010;8397001.0
Chile;Female;2010;8665530.0
Chile;Rural;2010;2196490.0
Chile;Urban;2010;14796864.0
Chile;Total;2011;17233576.0
Chile;Male;2011;8481053.0
Chile;Female;2011;8752531.0
Chile;Rural;2011;2207299.0
Chile;Urban;2011;14946058.0
Chile;Total;2012;17400347.0
Chile;Male;2012;8562870.0
Chile;Female;2012;8837489.0
Chile;Rural;2012;2217485.0
Chile;Urban;2012;15092261.0
Chile;Total;2013;17571507.0
Chile;Male;2013;8647028.0
Chile;Female;2013;8924483.0
Chile;Rural;2013;2227155.0
Chile;Urban;2013;15235827.0
Chile;Total;2014;17758959.0
Chile;Male;2014;8739824.0
Chile;Female;2014;9019145.0
Chile;Rural;2014;2236368.0
Chile;Urban;2014;15377430.0
Chile;Total;2015;17969353.0
Chile;Male;2015;8844800.0
Chile;Female;2015;9124556.0
Chile;Rural;2015;2245203.0
Chile;Urban;2015;15517478.0
Chile;Total;2016;18209068.0
Chile;Male;2016;8965258.0
Chile;Female;2016;9243814.0
Chile;Rural;2016;2252605.0
Chile;Urban;2016;15657149.0
Chile;Total;2017;18470439.0
Chile;Male;2017;9097252.0
Chile;Female;2017;9373183.0
Chile;Rural;2017;2258558.0
Chile;Urban;2017;15796168.0
Chile;Total;2018;18729160.0
Chile;Male;2018;9228416.0
Chile;Female;2018;9500750.0
Chile;Rural;2018;2262995.0
Chile;Urban;2018;15934214.0
China;Total;2000;1319551401.0
China;Male;2000;676800981.0
China;Female;2000;642750414.0
China;Rural;2000;829403316.0
China;Urban;2000;482727522.0
China;Total;2001;1328341175.0
China;Male;2001;681378833.0
China;Female;2001;646962332.0
China;Rural;2001;818630475.0
China;Urban;2001;501452843.0
China;Total;2002;1336765152.0
China;Male;2002;685802947.0
China;Female;2002;650962190.0
China;Rural;2002;806104331.0
China;Urban;2002;521893970.0
China;Total;2003;1344908155.0
China;Male;2003;690103794.0
China;Female;2003;654804357.0
China;Rural;2003;793136597.0
China;Urban;2003;542756370.0
China;Total;2004;1352871028.0
China;Male;2004;694314451.0
China;Female;2004;658556580.0
China;Rural;2004;779706681.0
China;Urban;2004;564037221.0
China;Total;2005;1360734525.0
China;Male;2005;698461553.0
China;Female;2005;662272988.0
China;Rural;2005;765903084.0
China;Urban;2005;585633612.0
China;Total;2006;1368528374.0
China;Male;2006;702556625.0
China;Female;2006;665971752.0
China;Rural;2006;752299538.0
China;Urban;2006;606988730.0
China;Total;2007;1376265629.0
China;Male;2007;706606300.0
China;Female;2007;669659334.0
China;Rural;2007;738685151.0
China;Urban;2007;628350588.0
China;Total;2008;1383985631.0
China;Male;2008;710623925.0
China;Female;2008;673361690.0
China;Rural;2008;724760394.0
China;Urban;2008;650038030.0
China;Total;2009;1391725007.0
China;Male;2009;714621249.0
China;Female;2009;677103746.0
China;Rural;2009;710632634.0
China;Urban;2009;671961097.0
China;Total;2010;1399502716.0
China;Male;2010;718603107.0
China;Female;2010;680899592.0
China;Rural;2010;696249563.0
China;Urban;2010;694170135.0
China;Total;2011;1407323826.0
China;Male;2011;722568021.0
China;Female;2011;684755803.0
China;Rural;2011;682518202.0
China;Urban;2011;715762326.0
China;Total;2012;1415164184.0
China;Male;2012;726504080.0
China;Female;2012;688660110.0
China;Rural;2012;669007424.0
China;Urban;2012;737124022.0
China;Total;2013;1422971062.0
China;Male;2013;730390029.0
China;Female;2013;692581036.0
China;Rural;2013;655323811.0
China;Urban;2013;758533671.0
China;Total;2014;1430670819.0
China;Male;2014;734197103.0
China;Female;2014;696473717.0
China;Rural;2014;641352868.0
China;Urban;2014;779954516.0
China;Total;2015;1438193428.0
China;Male;2015;737896196.0
China;Female;2015;700297230.0
China;Rural;2015;627097042.0
China;Urban;2015;801263909.0
China;Total;2016;1445523929.0
China;Male;2016;741481549.0
China;Female;2016;704042370.0
China;Rural;2016;612549421.0
China;Urban;2016;822422660.0
China;Total;2017;1452625244.0
China;Male;2017;744932969.0
China;Female;2017;707692264.0
China;Rural;2017;597816520.0
China;Urban;2017;843314783.0
China;Total;2018;1459377612.0
China;Male;2018;748189245.0
China;Female;2018;711188365.0
China;Rural;2018;583199631.0
China;Urban;2018;863601691.0
China, Hong Kong SAR;Total;2000;6606327.0
China, Hong Kong SAR;Male;2000;3249716.0
China, Hong Kong SAR;Female;2000;3356612.0
China, Hong Kong SAR;Rural;2000;0.0
China, Hong Kong SAR;Urban;2000;6663654.0
China, Hong Kong SAR;Total;2001;6664772.0
China, Hong Kong SAR;Male;2001;3263778.0
China, Hong Kong SAR;Female;2001;3400997.0
China, Hong Kong SAR;Rural;2001;0.0
China, Hong Kong SAR;Urban;2001;6722306.0
China, Hong Kong SAR;Total;2002;6701775.0
China, Hong Kong SAR;Male;2002;3266550.0
China, Hong Kong SAR;Female;2002;3435221.0
China, Hong Kong SAR;Rural;2002;0.0
China, Hong Kong SAR;Urban;2002;6759491.0
China, Hong Kong SAR;Total;2003;6724677.0
China, Hong Kong SAR;Male;2003;3261929.0
China, Hong Kong SAR;Female;2003;3462758.0
China, Hong Kong SAR;Rural;2003;0.0
China, Hong Kong SAR;Urban;2003;6782571.0
China, Hong Kong SAR;Total;2004;6744566.0
China, Hong Kong SAR;Male;2004;3255690.0
China, Hong Kong SAR;Female;2004;3488873.0
China, Hong Kong SAR;Rural;2004;0.0
China, Hong Kong SAR;Urban;2004;6802597.0
China, Hong Kong SAR;Total;2005;6769574.0
China, Hong Kong SAR;Male;2005;3252142.0
China, Hong Kong SAR;Female;2005;3517437.0
China, Hong Kong SAR;Rural;2005;0.0
China, Hong Kong SAR;Urban;2005;6827761.0
China, Hong Kong SAR;Total;2006;6802080.0
China, Hong Kong SAR;Male;2006;3252530.0
China, Hong Kong SAR;Female;2006;3549553.0
China, Hong Kong SAR;Rural;2006;0.0
China, Hong Kong SAR;Urban;2006;6860376.0
China, Hong Kong SAR;Total;2007;6840015.0
China, Hong Kong SAR;Male;2007;3255901.0
China, Hong Kong SAR;Female;2007;3584116.0
China, Hong Kong SAR;Rural;2007;0.0
China, Hong Kong SAR;Urban;2007;6898397.0
China, Hong Kong SAR;Total;2008;6881863.0
China, Hong Kong SAR;Male;2008;3261767.0
China, Hong Kong SAR;Female;2008;3620094.0
China, Hong Kong SAR;Rural;2008;0.0
China, Hong Kong SAR;Urban;2008;6940323.0
China, Hong Kong SAR;Total;2009;6924642.0
China, Hong Kong SAR;Male;2009;3268908.0
China, Hong Kong SAR;Female;2009;3655734.0
China, Hong Kong SAR;Rural;2009;0.0
China, Hong Kong SAR;Urban;2009;6983272.0
China, Hong Kong SAR;Total;2010;6966331.0
China, Hong Kong SAR;Male;2010;3276527.0
China, Hong Kong SAR;Female;2010;3689797.0
China, Hong Kong SAR;Rural;2010;0.0
China, Hong Kong SAR;Urban;2010;7025221.0
China, Hong Kong SAR;Total;2011;7006590.0
China, Hong Kong SAR;Male;2011;3284622.0
China, Hong Kong SAR;Female;2011;3721976.0
China, Hong Kong SAR;Rural;2011;0.0
China, Hong Kong SAR;Urban;2011;7065815.0
China, Hong Kong SAR;Total;2012;7046848.0
China, Hong Kong SAR;Male;2012;3293814.0
China, Hong Kong SAR;Female;2012;3753033.0
China, Hong Kong SAR;Rural;2012;0.0
China, Hong Kong SAR;Urban;2012;7106399.0
China, Hong Kong SAR;Total;2013;7088778.0
China, Hong Kong SAR;Male;2013;3304612.0
China, Hong Kong SAR;Female;2013;3784168.0
China, Hong Kong SAR;Rural;2013;0.0
China, Hong Kong SAR;Urban;2013;7148571.0
China, Hong Kong SAR;Total;2014;7134670.0
China, Hong Kong SAR;Male;2014;3317669.0
China, Hong Kong SAR;Female;2014;3816999.0
China, Hong Kong SAR;Rural;2014;0.0
China, Hong Kong SAR;Urban;2014;7194563.0
China, Hong Kong SAR;Total;2015;7185996.0
China, Hong Kong SAR;Male;2015;3333368.0
China, Hong Kong SAR;Female;2015;3852624.0
China, Hong Kong SAR;Rural;2015;0.0
China, Hong Kong SAR;Urban;2015;7245701.0
China, Hong Kong SAR;Total;2016;7243542.0
China, Hong Kong SAR;Male;2016;3352028.0
China, Hong Kong SAR;Female;2016;3891513.0
China, Hong Kong SAR;Rural;2016;0.0
China, Hong Kong SAR;Urban;2016;7302843.0
China, Hong Kong SAR;Total;2017;7306322.0
China, Hong Kong SAR;Male;2017;3373289.0
China, Hong Kong SAR;Female;2017;3933026.0
China, Hong Kong SAR;Rural;2017;0.0
China, Hong Kong SAR;Urban;2017;7364883.0
China, Hong Kong SAR;Total;2018;7371730.0
China, Hong Kong SAR;Male;2018;3395975.0
China, Hong Kong SAR;Female;2018;3975753.0
China, Hong Kong SAR;Rural;2018;0.0
China, Hong Kong SAR;Urban;2018;7428887.0
China, Macao SAR;Total;2000;427782.0
China, Macao SAR;Male;2000;204900.0
China, Macao SAR;Female;2000;222872.0
China, Macao SAR;Rural;2000;0.0
China, Macao SAR;Urban;2000;427979.0
China, Macao SAR;Total;2001;437938.0
China, Macao SAR;Male;2001;209259.0
China, Macao SAR;Female;2001;228669.0
China, Macao SAR;Rural;2001;0.0
China, Macao SAR;Urban;2001;438081.0
China, Macao SAR;Total;2002;448821.0
China, Macao SAR;Male;2002;213930.0
China, Macao SAR;Female;2002;234883.0
China, Macao SAR;Rural;2002;0.0
China, Macao SAR;Urban;2002;448896.0
China, Macao SAR;Total;2003;460165.0
China, Macao SAR;Male;2003;218876.0
China, Macao SAR;Female;2003;241281.0
China, Macao SAR;Rural;2003;0.0
China, Macao SAR;Urban;2003;460147.0
China, Macao SAR;Total;2004;471597.0
China, Macao SAR;Male;2004;224048.0
China, Macao SAR;Female;2004;247552.0
China, Macao SAR;Rural;2004;0.0
China, Macao SAR;Urban;2004;471453.0
China, Macao SAR;Total;2005;482858.0
China, Macao SAR;Male;2005;229402.0
China, Macao SAR;Female;2005;253461.0
China, Macao SAR;Rural;2005;0.0
China, Macao SAR;Urban;2005;482559.0
China, Macao SAR;Total;2006;493799.0
China, Macao SAR;Male;2006;234898.0
China, Macao SAR;Female;2006;258906.0
China, Macao SAR;Rural;2006;0.0
China, Macao SAR;Urban;2006;493320.0
China, Macao SAR;Total;2007;504511.0
China, Macao SAR;Male;2007;240530.0
China, Macao SAR;Female;2007;263974.0
China, Macao SAR;Rural;2007;0.0
China, Macao SAR;Urban;2007;503823.0
China, Macao SAR;Total;2008;515239.00000000006
China, Macao SAR;Male;2008;246309.0
China, Macao SAR;Female;2008;268923.0
China, Macao SAR;Rural;2008;0.0
China, Macao SAR;Urban;2008;514347.99999999994
China, Macao SAR;Total;2009;526400.0
China, Macao SAR;Male;2009;252255.0
China, Macao SAR;Female;2009;274146.0
China, Macao SAR;Rural;2009;0.0
China, Macao SAR;Urban;2009;525313.0
China, Macao SAR;Total;2010;538219.0
China, Macao SAR;Male;2010;258322.99999999997
China, Macao SAR;Female;2010;279892.0
China, Macao SAR;Rural;2010;0.0
China, Macao SAR;Urban;2010;536969.0
China, Macao SAR;Total;2011;550832.0
China, Macao SAR;Male;2011;264555.0
China, Macao SAR;Female;2011;286278.0
China, Macao SAR;Rural;2011;0.0
China, Macao SAR;Urban;2011;549439.0
China, Macao SAR;Total;2012;564039.0
China, Macao SAR;Male;2012;270883.0
China, Macao SAR;Female;2012;293154.0
China, Macao SAR;Rural;2012;0.0
China, Macao SAR;Urban;2012;562531.0
China, Macao SAR;Total;2013;577372.0
China, Macao SAR;Male;2013;277154.0
China, Macao SAR;Female;2013;300214.0
China, Macao SAR;Rural;2013;0.0
China, Macao SAR;Urban;2013;575841.0
China, Macao SAR;Total;2014;590208.0
China, Macao SAR;Male;2014;283190.0
China, Macao SAR;Female;2014;307020.0
China, Macao SAR;Rural;2014;0.0
China, Macao SAR;Urban;2014;588781.0
China, Macao SAR;Total;2015;602085.0
China, Macao SAR;Male;2015;288841.0
China, Macao SAR;Female;2015;313252.0
China, Macao SAR;Rural;2015;0.0
China, Macao SAR;Urban;2015;600942.0
China, Macao SAR;Total;2016;612836.0
China, Macao SAR;Male;2016;294035.0
China, Macao SAR;Female;2016;318789.0
China, Macao SAR;Rural;2016;0.0
China, Macao SAR;Urban;2016;612167.0
China, Macao SAR;Total;2017;622585.0
China, Macao SAR;Male;2017;298830.0
China, Macao SAR;Female;2017;323748.0
China, Macao SAR;Rural;2017;0.0
China, Macao SAR;Urban;2017;622567.0
China, Macao SAR;Total;2018;631636.0
China, Macao SAR;Male;2018;303321.0
China, Macao SAR;Female;2018;328312.0
China, Macao SAR;Rural;2018;0.0
China, Macao SAR;Urban;2018;632418.0
China, mainland;Total;2000;1290550765.0
China, mainland;Male;2000;662187757.0
China, mainland;Female;2000;628363010.0
China, mainland;Rural;2000;822821922.0
China, mainland;Urban;2000;460377048.0
China, mainland;Total;2001;1299129752.0
China, mainland;Male;2001;666683342.0
China, mainland;Female;2001;632446405.0
China, mainland;Rural;2001;812096011.0
China, mainland;Urban;2001;478841638.0
China, mainland;Total;2002;1307352257.0
China, mainland;Male;2002;671028743.0
China, mainland;Female;2002;636323513.0
China, mainland;Rural;2002;799636098.0
China, mainland;Urban;2002;499010479.0
China, mainland;Total;2003;1315303521.0
China, mainland;Male;2003;675255679.0
China, mainland;Female;2003;640047843.0
China, mainland;Rural;2003;786733631.0
China, mainland;Urban;2003;519610280.0
China, mainland;Total;2004;1323084641.0
China, mainland;Male;2004;679398856.0
China, mainland;Female;2004;643685783.0
China, mainland;Rural;2004;773371566.0
China, mainland;Urban;2004;540635912.0
China, mainland;Total;2005;1330776380.0
China, mainland;Male;2005;683485900.0
China, mainland;Female;2005;647290480.0
China, mainland;Rural;2005;759640167.0
China, mainland;Urban;2005;561983323.0
China, mainland;Total;2006;1338408647.0
China, mainland;Male;2006;687528851.0
China, mainland;Female;2006;650879793.0
China, mainland;Rural;2006;746114014.0
China, mainland;Urban;2006;583095080.0
China, mainland;Total;2007;1345993888.0
China, mainland;Male;2007;691533479.0
China, mainland;Female;2007;654460412.0
China, mainland;Rural;2007;732581000.0
China, mainland;Urban;2007;604219506.0
China, mainland;Total;2008;1353569484.0
China, mainland;Male;2008;695511018.0
China, mainland;Female;2008;658058462.0
China, mainland;Rural;2008;718740699.0
China, mainland;Urban;2008;625674528.0
China, mainland;Total;2009;1361169419.0
China, mainland;Male;2009;699470312.0
China, mainland;Female;2009;661699098.0
China, mainland;Rural;2009;704698529.0
China, mainland;Urban;2009;647369562.0
China, mainland;Total;2010;1368810615.0
China, mainland;Male;2010;703414019.0
China, mainland;Female;2010;665396585.0
China, mainland;Rural;2010;690401545.0
China, mainland;Urban;2010;669353557.0
China, mainland;Total;2011;1376497639.0
China, mainland;Male;2011;707339988.0
China, mainland;Female;2011;669157645.0
China, mainland;Rural;2011;676756443.0
China, mainland;Urban;2011;690723821.0
China, mainland;Total;2012;1384206401.0
China, mainland;Male;2012;711236631.0
China, mainland;Female;2012;672969777.0
China, mainland;Rural;2012;663331826.0
China, mainland;Urban;2012;711866793.0
China, mainland;Total;2013;1391883330.0
China, mainland;Male;2013;715082615.0
China, mainland;Female;2013;676800720.0
China, mainland;Rural;2013;649733726.0
China, mainland;Urban;2013;733059486.0
China, mainland;Total;2014;1399453965.0
China, mainland;Male;2014;718849365.0
China, mainland;Female;2014;680604601.0
China, mainland;Rural;2014;635847563.0
China, mainland;Urban;2014;754262825.0
China, mainland;Total;2015;1406847870.0
China, mainland;Male;2015;722508006.0
China, mainland;Female;2015;684339862.0
China, mainland;Rural;2015;621675635.0
China, mainland;Urban;2015;775352918.0
China, mainland;Total;2016;1414049351.0
China, mainland;Male;2016;726052413.0
China, mainland;Female;2016;687996940.0
China, mainland;Rural;2016;607210874.0
China, mainland;Urban;2016;796289491.0
China, mainland;Total;2017;1421021791.0
China, mainland;Male;2017;729462380.0
China, mainland;Female;2017;691559414.0
China, mainland;Rural;2017;592559784.0
China, mainland;Urban;2017;816957613.0
China, mainland;Total;2018;1427647786.0
China, mainland;Male;2018;732677783.0
China, mainland;Female;2018;694970006.0
China, mainland;Rural;2018;578023833.0
China, mainland;Urban;2018;837022095.0
China, Taiwan Province of;Total;2000;21966527.0
China, Taiwan Province of;Male;2000;11158608.0
China, Taiwan Province of;Female;2000;10807920.0
China, Taiwan Province of;Rural;2000;6581394.0
China, Taiwan Province of;Urban;2000;15258841.0
China, Taiwan Province of;Total;2001;22108713.0
China, Taiwan Province of;Male;2001;11222454.0
China, Taiwan Province of;Female;2001;10886261.0
China, Taiwan Province of;Rural;2001;6534464.0
China, Taiwan Province of;Urban;2001;15450818.0
China, Taiwan Province of;Total;2002;22262299.0
China, Taiwan Province of;Male;2002;11293724.0
China, Taiwan Province of;Female;2002;10968573.0
China, Taiwan Province of;Rural;2002;6468233.0
China, Taiwan Province of;Urban;2002;15675104.0
China, Taiwan Province of;Total;2003;22419792.0
China, Taiwan Province of;Male;2003;11367310.0
China, Taiwan Province of;Female;2003;11052475.0
China, Taiwan Province of;Rural;2003;6402966.0
China, Taiwan Province of;Urban;2003;15903372.0
China, Taiwan Province of;Total;2004;22570224.0
China, Taiwan Province of;Male;2004;11435857.0
China, Taiwan Province of;Female;2004;11134372.0
China, Taiwan Province of;Rural;2004;6335115.0
China, Taiwan Province of;Urban;2004;16127259.0
China, Taiwan Province of;Total;2005;22705713.0
China, Taiwan Province of;Male;2005;11494109.0
China, Taiwan Province of;Female;2005;11211610.0
China, Taiwan Province of;Rural;2005;6262917.0
China, Taiwan Province of;Urban;2005;16339969.0
China, Taiwan Province of;Total;2006;22823848.0
China, Taiwan Province of;Male;2006;11540346.0
China, Taiwan Province of;Female;2006;11283500.0
China, Taiwan Province of;Rural;2006;6185524.0
China, Taiwan Province of;Urban;2006;16539954.000000002
China, Taiwan Province of;Total;2007;22927215.0
China, Taiwan Province of;Male;2007;11576390.0
China, Taiwan Province of;Female;2007;11350832.0
China, Taiwan Province of;Rural;2007;6104151.0
China, Taiwan Province of;Urban;2007;16728862.000000002
China, Taiwan Province of;Total;2008;23019045.0
China, Taiwan Province of;Male;2008;11604831.0
China, Taiwan Province of;Female;2008;11414211.0
China, Taiwan Province of;Rural;2008;6019695.0
China, Taiwan Province of;Urban;2008;16908831.0
China, Taiwan Province of;Total;2009;23104546.0
China, Taiwan Province of;Male;2009;11629774.0
China, Taiwan Province of;Female;2009;11474768.0
China, Taiwan Province of;Rural;2009;5934105.0
China, Taiwan Province of;Urban;2009;17082950.0
China, Taiwan Province of;Total;2010;23187551.0
China, Taiwan Province of;Male;2010;11654238.0
China, Taiwan Province of;Female;2010;11533318.0
China, Taiwan Province of;Rural;2010;5848018.0
China, Taiwan Province of;Urban;2010;17254388.0
China, Taiwan Province of;Total;2011;23268765.0
China, Taiwan Province of;Male;2011;11678856.0
China, Taiwan Province of;Female;2011;11589904.0
China, Taiwan Province of;Rural;2011;5761759.0
China, Taiwan Province of;Urban;2011;17423251.0
China, Taiwan Province of;Total;2012;23346896.0
China, Taiwan Province of;Male;2012;11702752.0
China, Taiwan Province of;Female;2012;11644146.0
China, Taiwan Province of;Rural;2012;5675598.0
China, Taiwan Province of;Urban;2012;17588299.0
China, Taiwan Province of;Total;2013;23421582.0
China, Taiwan Province of;Male;2013;11725648.0
China, Taiwan Province of;Female;2013;11695934.0
China, Taiwan Province of;Rural;2013;5590085.0
China, Taiwan Province of;Urban;2013;17749773.0
China, Taiwan Province of;Total;2014;23491976.0
China, Taiwan Province of;Male;2014;11746879.0
China, Taiwan Province of;Female;2014;11745097.0
China, Taiwan Province of;Rural;2014;5505305.0
China, Taiwan Province of;Urban;2014;17908347.0
China, Taiwan Province of;Total;2015;23557477.0
China, Taiwan Province of;Male;2015;11765981.0
China, Taiwan Province of;Female;2015;11791492.0
China, Taiwan Province of;Rural;2015;5421407.0
China, Taiwan Province of;Urban;2015;18064348.0
China, Taiwan Province of;Total;2016;23618200.0
China, Taiwan Province of;Male;2016;11783073.0
China, Taiwan Province of;Female;2016;11835128.0
China, Taiwan Province of;Rural;2016;5338547.0
China, Taiwan Province of;Urban;2016;18218159.0
China, Taiwan Province of;Total;2017;23674546.0
China, Taiwan Province of;Male;2017;11798470.0
China, Taiwan Province of;Female;2017;11876076.0
China, Taiwan Province of;Rural;2017;5256736.0
China, Taiwan Province of;Urban;2017;18369720.0
China, Taiwan Province of;Total;2018;23726460.0
China, Taiwan Province of;Male;2018;11812166.0
China, Taiwan Province of;Female;2018;11914294.0
China, Taiwan Province of;Rural;2018;5175798.0
China, Taiwan Province of;Urban;2018;18518291.0
Colombia;Total;2000;39629968.0
Colombia;Male;2000;19427307.0
Colombia;Female;2000;20202658.0
Colombia;Rural;2000;10522282.0
Colombia;Urban;2000;29881676.0
Colombia;Total;2001;40255967.0
Colombia;Male;2001;19730607.0
Colombia;Female;2001;20525349.0
Colombia;Rural;2001;10501653.0
Colombia;Urban;2001;30487256.0
Colombia;Total;2002;40875360.0
Colombia;Male;2002;20032617.0
Colombia;Female;2002;20842746.0
Colombia;Rural;2002;10477378.0
Colombia;Urban;2002;31095113.0
Colombia;Total;2003;41483869.0
Colombia;Male;2003;20330598.0
Colombia;Female;2003;21153274.0
Colombia;Rural;2003;10449169.0
Colombia;Urban;2003;31702982.0
Colombia;Total;2004;42075955.0
Colombia;Male;2004;20620944.0
Colombia;Female;2004;21455009.0
Colombia;Rural;2004;10416017.0
Colombia;Urban;2004;32308146.0
Colombia;Total;2005;42647723.0
Colombia;Male;2005;20901092.0
Colombia;Female;2005;21746639.0
Colombia;Rural;2005;10378127.0
Colombia;Urban;2005;32907506.999999996
Colombia;Total;2006;43200897.0
Colombia;Male;2006;21171770.0
Colombia;Female;2006;22029131.0
Colombia;Rural;2006;10335155.0
Colombia;Urban;2006;33500567.000000004
Colombia;Total;2007;43737516.0
Colombia;Male;2007;21434180.0
Colombia;Female;2007;22303332.0
Colombia;Rural;2007;10287615.0
Colombia;Urban;2007;34086957.0
Colombia;Total;2008;44254975.0
Colombia;Male;2008;21687044.0
Colombia;Female;2008;22567928.0
Colombia;Rural;2008;10235594.0
Colombia;Urban;2008;34665950.0
Colombia;Total;2009;44750054.0
Colombia;Male;2009;21928840.0
Colombia;Female;2009;22821214.0
Colombia;Rural;2009;10179227.0
Colombia;Urban;2009;35236954.0
Colombia;Total;2010;45222700.0
Colombia;Male;2010;22159658.0
Colombia;Female;2010;23063041.0
Colombia;Rural;2010;10118665.0
Colombia;Urban;2010;35799432.0
Colombia;Total;2011;45662748.0
Colombia;Male;2011;22374122.0
Colombia;Female;2011;23288625.0
Colombia;Rural;2011;10054003.0
Colombia;Urban;2011;36352643.0
Colombia;Total;2012;46075718.0
Colombia;Male;2012;22575015.0
Colombia;Female;2012;23500706.0
Colombia;Rural;2012;9985405.0
Colombia;Urban;2012;36896070.0
Colombia;Total;2013;46495493.0
Colombia;Male;2013;22780030.0
Colombia;Female;2013;23715462.0
Colombia;Rural;2013;9913190.0
Colombia;Urban;2013;37429791.0
Colombia;Total;2014;46967696.0
Colombia;Male;2014;23013034.0
Colombia;Female;2014;23954672.0
Colombia;Rural;2014;9837737.0
Colombia;Urban;2014;37954174.0
Colombia;Total;2015;47520667.0
Colombia;Male;2015;23288781.0
Colombia;Female;2015;24231886.0
Colombia;Rural;2015;9759346.0
Colombia;Urban;2015;38469351.0
Colombia;Total;2016;48175052.0
Colombia;Male;2016;23618154.0
Colombia;Female;2016;24556894.0
Colombia;Rural;2016;9678238.0
Colombia;Urban;2016;38975181.0
Colombia;Total;2017;48909839.0
Colombia;Male;2017;23990081.0
Colombia;Female;2017;24919763.0
Colombia;Rural;2017;9594518.0
Colombia;Urban;2017;39471097.0
Colombia;Total;2018;49661048.0
Colombia;Male;2018;24370780.0
Colombia;Female;2018;25290276.0
Colombia;Rural;2018;9508270.0
Colombia;Urban;2018;39956413.0
Comoros;Total;2000;542357.0
Comoros;Male;2000;272853.0
Comoros;Female;2000;269505.0
Comoros;Rural;2000;390064.0
Comoros;Urban;2000;152293.0
Comoros;Total;2001;555888.0
Comoros;Male;2001;279726.0
Comoros;Female;2001;276169.0
Comoros;Rural;2001;400041.0
Comoros;Urban;2001;155847.0
Comoros;Total;2002;569479.0
Comoros;Male;2002;286626.0
Comoros;Female;2002;282854.0
Comoros;Rural;2002;410073.0
Comoros;Urban;2002;159406.0
Comoros;Total;2003;583211.0
Comoros;Male;2003;293594.0
Comoros;Female;2003;289619.0
Comoros;Rural;2003;420218.0
Comoros;Urban;2003;162993.0
Comoros;Total;2004;597228.0
Comoros;Male;2004;300706.0
Comoros;Female;2004;296524.0
Comoros;Rural;2004;430581.0
Comoros;Urban;2004;166647.0
Comoros;Total;2005;611627.0
Comoros;Male;2005;308012.0
Comoros;Female;2005;303613.0
Comoros;Rural;2005;441134.0
Comoros;Urban;2005;170493.0
Comoros;Total;2006;626425.0
Comoros;Male;2006;315525.0
Comoros;Female;2006;310902.0
Comoros;Rural;2006;451884.0
Comoros;Urban;2006;174541.0
Comoros;Total;2007;641620.0
Comoros;Male;2007;323238.0
Comoros;Female;2007;318386.0
Comoros;Rural;2007;462822.0
Comoros;Urban;2007;178798.0
Comoros;Total;2008;657229.0
Comoros;Male;2008;331157.0
Comoros;Female;2008;326070.0
Comoros;Rural;2008;473954.0
Comoros;Urban;2008;183275.0
Comoros;Total;2009;673252.0
Comoros;Male;2009;339284.0
Comoros;Female;2009;333967.0
Comoros;Rural;2009;485270.0
Comoros;Urban;2009;187982.0
Comoros;Total;2010;689692.0
Comoros;Male;2010;347627.0
Comoros;Female;2010;342069.0
Comoros;Rural;2010;496767.0
Comoros;Urban;2010;192925.0
Comoros;Total;2011;706569.0
Comoros;Male;2011;356188.0
Comoros;Female;2011;350390.0
Comoros;Rural;2011;508448.0
Comoros;Urban;2011;198121.0
Comoros;Total;2012;723871.0
Comoros;Male;2012;364951.0
Comoros;Female;2012;358914.0
Comoros;Rural;2012;520293.0
Comoros;Urban;2012;203575.0
Comoros;Total;2013;741505.0
Comoros;Male;2013;373895.0
Comoros;Female;2013;367616.0
Comoros;Rural;2013;532229.0
Comoros;Urban;2013;209271.0
Comoros;Total;2014;759390.0
Comoros;Male;2014;382953.0
Comoros;Female;2014;376437.0
Comoros;Rural;2014;544189.0
Comoros;Urban;2014;215196.0
Comoros;Total;2015;777424.0
Comoros;Male;2015;392089.0
Comoros;Female;2015;385346.0
Comoros;Rural;2015;556090.0
Comoros;Urban;2015;221334.0
Comoros;Total;2016;795592.0
Comoros;Male;2016;401274.0
Comoros;Female;2016;394323.0
Comoros;Rural;2016;567911.0
Comoros;Urban;2016;227690.0
Comoros;Total;2017;813892.0
Comoros;Male;2017;410522.0
Comoros;Female;2017;403368.0
Comoros;Rural;2017;579639.0
Comoros;Urban;2017;234273.0
Comoros;Total;2018;832322.0
Comoros;Male;2018;419834.0
Comoros;Female;2018;412488.0
Comoros;Rural;2018;591255.0
Comoros;Urban;2018;241092.0
Congo;Total;2000;3127411.0
Congo;Male;2000;1543329.0
Congo;Female;2000;1584091.0
Congo;Rural;2000;1332387.0
Congo;Urban;2000;1893340.0
Congo;Total;2001;3217933.0
Congo;Male;2001;1589295.0
Congo;Female;2001;1628635.0
Congo;Rural;2001;1354293.0
Congo;Urban;2001;1961513.0
Congo;Total;2002;3310387.0
Congo;Male;2002;1636369.0
Congo;Female;2002;1674007.0
Congo;Rural;2002;1375924.0
Congo;Urban;2002;2031256.0
Congo;Total;2003;3406922.0
Congo;Male;2003;1685604.0
Congo;Female;2003;1721311.0
Congo;Rural;2003;1398356.0
Congo;Urban;2003;2104163.0
Congo;Total;2004;3510468.0
Congo;Male;2004;1738399.0
Congo;Female;2004;1772069.0
Congo;Rural;2004;1422945.0
Congo;Urban;2004;2182494.0
Congo;Total;2005;3622775.0
Congo;Male;2005;1795605.0
Congo;Female;2005;1827170.0
Congo;Rural;2005;1450563.0
Congo;Urban;2005;2267680.0
Congo;Total;2006;3745141.0
Congo;Male;2006;1857841.0
Congo;Female;2006;1887302.0
Congo;Rural;2006;1481568.0
Congo;Urban;2006;2360797.0
Congo;Total;2007;3876119.0
Congo;Male;2007;1924393.0
Congo;Female;2007;1951730.0
Congo;Rural;2007;1515245.0
Congo;Urban;2007;2461001.0
Congo;Total;2008;4011486.0
Congo;Male;2008;1993142.0
Congo;Female;2008;2018345.0
Congo;Rural;2008;1549624.0
Congo;Urban;2008;2565811.0
Congo;Total;2009;4145390.9999999995
Congo;Male;2009;2061167.0
Congo;Female;2009;2084233.0000000002
Congo;Rural;2009;1582371.0
Congo;Urban;2009;2671341.0
Congo;Total;2010;4273731.0
Congo;Male;2010;2126410.0
Congo;Female;2010;2147328.0
Congo;Rural;2010;1611866.0
Congo;Urban;2010;2774827.0
Congo;Total;2011;4394844.0
Congo;Male;2011;2188038.0
Congo;Female;2011;2206804.0
Congo;Rural;2011;1637585.0
Congo;Urban;2011;2875145.0
Congo;Total;2012;4510199.0
Congo;Male;2012;2246780.0
Congo;Female;2012;2263417.0
Congo;Rural;2012;1660183.0
Congo;Urban;2012;2973180.0
Congo;Total;2013;4622762.0
Congo;Male;2013;2304083.0
Congo;Female;2013;2318674.0
Congo;Rural;2013;1680730.0
Congo;Urban;2013;3070663.0
Congo;Total;2014;4736976.0
Congo;Male;2014;2362141.0
Congo;Female;2014;2374824.0
Congo;Rural;2014;1700765.0
Congo;Urban;2014;3170336.0
Congo;Total;2015;4856095.0
Congo;Male;2015;2422571.0
Congo;Female;2015;2433522.0
Congo;Rural;2015;1721362.0
Congo;Urban;2015;3274286.0
Congo;Total;2016;4980996.0
Congo;Male;2016;2485795.0
Congo;Female;2016;2495201.0
Congo;Rural;2016;1742734.0
Congo;Urban;2016;3383087.0
Congo;Total;2017;5110695.0
Congo;Male;2017;2551316.0
Congo;Female;2017;2559385.0
Congo;Rural;2017;1764522.0
Congo;Urban;2017;3496228.0
Congo;Total;2018;5244359.0
Congo;Male;2018;2618741.0
Congo;Female;2018;2625622.0
Congo;Rural;2018;1786495.0
Congo;Urban;2018;3613400.0
Cook Islands;Total;2000;17930.0
Cook Islands;Rural;2000;6308.0
Cook Islands;Urban;2000;11814.0
Cook Islands;Total;2001;18025.0
Cook Islands;Rural;2001;6064.0
Cook Islands;Urban;2001;12258.0
Cook Islands;Total;2002;18278.0
Cook Islands;Rural;2002;5952.0
Cook Islands;Urban;2002;12750.0
Cook Islands;Total;2003;18608.0
Cook Islands;Rural;2003;5909.0
Cook Islands;Urban;2003;13239.0
Cook Islands;Total;2004;18904.0
Cook Islands;Rural;2004;5838.0
Cook Islands;Urban;2004;13684.0
Cook Islands;Total;2005;19074.0
Cook Islands;Rural;2005;5711.0
Cook Islands;Urban;2005;13999.0
Cook Islands;Total;2006;19092.0
Cook Islands;Rural;2006;5526.0
Cook Islands;Urban;2006;14170.0
Cook Islands;Total;2007;19001.0
Cook Islands;Rural;2007;5371.0
Cook Islands;Urban;2007;14140.0
Cook Islands;Total;2008;18818.0
Cook Islands;Rural;2008;5238.0
Cook Islands;Urban;2008;13974.0
Cook Islands;Total;2009;18602.0
Cook Islands;Rural;2009;5095.0
Cook Islands;Urban;2009;13773.0
Cook Islands;Total;2010;18391.0
Cook Islands;Rural;2010;4960.0
Cook Islands;Urban;2010;13585.0
Cook Islands;Total;2011;18195.0
Cook Islands;Rural;2011;4836.0
Cook Islands;Urban;2011;13421.0
Cook Islands;Total;2012;18011.0
Cook Islands;Rural;2012;4724.0
Cook Islands;Urban;2012;13272.0
Cook Islands;Total;2013;17833.0
Cook Islands;Rural;2013;4625.0
Cook Islands;Urban;2013;13142.0
Cook Islands;Total;2014;17691.0
Cook Islands;Rural;2014;4540.0
Cook Islands;Urban;2014;13048.0
Cook Islands;Total;2015;17586.0
Cook Islands;Rural;2015;4466.0
Cook Islands;Urban;2015;12983.0
Cook Islands;Total;2016;17524.0
Cook Islands;Rural;2016;4411.0
Cook Islands;Urban;2016;12968.0
Cook Islands;Total;2017;17507.0
Cook Islands;Rural;2017;4374.0
Cook Islands;Urban;2017;13006.0
Cook Islands;Total;2018;17518.0
Cook Islands;Rural;2018;4344.0
Cook Islands;Urban;2018;13067.0
Costa Rica;Total;2000;3962372.0
Costa Rica;Male;2000;1988647.0
Costa Rica;Female;2000;1973722.0
Costa Rica;Rural;2000;1607403.0
Costa Rica;Urban;2000;2318040.0
Costa Rica;Total;2001;4034074.0
Costa Rica;Male;2001;2024098.0
Costa Rica;Female;2001;2009976.0
Costa Rica;Rural;2001;1582349.0
Costa Rica;Urban;2001;2414449.0
Costa Rica;Total;2002;4100925.0
Costa Rica;Male;2002;2057179.0
Costa Rica;Female;2002;2043743.0
Costa Rica;Rural;2002;1554034.0
Costa Rica;Urban;2002;2509170.0
Costa Rica;Total;2003;4164053.0
Costa Rica;Male;2003;2088445.0000000002
Costa Rica;Female;2003;2075608.0000000002
Costa Rica;Rural;2003;1523324.0
Costa Rica;Urban;2003;2602647.0
Costa Rica;Total;2004;4225155.0
Costa Rica;Male;2004;2118714.0
Costa Rica;Female;2004;2106442.0
Costa Rica;Rural;2004;1491084.0
Costa Rica;Urban;2004;2695954.0
Costa Rica;Total;2005;4285502.0
Costa Rica;Male;2005;2148586.0
Costa Rica;Female;2005;2136918.0
Costa Rica;Rural;2005;1458203.0
Costa Rica;Urban;2005;2789638.0
Costa Rica;Total;2006;4345412.0
Costa Rica;Male;2006;2178234.0
Costa Rica;Female;2006;2167187.0
Costa Rica;Rural;2006;1424705.0
Costa Rica;Urban;2006;2884089.0
Costa Rica;Total;2007;4404628.0
Costa Rica;Male;2007;2207502.0
Costa Rica;Female;2007;2197124.0
Costa Rica;Rural;2007;1390626.0
Costa Rica;Urban;2007;2978843.0
Costa Rica;Total;2008;4463125.0
Costa Rica;Male;2008;2236410.0
Costa Rica;Female;2008;2226713.0
Costa Rica;Rural;2008;1355892.0
Costa Rica;Urban;2008;3073616.0
Costa Rica;Total;2009;4520740.0
Costa Rica;Male;2009;2264849.0
Costa Rica;Female;2009;2255890.0
Costa Rica;Rural;2009;1320650.0
Costa Rica;Urban;2009;3167613.0
Costa Rica;Total;2010;4577378.0
Costa Rica;Male;2010;2292775.0
Costa Rica;Female;2010;2284596.0
Costa Rica;Rural;2010;1284690.0
Costa Rica;Urban;2010;3260590.0
Costa Rica;Total;2011;4633086.0
Costa Rica;Male;2011;2320217.0
Costa Rica;Female;2011;2312869.0
Costa Rica;Rural;2011;1248208.0
Costa Rica;Urban;2011;3352266.0
Costa Rica;Total;2012;4688000.0
Costa Rica;Male;2012;2347235.0
Costa Rica;Female;2012;2340768.0
Costa Rica;Rural;2012;1212562.0
Costa Rica;Urban;2012;3441560.0
Costa Rica;Total;2013;4742107.0
Costa Rica;Male;2013;2373809.0
Costa Rica;Female;2013;2368302.0
Costa Rica;Rural;2013;1178012.0
Costa Rica;Urban;2013;3528389.0
Costa Rica;Total;2014;4795396.0
Costa Rica;Male;2014;2399916.0
Costa Rica;Female;2014;2395474.0
Costa Rica;Rural;2014;1144604.0
Costa Rica;Urban;2014;3612971.0
Costa Rica;Total;2015;4847804.0
Costa Rica;Male;2015;2425530.0
Costa Rica;Female;2015;2422275.0
Costa Rica;Rural;2015;1112422.0
Costa Rica;Urban;2015;3695430.0
Costa Rica;Total;2016;4899345.0
Costa Rica;Male;2016;2450639.0
Costa Rica;Female;2016;2448697.0
Costa Rica;Rural;2016;1081494.0
Costa Rica;Urban;2016;3775780.0
Costa Rica;Total;2017;4949954.0
Costa Rica;Male;2017;2475235.0
Costa Rica;Female;2017;2474720.0
Costa Rica;Rural;2017;1051813.0
Costa Rica;Urban;2017;3853956.0
Costa Rica;Total;2018;4999441.0
Costa Rica;Male;2018;2499229.0
Costa Rica;Female;2018;2500214.0
Costa Rica;Rural;2018;1023354.0
Costa Rica;Urban;2018;3929845.0
Côte d'Ivoire;Total;2000;16454668.000000002
Côte d'Ivoire;Male;2000;8478764.0
Côte d'Ivoire;Female;2000;7975896.0
Côte d'Ivoire;Rural;2000;9485524.0
Côte d'Ivoire;Urban;2000;7201037.0
Côte d'Ivoire;Total;2001;16853026.0
Côte d'Ivoire;Male;2001;8669621.0
Côte d'Ivoire;Female;2001;8183406.0
Côte d'Ivoire;Rural;2001;9616036.0
Côte d'Ivoire;Urban;2001;7424116.0
Côte d'Ivoire;Total;2002;17231539.0
Côte d'Ivoire;Male;2002;8849176.0
Côte d'Ivoire;Female;2002;8382362.999999999
Côte d'Ivoire;Rural;2002;9728117.0
Côte d'Ivoire;Urban;2002;7638400.0
Côte d'Ivoire;Total;2003;17599610.0
Côte d'Ivoire;Male;2003;9022663.0
Côte d'Ivoire;Female;2003;8576950.0
Côte d'Ivoire;Rural;2003;9829817.0
Côte d'Ivoire;Urban;2003;7849538.0
Côte d'Ivoire;Total;2004;17970494.0
Côte d'Ivoire;Male;2004;9197419.0
Côte d'Ivoire;Female;2004;8773074.0
Côte d'Ivoire;Rural;2004;9931729.0
Côte d'Ivoire;Urban;2004;8066009.0
Côte d'Ivoire;Total;2005;18354514.0
Côte d'Ivoire;Male;2005;9379140.0
Côte d'Ivoire;Female;2005;8975373.0
Côte d'Ivoire;Rural;2005;10042114.0
Côte d'Ivoire;Urban;2005;8294189.0
Côte d'Ivoire;Total;2006;18754916.0
Côte d'Ivoire;Male;2006;9569663.0
Côte d'Ivoire;Female;2006;9185251.0
Côte d'Ivoire;Rural;2006;10162795.0
Côte d'Ivoire;Urban;2006;8536640.0
Côte d'Ivoire;Total;2007;19171237.0
Côte d'Ivoire;Male;2007;9768761.0
Côte d'Ivoire;Female;2007;9402489.0
Côte d'Ivoire;Rural;2007;10292928.0
Côte d'Ivoire;Urban;2007;8793013.0
Côte d'Ivoire;Total;2008;19605569.0
Côte d'Ivoire;Male;2008;9977533.0
Côte d'Ivoire;Female;2008;9628035.0
Côte d'Ivoire;Rural;2008;10433268.0
Côte d'Ivoire;Urban;2008;9064718.0
Côte d'Ivoire;Total;2009;20059147.0
Côte d'Ivoire;Male;2009;10196632.0
Côte d'Ivoire;Female;2009;9862515.0
Côte d'Ivoire;Rural;2009;10584261.0
Côte d'Ivoire;Urban;2009;9352105.0
Côte d'Ivoire;Total;2010;20532950.0
Côte d'Ivoire;Male;2010;10426514.0
Côte d'Ivoire;Female;2010;10106430.0
Côte d'Ivoire;Rural;2010;10745373.0
Côte d'Ivoire;Urban;2010;9655958.0
Côte d'Ivoire;Total;2011;21028655.0
Côte d'Ivoire;Male;2011;10668125.0
Côte d'Ivoire;Female;2011;10360527.0
Côte d'Ivoire;Rural;2011;10917658.0
Côte d'Ivoire;Urban;2011;9977653.0
Côte d'Ivoire;Total;2012;21547188.0
Côte d'Ivoire;Male;2012;10921921.0
Côte d'Ivoire;Female;2012;10625267.0
Côte d'Ivoire;Rural;2012;11100787.0
Côte d'Ivoire;Urban;2012;10317816.0
Côte d'Ivoire;Total;2013;22087504.0
Côte d'Ivoire;Male;2013;11187178.0
Côte d'Ivoire;Female;2013;10900328.0
Côte d'Ivoire;Rural;2013;11292254.0
Côte d'Ivoire;Urban;2013;10674058.0
Côte d'Ivoire;Total;2014;22647684.0
Côte d'Ivoire;Male;2014;11462641.0
Côte d'Ivoire;Female;2014;11185031.0
Côte d'Ivoire;Rural;2014;11487772.0
Côte d'Ivoire;Urban;2014;11043578.0
Côte d'Ivoire;Total;2015;23226143.0
Côte d'Ivoire;Male;2015;11747319.0
Côte d'Ivoire;Female;2015;11478829.0
Côte d'Ivoire;Rural;2015;11682793.0
Côte d'Ivoire;Urban;2015;11425679.0
Côte d'Ivoire;Total;2016;23822714.0
Côte d'Ivoire;Male;2016;12041040.0
Côte d'Ivoire;Female;2016;11781686.0
Côte d'Ivoire;Rural;2016;11876170.0
Côte d'Ivoire;Urban;2016;11819749.0
Côte d'Ivoire;Total;2017;24437470.0
Côte d'Ivoire;Male;2017;12343867.0
Côte d'Ivoire;Female;2017;12093608.0
Côte d'Ivoire;Rural;2017;12068187.0
Côte d'Ivoire;Urban;2017;12226563.0
Côte d'Ivoire;Total;2018;25069230.0
Côte d'Ivoire;Male;2018;12655166.0
Côte d'Ivoire;Female;2018;12414060.0
Côte d'Ivoire;Rural;2018;12259023.0
Côte d'Ivoire;Urban;2018;12646820.0
Croatia;Total;2000;4428075.0
Croatia;Male;2000;2131647.0
Croatia;Female;2000;2296428.0
Croatia;Rural;2000;2062239.0
Croatia;Urban;2000;2365833.0
Croatia;Total;2001;4408075.0
Croatia;Male;2001;2121324.0
Croatia;Female;2001;2286749.0
Croatia;Rural;2001;2043497.0
Croatia;Urban;2001;2364583.0
Croatia;Total;2002;4395799.0
Croatia;Male;2002;2115383.0
Croatia;Female;2002;2280419.0
Croatia;Rural;2002;2030408.0
Croatia;Urban;2002;2365411.0
Croatia;Total;2003;4388895.0
Croatia;Male;2003;2112496.0
Croatia;Female;2003;2276413.0
Croatia;Rural;2003;2019844.0
Croatia;Urban;2003;2369102.0
Croatia;Total;2004;4383882.0
Croatia;Male;2004;2110636.0
Croatia;Female;2004;2273241.0
Croatia;Rural;2004;2010143.0
Croatia;Urban;2004;2373777.0
Croatia;Total;2005;4378058.0
Croatia;Male;2005;2108315.0
Croatia;Female;2005;2269751.0
Croatia;Rural;2005;2000102.0
Croatia;Urban;2005;2377955.0
Croatia;Total;2006;4370777.0
Croatia;Male;2006;2105146.0
Croatia;Female;2006;2265636.0
Croatia;Rural;2006;1989394.0
Croatia;Urban;2006;2381305.0
Croatia;Total;2007;4362426.0
Croatia;Male;2007;2101396.0
Croatia;Female;2007;2261031.0
Croatia;Rural;2007;1978228.0
Croatia;Urban;2007;2384038.0
Croatia;Total;2008;4352636.0
Croatia;Male;2008;2096804.9999999998
Croatia;Female;2008;2255834.0
Croatia;Rural;2008;1966449.0
Croatia;Urban;2008;2385979.0
Croatia;Total;2009;4341264.0
Croatia;Male;2009;2091239.0
Croatia;Female;2009;2250022.0
Croatia;Rural;2009;1954051.0
Croatia;Urban;2009;2387033.0
Croatia;Total;2010;4328165.0
Croatia;Male;2010;2084606.0000000002
Croatia;Female;2010;2243557.0
Croatia;Rural;2010;1940974.0
Croatia;Urban;2010;2387179.0
Croatia;Total;2011;4313099.0
Croatia;Male;2011;2076713.0000000002
Croatia;Female;2011;2236385.0
Croatia;Rural;2011;1927119.0
Croatia;Urban;2011;2386252.0
Croatia;Total;2012;4295878.0
Croatia;Male;2012;2067505.0
Croatia;Female;2012;2228364.0
Croatia;Rural;2012;1911684.0
Croatia;Urban;2012;2384842.0
Croatia;Total;2013;4276598.0
Croatia;Male;2013;2057280.0000000002
Croatia;Female;2013;2219313.0
Croatia;Rural;2013;1894797.0
Croatia;Urban;2013;2383009.0
Croatia;Total;2014;4255512.0
Croatia;Male;2014;2046465.0
Croatia;Female;2014;2209053.0
Croatia;Rural;2014;1876612.0
Croatia;Urban;2014;2380921.0
Croatia;Total;2015;4232874.0
Croatia;Male;2015;2035405.0
Croatia;Female;2015;2197469.0
Croatia;Rural;2015;1857290.0
Croatia;Urban;2015;2378726.0
Croatia;Total;2016;4208602.0
Croatia;Male;2016;2024136.0
Croatia;Female;2016;2184475.0
Croatia;Rural;2016;1836858.0
Croatia;Urban;2016;2376407.0
Croatia;Total;2017;4182857.0
Croatia;Male;2017;2012657.0
Croatia;Female;2017;2170190.0
Croatia;Rural;2017;1815373.0
Croatia;Urban;2017;2373980.0
Croatia;Total;2018;4156404.9999999995
Croatia;Male;2018;2001201.0
Croatia;Female;2018;2155206.0
Croatia;Rural;2018;1793077.0
Croatia;Urban;2018;2371706.0
Cuba;Total;2000;11126430.0
Cuba;Male;2000;5547098.0
Cuba;Female;2000;5579325.0
Cuba;Rural;2000;2751655.0
Cuba;Urban;2000;8399081.0
Cuba;Total;2001;11164667.0
Cuba;Male;2001;5564815.0
Cuba;Female;2001;5599861.0
Cuba;Rural;2001;2734588.0
Cuba;Urban;2001;8451954.0
Cuba;Total;2002;11199651.0
Cuba;Male;2002;5582125.0
Cuba;Female;2002;5617539.0
Cuba;Rural;2002;2716433.0
Cuba;Urban;2002;8501565.0
Cuba;Total;2003;11229183.0
Cuba;Male;2003;5597342.0
Cuba;Female;2003;5631843.0
Cuba;Rural;2003;2704756.0
Cuba;Urban;2003;8540129.0
Cuba;Total;2004;11250365.0
Cuba;Male;2004;5608177.0
Cuba;Female;2004;5642192.0
Cuba;Rural;2004;2699495.0
Cuba;Urban;2004;8567446.0
Cuba;Total;2005;11261582.0
Cuba;Male;2005;5613215.0
Cuba;Female;2005;5648371.0
Cuba;Rural;2005;2693118.0
Cuba;Urban;2005;8591135.0
Cuba;Total;2006;11261248.0
Cuba;Male;2006;5611447.0
Cuba;Female;2006;5649794.0
Cuba;Rural;2006;2685454.0
Cuba;Urban;2006;8610779.0
Cuba;Total;2007;11251122.0
Cuba;Male;2007;5604005.0
Cuba;Female;2007;5647112.0
Cuba;Rural;2007;2676725.0
Cuba;Urban;2007;8626962.0
Cuba;Total;2008;11236971.0
Cuba;Male;2008;5594116.0
Cuba;Female;2008;5642859.0
Cuba;Rural;2008;2667669.0
Cuba;Urban;2008;8642085.0
Cuba;Total;2009;11226709.0
Cuba;Male;2009;5586273.0
Cuba;Female;2009;5640438.0
Cuba;Rural;2009;2659312.0
Cuba;Urban;2009;8659290.0
Cuba;Total;2010;11225832.0
Cuba;Male;2010;5583618.0
Cuba;Female;2010;5642215.0
Cuba;Rural;2010;2652264.0
Cuba;Urban;2010;8680787.0
Cuba;Total;2011;11236671.0
Cuba;Male;2011;5587410.0
Cuba;Female;2011;5649261.0
Cuba;Rural;2011;2646885.0
Cuba;Urban;2011;8707766.0
Cuba;Total;2012;11257104.0
Cuba;Male;2012;5596451.0
Cuba;Female;2012;5660661.0
Cuba;Rural;2012;2642849.0
Cuba;Urban;2012;8739297.0
Cuba;Total;2013;11282723.0
Cuba;Male;2013;5608387.0
Cuba;Female;2013;5674335.0
Cuba;Rural;2013;2644532.0
Cuba;Urban;2013;8767635.0
Cuba;Total;2014;11306904.0
Cuba;Male;2014;5619691.0
Cuba;Female;2014;5687218.0
Cuba;Rural;2014;2647001.0
Cuba;Urban;2014;8792766.0
Cuba;Total;2015;11324781.0
Cuba;Male;2015;5627750.0
Cuba;Female;2015;5697027.0
Cuba;Rural;2015;2648084.0
Cuba;Urban;2015;8813348.0
Cuba;Total;2016;11335104.0
Cuba;Male;2016;5631930.0
Cuba;Female;2016;5703178.0
Cuba;Rural;2016;2647509.0
Cuba;Urban;2016;8828473.0
Cuba;Total;2017;11339254.0
Cuba;Male;2017;5632956.0
Cuba;Female;2017;5706299.0
Cuba;Rural;2017;2644108.0
Cuba;Urban;2017;8840528.0
Cuba;Total;2018;11338134.0
Cuba;Male;2018;5631334.0
Cuba;Female;2018;5706812.0
Cuba;Rural;2018;2638265.0
Cuba;Urban;2018;8850817.0
Curaçao;Total;2011;152315.0
Curaçao;Male;2011;69847.0
Curaçao;Female;2011;82462.0
Curaçao;Rural;2011;15398.0
Curaçao;Urban;2011;135195.0
Curaçao;Total;2012;154817.0
Curaçao;Male;2012;70924.0
Curaçao;Female;2012;83888.0
Curaçao;Rural;2012;15827.0
Curaçao;Urban;2012;137158.0
Curaçao;Total;2013;156794.0
Curaçao;Male;2013;71806.0
Curaçao;Female;2013;84984.0
Curaçao;Rural;2013;16197.0
Curaçao;Urban;2013;138698.0
Curaçao;Total;2014;158422.0
Curaçao;Male;2014;72561.0
Curaçao;Female;2014;85871.0
Curaçao;Rural;2014;16524.0
Curaçao;Urban;2014;139988.0
Curaçao;Total;2015;159847.0
Curaçao;Male;2015;73231.0
Curaçao;Female;2015;86619.0
Curaçao;Rural;2015;16825.0
Curaçao;Urban;2015;141185.0
Curaçao;Total;2016;161052.0
Curaçao;Male;2016;73822.0
Curaçao;Female;2016;87233.0
Curaçao;Rural;2016;17097.0
Curaçao;Urban;2016;142274.0
Curaçao;Total;2017;161997.0
Curaçao;Male;2017;74299.0
Curaçao;Female;2017;87687.0
Curaçao;Rural;2017;17333.0
Curaçao;Urban;2017;143206.0
Curaçao;Total;2018;162752.0
Curaçao;Male;2018;74711.0
Curaçao;Female;2018;88042.0
Curaçao;Rural;2018;17540.0
Curaçao;Urban;2018;144037.0
Cyprus;Total;2000;943290.0
Cyprus;Male;2000;475427.0
Cyprus;Female;2000;467861.0
Cyprus;Rural;2000;295736.0
Cyprus;Urban;2000;647550.0
Cyprus;Total;2001;960276.0
Cyprus;Male;2001;484572.0
Cyprus;Female;2001;475702.0
Cyprus;Rural;2001;299901.0
Cyprus;Urban;2001;660381.0
Cyprus;Total;2002;976964.0
Cyprus;Male;2002;493851.0
Cyprus;Female;2002;483117.0
Cyprus;Rural;2002;305847.0
Cyprus;Urban;2002;671119.0
Cyprus;Total;2003;993563.0
Cyprus;Male;2003;503068.0
Cyprus;Female;2003;490494.0
Cyprus;Rural;2003;312451.0
Cyprus;Urban;2003;681112.0
Cyprus;Total;2004;1010408.0
Cyprus;Male;2004;512008.00000000006
Cyprus;Female;2004;498402.0
Cyprus;Rural;2004;319186.0
Cyprus;Urban;2004;691224.0
Cyprus;Total;2005;1027662.0
Cyprus;Male;2005;520474.00000000006
Cyprus;Female;2005;507183.0
Cyprus;Rural;2005;326096.0
Cyprus;Urban;2005;701562.0
Cyprus;Total;2006;1045507.0000000001
Cyprus;Male;2006;528424.0
Cyprus;Female;2006;517083.99999999994
Cyprus;Rural;2006;333253.0
Cyprus;Urban;2006;712256.0
Cyprus;Total;2007;1063713.0
Cyprus;Male;2007;535880.0
Cyprus;Female;2007;527828.0
Cyprus;Rural;2007;340577.0
Cyprus;Urban;2007;723135.0
Cyprus;Total;2008;1081563.0
Cyprus;Male;2008;542867.0
Cyprus;Female;2008;538701.0
Cyprus;Rural;2008;347846.0
Cyprus;Urban;2008;733717.0
Cyprus;Total;2009;1098083.0
Cyprus;Male;2009;549417.0
Cyprus;Female;2009;548672.0
Cyprus;Rural;2009;354733.0
Cyprus;Urban;2009;743343.0
Cyprus;Total;2010;1112612.0
Cyprus;Male;2010;555582.0
Cyprus;Female;2010;557035.0
Cyprus;Rural;2010;361031.0
Cyprus;Urban;2010;751576.0
Cyprus;Total;2011;1124833.0
Cyprus;Male;2011;561358.0
Cyprus;Female;2011;563479.0
Cyprus;Rural;2011;366624.0
Cyprus;Urban;2011;758211.0
Cyprus;Total;2012;1135046.0
Cyprus;Male;2012;566741.0
Cyprus;Female;2012;568305.0
Cyprus;Rural;2012;371602.0
Cyprus;Urban;2012;763460.0
Cyprus;Total;2013;1143866.0
Cyprus;Male;2013;571805.0
Cyprus;Female;2013;572061.0
Cyprus;Rural;2013;375923.0
Cyprus;Urban;2013;767973.0
Cyprus;Total;2014;1152285.0
Cyprus;Male;2014;576673.0
Cyprus;Female;2014;575624.0
Cyprus;Rural;2014;379900.0
Cyprus;Urban;2014;772409.0
Cyprus;Total;2015;1160985.0
Cyprus;Male;2015;581395.0
Cyprus;Female;2015;579592.0
Cyprus;Rural;2015;383751.0
Cyprus;Urban;2015;777234.0
Cyprus;Total;2016;1170187.0
Cyprus;Male;2016;586030.0
Cyprus;Female;2016;584159.0
Cyprus;Rural;2016;387536.0
Cyprus;Urban;2016;782589.0
Cyprus;Total;2017;1179678.0
Cyprus;Male;2017;590551.0
Cyprus;Female;2017;589134.0
Cyprus;Rural;2017;391192.0
Cyprus;Urban;2017;788359.0
Cyprus;Total;2018;1189265.0
Cyprus;Male;2018;594975.0
Cyprus;Female;2018;594287.0
Cyprus;Rural;2018;394652.0
Cyprus;Urban;2018;794433.0
Czechia;Total;2000;10289373.0
Czechia;Male;2000;5005519.0
Czechia;Female;2000;5283855.0
Czechia;Rural;2000;2676516.0
Czechia;Urban;2000;7613078.0
Czechia;Total;2001;10271008.0
Czechia;Male;2001;4996849.0
Czechia;Female;2001;5274170.0
Czechia;Rural;2001;2683121.0
Czechia;Urban;2001;7588083.0
Czechia;Total;2002;10252261.0
Czechia;Male;2002;4987629.0
Czechia;Female;2002;5264635.0
Czechia;Rural;2002;2685263.0
Czechia;Urban;2002;7567176.0
Czechia;Total;2003;10239136.0
Czechia;Male;2003;4981560.0
Czechia;Female;2003;5257571.0
Czechia;Rural;2003;2688862.0
Czechia;Urban;2003;7550415.0
Czechia;Total;2004;10239439.0
Czechia;Male;2004;4983511.0
Czechia;Female;2004;5255933.0
Czechia;Rural;2004;2695998.0
Czechia;Urban;2004;7543538.0
Czechia;Total;2005;10258167.0
Czechia;Male;2005;4996558.0
Czechia;Female;2005;5261607.0
Czechia;Rural;2005;2707979.0
Czechia;Urban;2005;7550197.0
Czechia;Total;2006;10298614.0
Czechia;Male;2006;5022739.0
Czechia;Female;2006;5275870.0
Czechia;Rural;2006;2725691.0
Czechia;Urban;2006;7572597.0
Czechia;Total;2007;10357538.0
Czechia;Male;2007;5060024.0
Czechia;Female;2007;5297511.0
Czechia;Rural;2007;2748296.0
Czechia;Urban;2007;7608290.0
Czechia;Total;2008;10425266.0
Czechia;Male;2008;5102449.0
Czechia;Female;2008;5322818.0
Czechia;Rural;2008;2773375.0
Czechia;Urban;2008;7650419.0
Czechia;Total;2009;10488155.0
Czechia;Male;2009;5141597.0
Czechia;Female;2009;5346558.0
Czechia;Rural;2009;2797430.0
Czechia;Urban;2009;7689415.0
Czechia;Total;2010;10536518.0
Czechia;Male;2010;5171516.0
Czechia;Female;2010;5364998.0
Czechia;Rural;2010;2817955.0
Czechia;Urban;2010;7718331.0
Czechia;Total;2011;10566517.0
Czechia;Male;2011;5189846.0
Czechia;Female;2011;5376666.0
Czechia;Rural;2011;2834000.0
Czechia;Urban;2011;7734715.0
Czechia;Total;2012;10581293.0
Czechia;Male;2012;5198561.0
Czechia;Female;2012;5382741.0
Czechia;Rural;2012;2837581.0
Czechia;Urban;2012;7749174.0
Czechia;Total;2013;10586533.0
Czechia;Male;2013;5201213.0
Czechia;Female;2013;5385316.0
Czechia;Rural;2013;2829750.0
Czechia;Urban;2013;7764731.0
Czechia;Total;2014;10591108.0
Czechia;Male;2014;5203351.0
Czechia;Female;2014;5387753.0
Czechia;Rural;2014;2820933.0
Czechia;Urban;2014;7777593.0
Czechia;Total;2015;10601397.0
Czechia;Male;2015;5208980.0
Czechia;Female;2015;5392410.0
Czechia;Rural;2015;2812446.0
Czechia;Urban;2015;7791316.0
Czechia;Total;2016;10618857.0
Czechia;Male;2016;5219039.0
Czechia;Female;2016;5399829.0
Czechia;Rural;2016;2804473.0
Czechia;Urban;2016;7806474.0
Czechia;Total;2017;10641034.0
Czechia;Male;2017;5232015.0
Czechia;Female;2017;5409017.0
Czechia;Rural;2017;2795276.0
Czechia;Urban;2017;7823027.0
Czechia;Total;2018;10665677.0
Czechia;Male;2018;5246598.0
Czechia;Female;2018;5419081.0
Czechia;Rural;2018;2784670.0
Czechia;Urban;2018;7840580.0
Democratic People's Republic of Korea;Total;2000;22929075.0
Democratic People's Republic of Korea;Male;2000;11177728.0
Democratic People's Republic of Korea;Female;2000;11751350.0
Democratic People's Republic of Korea;Rural;2000;9306352.0
Democratic People's Republic of Korea;Urban;2000;13622723.0
Democratic People's Republic of Korea;Total;2001;23132980.0
Democratic People's Republic of Korea;Male;2001;11279172.0
Democratic People's Republic of Korea;Female;2001;11853810.0
Democratic People's Republic of Korea;Rural;2001;9370467.0
Democratic People's Republic of Korea;Urban;2001;13761343.0
Democratic People's Republic of Korea;Total;2002;23339453.0
Democratic People's Republic of Korea;Male;2002;11383213.0
Democratic People's Republic of Korea;Female;2002;11956240.0
Democratic People's Republic of Korea;Rural;2002;9435113.0
Democratic People's Republic of Korea;Urban;2002;13901568.0
Democratic People's Republic of Korea;Total;2003;23542426.0
Democratic People's Republic of Korea;Male;2003;11486354.0
Democratic People's Republic of Korea;Female;2003;12056080.0
Democratic People's Republic of Korea;Rural;2003;9498234.0
Democratic People's Republic of Korea;Urban;2003;14040306.0
Democratic People's Republic of Korea;Total;2004;23732731.0
Democratic People's Republic of Korea;Male;2004;11583283.0
Democratic People's Republic of Korea;Female;2004;12149457.0
Democratic People's Republic of Korea;Rural;2004;9556633.0
Democratic People's Republic of Korea;Urban;2004;14172865.0
Democratic People's Republic of Korea;Total;2005;23904167.0
Democratic People's Republic of Korea;Male;2005;11670344.0
Democratic People's Republic of Korea;Female;2005;12233823.0
Democratic People's Republic of Korea;Rural;2005;9608248.0
Democratic People's Republic of Korea;Urban;2005;14295919.0
Democratic People's Republic of Korea;Total;2006;24054864.0
Democratic People's Republic of Korea;Male;2006;11746496.0
Democratic People's Republic of Korea;Female;2006;12308370.0
Democratic People's Republic of Korea;Rural;2006;9652459.0
Democratic People's Republic of Korea;Urban;2006;14408638.0
Democratic People's Republic of Korea;Total;2007;24188331.0
Democratic People's Republic of Korea;Male;2007;11813654.0
Democratic People's Republic of Korea;Female;2007;12374676.0
Democratic People's Republic of Korea;Rural;2007;9690536.0
Democratic People's Republic of Korea;Urban;2007;14512753.0
Democratic People's Republic of Korea;Total;2008;24310142.0
Democratic People's Republic of Korea;Male;2008;11874749.0
Democratic People's Republic of Korea;Female;2008;12435394.0
Democratic People's Republic of Korea;Rural;2008;9724246.0
Democratic People's Republic of Korea;Urban;2008;14610900.0
Democratic People's Republic of Korea;Total;2009;24428341.0
Democratic People's Republic of Korea;Male;2009;11934032.0
Democratic People's Republic of Korea;Female;2009;12494308.0
Democratic People's Republic of Korea;Rural;2009;9737390.0
Democratic People's Republic of Korea;Urban;2009;14725631.0
Democratic People's Republic of Korea;Total;2010;24548836.0
Democratic People's Republic of Korea;Male;2010;11994618.0
Democratic People's Republic of Korea;Female;2010;12554222.0
Democratic People's Republic of Korea;Rural;2010;9744048.0
Democratic People's Republic of Korea;Urban;2010;14847551.0
Democratic People's Republic of Korea;Total;2011;24673395.0
Democratic People's Republic of Korea;Male;2011;12057413.0
Democratic People's Republic of Korea;Female;2011;12615979.0
Democratic People's Republic of Korea;Rural;2011;9751147.0
Democratic People's Republic of Korea;Urban;2011;14971151.0
Democratic People's Republic of Korea;Total;2012;24800645.0
Democratic People's Republic of Korea;Male;2012;12121648.0
Democratic People's Republic of Korea;Female;2012;12678990.0
Democratic People's Republic of Korea;Rural;2012;9758191.0
Democratic People's Republic of Korea;Urban;2012;15095843.0
Democratic People's Republic of Korea;Total;2013;24929497.0
Democratic People's Republic of Korea;Male;2013;12186651.0
Democratic People's Republic of Korea;Female;2013;12742849.0
Democratic People's Republic of Korea;Rural;2013;9765036.0
Democratic People's Republic of Korea;Urban;2013;15220940.0
Democratic People's Republic of Korea;Total;2014;25057790.0
Democratic People's Republic of Korea;Male;2014;12251177.0
Democratic People's Republic of Korea;Female;2014;12806616.0
Democratic People's Republic of Korea;Rural;2014;9770814.0
Democratic People's Republic of Korea;Urban;2014;15345549.0
Democratic People's Republic of Korea;Total;2015;25183833.0
Democratic People's Republic of Korea;Male;2015;12314250.0
Democratic People's Republic of Korea;Female;2015;12869582.0
Democratic People's Republic of Korea;Rural;2015;9775101.0
Democratic People's Republic of Korea;Urban;2015;15468816.0
Democratic People's Republic of Korea;Total;2016;25307665.0
Democratic People's Republic of Korea;Male;2016;12375845.0
Democratic People's Republic of Korea;Female;2016;12931820.0
Democratic People's Republic of Korea;Rural;2016;9774246.0
Democratic People's Republic of Korea;Urban;2016;15594374.0
Democratic People's Republic of Korea;Total;2017;25429825.0
Democratic People's Republic of Korea;Male;2017;12436268.0
Democratic People's Republic of Korea;Female;2017;12993548.0
Democratic People's Republic of Korea;Rural;2017;9768556.0
Democratic People's Republic of Korea;Urban;2017;15722409.0
Democratic People's Republic of Korea;Total;2018;25549604.0
Democratic People's Republic of Korea;Male;2018;12495328.0
Democratic People's Republic of Korea;Female;2018;13054278.0
Democratic People's Republic of Korea;Rural;2018;9757856.0
Democratic People's Republic of Korea;Urban;2018;15852816.0
Democratic Republic of the Congo;Total;2000;47105826.0
Democratic Republic of the Congo;Male;2000;23359141.0
Democratic Republic of the Congo;Female;2000;23746689.0
Democratic Republic of the Congo;Rural;2000;30542153.0
Democratic Republic of the Congo;Urban;2000;16534234.0
Democratic Republic of the Congo;Total;2001;48428545.0
Democratic Republic of the Congo;Male;2001;24024789.0
Democratic Republic of the Congo;Female;2001;24403745.0
Democratic Republic of the Congo;Rural;2001;31172281.0
Democratic Republic of the Congo;Urban;2001;17222057.0
Democratic Republic of the Congo;Total;2002;49871666.0
Democratic Republic of the Congo;Male;2002;24750634.0
Democratic Republic of the Congo;Female;2002;25121036.0
Democratic Republic of the Congo;Rural;2002;31867429.0
Democratic Republic of the Congo;Urban;2002;17968327.0
Democratic Republic of the Congo;Total;2003;51425580.0
Democratic Republic of the Congo;Male;2003;25531974.0
Democratic Republic of the Congo;Female;2003;25893609.0
Democratic Republic of the Congo;Rural;2003;32619349.0
Democratic Republic of the Congo;Urban;2003;18770684.0
Democratic Republic of the Congo;Total;2004;53068880.0
Democratic Republic of the Congo;Male;2004;26358262.0
Democratic Republic of the Congo;Female;2004;26710607.0
Democratic Republic of the Congo;Rural;2004;33411557.0
Democratic Republic of the Congo;Urban;2004;19622660.0
Democratic Republic of the Congo;Total;2005;54785903.0
Democratic Republic of the Congo;Male;2005;27221813.0
Democratic Republic of the Congo;Female;2005;27564081.0
Democratic Republic of the Congo;Rural;2005;34229993.0
Democratic Republic of the Congo;Urban;2005;20521483.0
Democratic Republic of the Congo;Total;2006;56578037.0
Democratic Republic of the Congo;Male;2006;28123310.0
Democratic Republic of the Congo;Female;2006;28454736.0
Democratic Republic of the Congo;Rural;2006;35072910.0
Democratic Republic of the Congo;Urban;2006;21470101.0
Democratic Republic of the Congo;Total;2007;58453683.0
Democratic Republic of the Congo;Male;2007;29066903.0
Democratic Republic of the Congo;Female;2007;29386784.0
Democratic Republic of the Congo;Rural;2007;35944533.0
Democratic Republic of the Congo;Urban;2007;22473029.0
Democratic Republic of the Congo;Total;2008;60411195.0
Democratic Republic of the Congo;Male;2008;30051807.0
Democratic Republic of the Congo;Female;2008;30359388.0
Democratic Republic of the Congo;Rural;2008;36842282.0
Democratic Republic of the Congo;Urban;2008;23531326.0
Democratic Republic of the Congo;Total;2009;62448574.0
Democratic Republic of the Congo;Male;2009;31077037.0
Democratic Republic of the Congo;Female;2009;31371535.0
Democratic Republic of the Congo;Rural;2009;37763464.0
Democratic Republic of the Congo;Urban;2009;24645971.0
Democratic Republic of the Congo;Total;2010;64563854.0
Democratic Republic of the Congo;Male;2010;32141617.0
Democratic Republic of the Congo;Female;2010;32422236.0
Democratic Republic of the Congo;Rural;2010;38705362.0
Democratic Republic of the Congo;Urban;2010;25817901.0
Democratic Republic of the Congo;Total;2011;66755153.00000001
Democratic Republic of the Congo;Male;2011;33244602.0
Democratic Republic of the Congo;Female;2011;33510549.0
Democratic Republic of the Congo;Rural;2011;39665446.0
Democratic Republic of the Congo;Urban;2011;27048151.0
Democratic Republic of the Congo;Total;2012;69020747.0
Democratic Republic of the Congo;Male;2012;34385069.0
Democratic Republic of the Congo;Female;2012;34635680.0
Democratic Republic of the Congo;Rural;2012;40641055.0
Democratic Republic of the Congo;Urban;2012;28337627.0
Democratic Republic of the Congo;Total;2013;71358807.0
Democratic Republic of the Congo;Male;2013;35561914.0
Democratic Republic of the Congo;Female;2013;35796890.0
Democratic Republic of the Congo;Rural;2013;41629125.0
Democratic Republic of the Congo;Urban;2013;29686908.0
Democratic Republic of the Congo;Total;2014;73767447.0
Democratic Republic of the Congo;Male;2014;36773965.0
Democratic Republic of the Congo;Female;2014;36993480.0
Democratic Republic of the Congo;Rural;2014;42626472.0
Democratic Republic of the Congo;Urban;2014;31096388.0
Democratic Republic of the Congo;Total;2015;76244544.0
Democratic Republic of the Congo;Male;2015;38019960.0
Democratic Republic of the Congo;Female;2015;38224572.0
Democratic Republic of the Congo;Rural;2015;43630111.0
Democratic Republic of the Congo;Urban;2015;32566508.0
Democratic Republic of the Congo;Total;2016;78789127.0
Democratic Republic of the Congo;Male;2016;39299343.0
Democratic Republic of the Congo;Female;2016;39489787.0
Democratic Republic of the Congo;Rural;2016;44637912.0
Democratic Republic of the Congo;Urban;2016;34098241.0
Democratic Republic of the Congo;Total;2017;81398764.0
Democratic Republic of the Congo;Male;2017;40610874.0
Democratic Republic of the Congo;Female;2017;40787891.0
Democratic Republic of the Congo;Rural;2017;45647604.0
Democratic Republic of the Congo;Urban;2017;35692384.0
Democratic Republic of the Congo;Total;2018;84068091.0
Democratic Republic of the Congo;Male;2018;41951875.0
Democratic Republic of the Congo;Female;2018;42116217.0
Democratic Republic of the Congo;Rural;2018;46656050.0
Democratic Republic of the Congo;Urban;2018;37348939.0
Denmark;Total;2000;5341194.0
Denmark;Male;2000;2642895.0
Denmark;Female;2000;2698297.0
Denmark;Rural;2000;795838.0
Denmark;Urban;2000;4545356.0
Denmark;Total;2001;5358062.0
Denmark;Male;2001;2651808.0
Denmark;Female;2001;2706251.0
Denmark;Rural;2001;795683.0
Denmark;Urban;2001;4562379.0
Denmark;Total;2002;5372801.0
Denmark;Male;2002;2659568.0
Denmark;Female;2002;2713230.0
Denmark;Rural;2002;792499.0
Denmark;Urban;2002;4580302.0
Denmark;Total;2003;5386968.0
Denmark;Male;2003;2667009.0
Denmark;Female;2003;2719959.0
Denmark;Rural;2003;788673.0
Denmark;Urban;2003;4598295.0
Denmark;Total;2004;5402761.0
Denmark;Male;2004;2675318.0
Denmark;Female;2004;2727436.0
Denmark;Rural;2004;779832.0
Denmark;Urban;2004;4622929.0
Denmark;Total;2005;5421702.0
Denmark;Male;2005;2685327.0
Denmark;Female;2005;2736374.0
Denmark;Rural;2005;766864.0
Denmark;Urban;2005;4654838.0
Denmark;Total;2006;5444286.0
Denmark;Male;2006;2697277.0
Denmark;Female;2006;2747016.0
Denmark;Rural;2006;756876.0
Denmark;Urban;2006;4687427.0
Denmark;Total;2007;5469921.0
Denmark;Male;2007;2710858.0
Denmark;Female;2007;2759062.0
Denmark;Rural;2007;749746.0
Denmark;Urban;2007;4720211.0
Denmark;Total;2008;5497729.0
Denmark;Male;2008;2725636.0
Denmark;Female;2008;2772095.0
Denmark;Rural;2008;742924.0
Denmark;Urban;2008;4754871.0
Denmark;Total;2009;5526388.0
Denmark;Male;2009;2740959.0
Denmark;Female;2009;2785430.0
Denmark;Rural;2009;737584.0
Denmark;Urban;2009;4788863.0
Denmark;Total;2010;5554844.0
Denmark;Male;2010;2756283.0
Denmark;Female;2010;2798566.0
Denmark;Rural;2010;733539.0
Denmark;Urban;2010;4821305.0
Denmark;Total;2011;5582978.0
Denmark;Male;2011;2771590.0
Denmark;Female;2011;2811390.0
Denmark;Rural;2011;728151.0
Denmark;Urban;2011;4854722.0
Denmark;Total;2012;5610903.0
Denmark;Male;2012;2786889.0
Denmark;Female;2012;2824020.0
Denmark;Rural;2012;721427.0
Denmark;Urban;2012;4889233.0
Denmark;Total;2013;5638145.0
Denmark;Male;2013;2801800.0
Denmark;Female;2013;2836352.0
Denmark;Rural;2013;716440.0
Denmark;Urban;2013;4921377.0
Denmark;Total;2014;5664196.0
Denmark;Male;2014;2815877.0
Denmark;Female;2014;2848322.0
Denmark;Rural;2014;713100.0
Denmark;Urban;2014;4950814.0
Denmark;Total;2015;5688695.0
Denmark;Male;2015;2828808.0
Denmark;Female;2015;2859887.0
Denmark;Rural;2015;709587.0
Denmark;Urban;2015;4979108.0
Denmark;Total;2016;5711349.0
Denmark;Male;2016;2840401.0
Denmark;Female;2016;2870945.0
Denmark;Rural;2016;705862.0
Denmark;Urban;2016;5006008.0
Denmark;Total;2017;5732274.0
Denmark;Male;2017;2850751.0
Denmark;Female;2017;2881526.0
Denmark;Rural;2017;701971.0
Denmark;Urban;2017;5031580.0
Denmark;Total;2018;5752126.0
Denmark;Male;2018;2860293.0
Denmark;Female;2018;2891838.0
Denmark;Rural;2018;697769.0
Denmark;Urban;2018;5056587.0
Djibouti;Total;2000;717584.0
Djibouti;Male;2000;360759.0
Djibouti;Female;2000;356818.0
Djibouti;Rural;2000;168406.0
Djibouti;Urban;2000;549178.0
Djibouti;Total;2001;733015.0
Djibouti;Male;2001;367771.0
Djibouti;Female;2001;365248.0
Djibouti;Rural;2001;171618.0
Djibouti;Urban;2001;561093.0
Djibouti;Total;2002;746942.0
Djibouti;Male;2002;373733.0
Djibouti;Female;2002;373214.0
Djibouti;Rural;2002;174439.0
Djibouti;Urban;2002;571782.0
Djibouti;Total;2003;759641.0
Djibouti;Male;2003;379387.0
Djibouti;Female;2003;380252.0
Djibouti;Rural;2003;176988.0
Djibouti;Urban;2003;581627.0
Djibouti;Total;2004;771603.0
Djibouti;Male;2004;385776.0
Djibouti;Female;2004;385823.0
Djibouti;Rural;2004;179465.0
Djibouti;Urban;2004;591287.0
Djibouti;Total;2005;783254.0
Djibouti;Male;2005;393626.0
Djibouti;Female;2005;389622.0
Djibouti;Rural;2005;182018.0
Djibouti;Urban;2005;601236.0
Djibouti;Total;2006;794563.0
Djibouti;Male;2006;403230.0
Djibouti;Female;2006;391324.0
Djibouti;Rural;2006;184663.0
Djibouti;Urban;2006;611545.0
Djibouti;Total;2007;805451.0
Djibouti;Male;2007;414204.0
Djibouti;Female;2007;391252.0
Djibouti;Rural;2007;187353.0
Djibouti;Urban;2007;622049.0
Djibouti;Total;2008;816358.0
Djibouti;Male;2008;425823.0
Djibouti;Female;2008;390538.0
Djibouti;Rural;2008;190109.0
Djibouti;Urban;2008;632825.0
Djibouti;Total;2009;827823.0
Djibouti;Male;2009;437042.0
Djibouti;Female;2009;390778.0
Djibouti;Rural;2009;192941.0
Djibouti;Urban;2009;643899.0
Djibouti;Total;2010;840198.0
Djibouti;Male;2010;447092.0
Djibouti;Female;2010;393102.0
Djibouti;Rural;2010;195770.0
Djibouti;Urban;2010;655376.0
Djibouti;Total;2011;853674.0
Djibouti;Male;2011;455731.0
Djibouti;Female;2011;397940.0
Djibouti;Rural;2011;198612.0
Djibouti;Urban;2011;667325.0
Djibouti;Total;2012;868137.0
Djibouti;Male;2012;463209.0
Djibouti;Female;2012;404927.0
Djibouti;Rural;2012;201456.0
Djibouti;Urban;2012;679729.0
Djibouti;Total;2013;883293.0
Djibouti;Male;2013;469898.0
Djibouti;Female;2013;413398.0
Djibouti;Rural;2013;204251.0
Djibouti;Urban;2013;692437.0
Djibouti;Total;2014;898695.0
Djibouti;Male;2014;476395.0
Djibouti;Female;2014;422312.0
Djibouti;Rural;2014;206929.0
Djibouti;Urban;2014;705235.0
Djibouti;Total;2015;913993.0
Djibouti;Male;2015;483117.0
Djibouti;Female;2015;430881.0
Djibouti;Rural;2015;209442.0
Djibouti;Urban;2015;717972.0
Djibouti;Total;2016;929112.0
Djibouti;Male;2016;490177.0
Djibouti;Female;2016;438940.0
Djibouti;Rural;2016;211764.0
Djibouti;Urban;2016;730569.0
Djibouti;Total;2017;944099.0
Djibouti;Male;2017;497397.0
Djibouti;Female;2017;446703.0
Djibouti;Rural;2017;213906.0
Djibouti;Urban;2017;743079.0
Djibouti;Total;2018;958923.0
Djibouti;Male;2018;504712.0
Djibouti;Female;2018;454211.0
Djibouti;Rural;2018;215875.0
Djibouti;Urban;2018;755533.0
Dominica;Total;2000;69650.0
Dominica;Rural;2000;24202.0
Dominica;Urban;2000;45474.0
Dominica;Total;2001;69661.0
Dominica;Rural;2001;24118.0
Dominica;Urban;2001;45552.0
Dominica;Total;2002;69837.0
Dominica;Rural;2002;23957.0
Dominica;Urban;2002;45867.0
Dominica;Total;2003;70100.0
Dominica;Rural;2003;23836.0
Dominica;Urban;2003;46257.0
Dominica;Total;2004;70382.0
Dominica;Rural;2004;23719.0
Dominica;Urban;2004;46660.0
Dominica;Total;2005;70589.0
Dominica;Rural;2005;23589.0
Dominica;Urban;2005;47038.0
Dominica;Total;2006;70718.0
Dominica;Rural;2006;23435.0
Dominica;Urban;2006;47372.0
Dominica;Total;2007;70795.0
Dominica;Rural;2007;23270.0
Dominica;Urban;2007;47680.0
Dominica;Total;2008;70827.0
Dominica;Rural;2008;23098.0
Dominica;Urban;2008;47976.0
Dominica;Total;2009;70851.0
Dominica;Rural;2009;22937.0
Dominica;Urban;2009;48292.0
Dominica;Total;2010;70878.0
Dominica;Rural;2010;22793.0
Dominica;Urban;2010;48647.0
Dominica;Total;2011;70916.0
Dominica;Rural;2011;22671.0
Dominica;Urban;2011;49047.0
Dominica;Total;2012;70965.0
Dominica;Rural;2012;22561.0
Dominica;Urban;2012;49483.0
Dominica;Total;2013;71016.0
Dominica;Rural;2013;22457.0
Dominica;Urban;2013;49943.0
Dominica;Total;2014;71085.0
Dominica;Rural;2014;22358.0
Dominica;Urban;2014;50420.0
Dominica;Total;2015;71183.0
Dominica;Rural;2015;22256.0
Dominica;Urban;2015;50906.0
Dominica;Total;2016;71307.0
Dominica;Rural;2016;22151.0
Dominica;Urban;2016;51392.0
Dominica;Total;2017;71458.0
Dominica;Rural;2017;22044.0
Dominica;Urban;2017;51881.0
Dominica;Total;2018;71625.0
Dominica;Rural;2018;21933.0
Dominica;Urban;2018;52375.0
Dominican Republic;Total;2000;8471321.0
Dominican Republic;Male;2000;4244647.0
Dominican Republic;Female;2000;4226670.0
Dominican Republic;Rural;2000;3274904.0
Dominican Republic;Urban;2000;5287718.0
Dominican Republic;Total;2001;8598601.0
Dominican Republic;Male;2001;4310795.0
Dominican Republic;Female;2001;4287804.0
Dominican Republic;Rural;2001;3255760.0
Dominican Republic;Urban;2001;5441366.0
Dominican Republic;Total;2002;8724975.0
Dominican Republic;Male;2002;4378118.0
Dominican Republic;Female;2002;4346856.0
Dominican Republic;Rural;2002;3235194.0
Dominican Republic;Urban;2002;5597091.0
Dominican Republic;Total;2003;8850317.0
Dominican Republic;Male;2003;4445599.0
Dominican Republic;Female;2003;4404718.0
Dominican Republic;Rural;2003;3174168.0
Dominican Republic;Urban;2003;5793592.0
Dominican Republic;Total;2004;8974444.0
Dominican Republic;Male;2004;4511784.0
Dominican Republic;Female;2004;4462660.0
Dominican Republic;Rural;2004;3094744.0
Dominican Republic;Urban;2004;6008254.0
Dominican Republic;Total;2005;9097257.0
Dominican Republic;Male;2005;4575667.0
Dominican Republic;Female;2005;4521595.0
Dominican Republic;Rural;2005;3014191.0
Dominican Republic;Urban;2005;6223375.0
Dominican Republic;Total;2006;9218686.0
Dominican Republic;Male;2006;4636859.0
Dominican Republic;Female;2006;4581822.0
Dominican Republic;Rural;2006;2932247.0
Dominican Republic;Urban;2006;6439091.0
Dominican Republic;Total;2007;9338861.0
Dominican Republic;Male;2007;4695746.0
Dominican Republic;Female;2007;4643110.0
Dominican Republic;Rural;2007;2849396.0
Dominican Republic;Urban;2007;6654957.0
Dominican Republic;Total;2008;9458075.0
Dominican Republic;Male;2008;4752946.0
Dominican Republic;Female;2008;4705133.0
Dominican Republic;Rural;2008;2765725.0
Dominican Republic;Urban;2008;6870795.0
Dominican Republic;Total;2009;9576737.0
Dominican Republic;Male;2009;4809438.0
Dominican Republic;Female;2009;4767298.0
Dominican Republic;Rural;2009;2681990.0
Dominican Republic;Urban;2009;7085768.0
Dominican Republic;Total;2010;9695121.0
Dominican Republic;Male;2010;4865924.0
Dominican Republic;Female;2010;4829193.0
Dominican Republic;Rural;2010;2597931.0
Dominican Republic;Urban;2010;7300054.0
Dominican Republic;Total;2011;9813211.0
Dominican Republic;Male;2011;4922526.0
Dominican Republic;Female;2011;4890693.0
Dominican Republic;Rural;2011;2524085.0
Dominican Republic;Urban;2011;7503010.0
Dominican Republic;Total;2012;9930916.0
Dominican Republic;Male;2012;4979010.0
Dominican Republic;Female;2012;4951906.0
Dominican Republic;Rural;2012;2457254.0
Dominican Republic;Urban;2012;7697696.0
Dominican Republic;Total;2013;10048232.0
Dominican Republic;Male;2013;5035367.0
Dominican Republic;Female;2013;5012859.0
Dominican Republic;Rural;2013;2390521.0
Dominican Republic;Urban;2013;7890775.0
Dominican Republic;Total;2014;10165183.0
Dominican Republic;Male;2014;5091526.0
Dominican Republic;Female;2014;5073656.0
Dominican Republic;Rural;2014;2323582.0
Dominican Republic;Urban;2014;8082262.0
Dominican Republic;Total;2015;10281680.0
Dominican Republic;Male;2015;5147367.0
Dominican Republic;Female;2015;5134308.0
Dominican Republic;Rural;2015;2256692.0
Dominican Republic;Urban;2015;8271701.999999999
Dominican Republic;Total;2016;10397741.0
Dominican Republic;Male;2016;5202940.0
Dominican Republic;Female;2016;5194798.0
Dominican Republic;Rural;2016;2189850.0
Dominican Republic;Urban;2016;8458941.0
Dominican Republic;Total;2017;10513104.0
Dominican Republic;Male;2017;5258174.0
Dominican Republic;Female;2017;5254937.0
Dominican Republic;Rural;2017;2123575.0
Dominican Republic;Urban;2017;8643423.0
Dominican Republic;Total;2018;10627141.0
Dominican Republic;Male;2018;5312745.0
Dominican Republic;Female;2018;5314402.0
Dominican Republic;Rural;2018;2059693.0000000002
Dominican Republic;Urban;2018;8823303.0
Ecuador;Total;2000;12681123.0
Ecuador;Male;2000;6365159.0
Ecuador;Female;2000;6315964.0
Ecuador;Rural;2000;5013641.0
Ecuador;Urban;2000;7614955.0
Ecuador;Total;2001;12914667.0
Ecuador;Male;2001;6481233.0
Ecuador;Female;2001;6433427.0
Ecuador;Rural;2001;5038399.0
Ecuador;Urban;2001;7814356.0
Ecuador;Total;2002;13143465.0
Ecuador;Male;2002;6594948.0
Ecuador;Female;2002;6548517.0
Ecuador;Rural;2002;5082637.0
Ecuador;Urban;2002;7989423.0
Ecuador;Total;2003;13369678.0
Ecuador;Male;2003;6707332.0
Ecuador;Female;2003;6662346.0
Ecuador;Rural;2003;5140934.0
Ecuador;Urban;2003;8148667.0
Ecuador;Total;2004;13596388.0
Ecuador;Male;2004;6819880.0
Ecuador;Female;2004;6776510.0
Ecuador;Rural;2004;5199348.0
Ecuador;Urban;2004;8310299.000000001
Ecuador;Total;2005;13825847.0
Ecuador;Male;2005;6933678.0
Ecuador;Female;2005;6892161.0
Ecuador;Rural;2005;5259140.0
Ecuador;Urban;2005;8476093.0
Ecuador;Total;2006;14059384.0
Ecuador;Male;2006;7049392.0
Ecuador;Female;2006;7009987.0
Ecuador;Rural;2006;5320597.0
Ecuador;Urban;2006;8646883.0
Ecuador;Total;2007;14296557.0
Ecuador;Male;2007;7166802.0
Ecuador;Female;2007;7129752.0
Ecuador;Rural;2007;5383366.0
Ecuador;Urban;2007;8822087.0
Ecuador;Total;2008;14535739.0
Ecuador;Male;2008;7285150.0
Ecuador;Female;2008;7250590.0
Ecuador;Rural;2008;5446778.0
Ecuador;Urban;2008;9000784.0
Ecuador;Total;2009;14774424.0
Ecuador;Male;2009;7403227.0
Ecuador;Female;2009;7371185.0
Ecuador;Rural;2009;5509980.0
Ecuador;Urban;2009;9181295.0
Ecuador;Total;2010;15011117.0
Ecuador;Male;2010;7520353.0
Ecuador;Female;2010;7490761.0
Ecuador;Rural;2010;5572140.0
Ecuador;Urban;2010;9362550.0
Ecuador;Total;2011;15243884.0
Ecuador;Male;2011;7635558.0
Ecuador;Female;2011;7608327.0
Ecuador;Rural;2011;5638262.0
Ecuador;Urban;2011;9539093.0
Ecuador;Total;2012;15474101.0
Ecuador;Male;2012;7749518.0
Ecuador;Female;2012;7724581.0
Ecuador;Rural;2012;5707115.0
Ecuador;Urban;2012;9712551.0
Ecuador;Total;2013;15707474.0
Ecuador;Male;2013;7865060.0
Ecuador;Female;2013;7842413.0
Ecuador;Rural;2013;5775237.0
Ecuador;Urban;2013;9886310.0
Ecuador;Total;2014;15951840.0
Ecuador;Male;2014;7986081.0
Ecuador;Female;2014;7965751.0
Ecuador;Rural;2014;5842585.0
Ecuador;Urban;2014;10060527.0
Ecuador;Total;2015;16212020.0
Ecuador;Male;2015;8114959.0
Ecuador;Female;2015;8097063.0
Ecuador;Rural;2015;5909194.0
Ecuador;Urban;2015;10235174.0
Ecuador;Total;2016;16491116.000000002
Ecuador;Male;2016;8253234.0
Ecuador;Female;2016;8237882.0
Ecuador;Rural;2016;5974947.0
Ecuador;Urban;2016;10410121.0
Ecuador;Total;2017;16785361.0
Ecuador;Male;2017;8399038.0
Ecuador;Female;2017;8386317.999999999
Ecuador;Rural;2017;6039811.0
Ecuador;Urban;2017;10585047.0
Ecuador;Total;2018;17084358.0
Ecuador;Male;2018;8547198.0
Ecuador;Female;2018;8537161.0
Ecuador;Rural;2018;6101055.0
Ecuador;Urban;2018;10762370.0
Egypt;Total;2000;68831561.0
Egypt;Male;2000;34650424.0
Egypt;Female;2000;34181137.0
Egypt;Rural;2000;39988667.0
Egypt;Urban;2000;29917321.0
Egypt;Total;2001;70152661.0
Egypt;Male;2001;35324564.0
Egypt;Female;2001;34828098.0
Egypt;Rural;2001;40711513.0
Egypt;Urban;2001;30515427.0
Egypt;Total;2002;71485043.0
Egypt;Male;2002;36009890.0
Egypt;Female;2002;35475154.0
Egypt;Rural;2002;41457204.0
Egypt;Urban;2002;31132914.0
Egypt;Total;2003;72826097.0
Egypt;Male;2003;36703210.0
Egypt;Female;2003;36122892.0
Egypt;Rural;2003;42217976.0
Egypt;Urban;2003;31763966.0
Egypt;Total;2004;74172073.0
Egypt;Male;2004;37399737.0
Egypt;Female;2004;36772336.0
Egypt;Rural;2004;42982044.0
Egypt;Urban;2004;32399855.0
Egypt;Total;2005;75523569.0
Egypt;Male;2005;38097625.0
Egypt;Female;2005;37425951.0
Egypt;Rural;2005;43742795.0
Egypt;Urban;2005;33035354.0
Egypt;Total;2006;76873663.0
Egypt;Male;2006;38792844.0
Egypt;Female;2006;38080826.0
Egypt;Rural;2006;44493461.0
Egypt;Urban;2006;33665587.0
Egypt;Total;2007;78232126.0
Egypt;Male;2007;39490813.0
Egypt;Female;2007;38741311.0
Egypt;Rural;2007;45274468.0
Egypt;Urban;2007;34262785.0
Egypt;Total;2008;79636079.0
Egypt;Male;2008;40210318.0
Egypt;Female;2008;39425763.0
Egypt;Rural;2008;46096587.0
Egypt;Urban;2008;34857294.0
Egypt;Total;2009;81134798.0
Egypt;Male;2009;40976505.0
Egypt;Female;2009;40158284.0
Egypt;Rural;2009;46973046.0
Egypt;Urban;2009;35491976.0
Egypt;Total;2010;82761235.0
Egypt;Male;2010;41806220.0
Egypt;Female;2010;40955024.0
Egypt;Rural;2010;47925009.0
Egypt;Urban;2010;36182597.0
Egypt;Total;2011;84529252.0
Egypt;Male;2011;42706357.0
Egypt;Female;2011;41822894.0
Egypt;Rural;2011;48961610.0
Egypt;Urban;2011;36935951.0
Egypt;Total;2012;86422243.0
Egypt;Male;2012;43668307.0
Egypt;Female;2012;42753933.0
Egypt;Rural;2012;50100764.0
Egypt;Urban;2012;37712493.0
Egypt;Total;2013;88404646.0
Egypt;Male;2013;44674003.0
Egypt;Female;2013;43730649.0
Egypt;Rural;2013;51286648.0
Egypt;Urban;2013;38520785.0
Egypt;Total;2014;90424656.0
Egypt;Male;2014;45697164.0
Egypt;Female;2014;44727504.0
Egypt;Rural;2014;52480985.0
Egypt;Urban;2014;39331581.0
Egypt;Total;2015;92442547.0
Egypt;Male;2015;46717678.0
Egypt;Female;2015;45724871.0
Egypt;Rural;2015;53654843.0
Egypt;Urban;2015;40123329.0
Egypt;Total;2016;94447073.0
Egypt;Male;2016;47729770.0
Egypt;Female;2016;46717301.0
Egypt;Rural;2016;54799311.0
Egypt;Urban;2016;40889370.0
Egypt;Total;2017;96442591.0
Egypt;Male;2017;48735775.0
Egypt;Female;2017;47706815.0
Egypt;Rural;2017;55893406.0
Egypt;Urban;2017;41659745.0
Egypt;Total;2018;98423598.0
Egypt;Male;2018;49733474.0
Egypt;Female;2018;48690128.0
Egypt;Rural;2018;56938212.0
Egypt;Urban;2018;42437529.0
El Salvador;Total;2000;5887936.0
El Salvador;Male;2000;2836192.0
El Salvador;Female;2000;3051738.0
El Salvador;Rural;2000;2410885.0
El Salvador;Urban;2000;3456741.0
El Salvador;Total;2001;5927006.0
El Salvador;Male;2001;2849965.0
El Salvador;Female;2001;3077036.0
El Salvador;Rural;2001;2394061.0
El Salvador;Urban;2001;3511901.0
El Salvador;Total;2002;5962136.0
El Salvador;Male;2002;2861596.0
El Salvador;Female;2002;3100543.0
El Salvador;Rural;2002;2375312.0
El Salvador;Urban;2002;3564991.0
El Salvador;Total;2003;5994077.0
El Salvador;Male;2003;2871537.0
El Salvador;Female;2003;3122538.0
El Salvador;Rural;2003;2355110.0
El Salvador;Urban;2003;3616425.0
El Salvador;Total;2004;6023797.0
El Salvador;Male;2004;2880364.0
El Salvador;Female;2004;3143437.0
El Salvador;Rural;2004;2333904.0
El Salvador;Urban;2004;3666871.0
El Salvador;Total;2005;6052123.0
El Salvador;Male;2005;2888551.0
El Salvador;Female;2005;3163573.0
El Salvador;Rural;2005;2312232.0
El Salvador;Urban;2005;3716729.0
El Salvador;Total;2006;6079399.0
El Salvador;Male;2006;2896303.0
El Salvador;Female;2006;3183092.0
El Salvador;Rural;2006;2290130.0
El Salvador;Urban;2006;3766348.0
El Salvador;Total;2007;6105810.0
El Salvador;Male;2007;2903746.0
El Salvador;Female;2007;3202064.0
El Salvador;Rural;2007;2264614.0
El Salvador;Urban;2007;3818861.0
El Salvador;Total;2008;6131764.0
El Salvador;Male;2008;2911101.0
El Salvador;Female;2008;3220666.0
El Salvador;Rural;2008;2219385.0
El Salvador;Urban;2008;3890916.0
El Salvador;Total;2009;6157686.0
El Salvador;Male;2009;2918617.0
El Salvador;Female;2009;3239061.0
El Salvador;Rural;2009;2174461.0
El Salvador;Urban;2009;3962815.0
El Salvador;Total;2010;6183875.0
El Salvador;Male;2010;2926479.0
El Salvador;Female;2010;3257398.0
El Salvador;Rural;2010;2129728.0
El Salvador;Urban;2010;4034898.0
El Salvador;Total;2011;6210568.0
El Salvador;Male;2011;2934825.0
El Salvador;Female;2011;3275742.0
El Salvador;Rural;2011;2085360.0000000002
El Salvador;Urban;2011;4107200.0
El Salvador;Total;2012;6237923.0
El Salvador;Male;2012;2943739.0
El Salvador;Female;2012;3294183.0
El Salvador;Rural;2012;2041361.0
El Salvador;Urban;2012;4179885.0
El Salvador;Total;2013;6266070.0
El Salvador;Male;2013;2953270.0
El Salvador;Female;2013;3312806.0
El Salvador;Rural;2013;1997999.0
El Salvador;Urban;2013;4252778.0
El Salvador;Total;2014;6295128.0
El Salvador;Male;2014;2963437.0
El Salvador;Female;2014;3331687.0
El Salvador;Rural;2014;1955077.0
El Salvador;Urban;2014;4326112.0
El Salvador;Total;2015;6325124.0
El Salvador;Male;2015;2974229.0
El Salvador;Female;2015;3350892.0
El Salvador;Rural;2015;1912681.0
El Salvador;Urban;2015;4399797.0
El Salvador;Total;2016;6356143.0
El Salvador;Male;2016;2985690.0
El Salvador;Female;2016;3370447.0
El Salvador;Rural;2016;1871635.0
El Salvador;Urban;2016;4473087.0
El Salvador;Total;2017;6388126.0
El Salvador;Male;2017;2997810.0
El Salvador;Female;2017;3390314.0
El Salvador;Rural;2017;1832049.0
El Salvador;Urban;2017;4545804.0
El Salvador;Total;2018;6420746.0
El Salvador;Male;2018;3010428.0
El Salvador;Female;2018;3410312.0
El Salvador;Rural;2018;1793751.0
El Salvador;Urban;2018;4617807.0
Equatorial Guinea;Total;2000;606181.0
Equatorial Guinea;Male;2000;314423.0
Equatorial Guinea;Female;2000;291757.0
Equatorial Guinea;Rural;2000;312737.0
Equatorial Guinea;Urban;2000;301586.0
Equatorial Guinea;Total;2001;631666.0
Equatorial Guinea;Male;2001;329131.0
Equatorial Guinea;Female;2001;302531.0
Equatorial Guinea;Rural;2001;314556.0
Equatorial Guinea;Urban;2001;325206.0
Equatorial Guinea;Total;2002;658384.0
Equatorial Guinea;Male;2002;344570.0
Equatorial Guinea;Female;2002;313818.0
Equatorial Guinea;Rural;2002;316058.0
Equatorial Guinea;Urban;2002;350349.0
Equatorial Guinea;Total;2003;686664.0
Equatorial Guinea;Male;2003;360967.0
Equatorial Guinea;Female;2003;325703.0
Equatorial Guinea;Rural;2003;317389.0
Equatorial Guinea;Urban;2003;377222.0
Equatorial Guinea;Total;2004;716949.0
Equatorial Guinea;Male;2004;378637.0
Equatorial Guinea;Female;2004;338312.0
Equatorial Guinea;Rural;2004;318680.0
Equatorial Guinea;Urban;2004;406137.0
Equatorial Guinea;Total;2005;749535.0
Equatorial Guinea;Male;2005;397797.0
Equatorial Guinea;Female;2005;351730.0
Equatorial Guinea;Rural;2005;320042.0
Equatorial Guinea;Urban;2005;437275.0
Equatorial Guinea;Total;2006;784496.0
Equatorial Guinea;Male;2006;418512.0
Equatorial Guinea;Female;2006;365982.0
Equatorial Guinea;Rural;2006;321395.0
Equatorial Guinea;Urban;2006;470822.0
Equatorial Guinea;Total;2007;821687.0
Equatorial Guinea;Male;2007;440659.0
Equatorial Guinea;Female;2007;381027.0
Equatorial Guinea;Rural;2007;322609.0
Equatorial Guinea;Urban;2007;506718.0
Equatorial Guinea;Total;2008;860840.0
Equatorial Guinea;Male;2008;464034.0
Equatorial Guinea;Female;2008;396805.0
Equatorial Guinea;Rural;2008;323525.0
Equatorial Guinea;Urban;2008;544893.0
Equatorial Guinea;Total;2009;901599.0
Equatorial Guinea;Male;2009;488358.0
Equatorial Guinea;Female;2009;413231.0
Equatorial Guinea;Rural;2009;324029.0
Equatorial Guinea;Urban;2009;585082.0
Equatorial Guinea;Total;2010;943639.0
Equatorial Guinea;Male;2010;513400.99999999994
Equatorial Guinea;Female;2010;430239.0
Equatorial Guinea;Rural;2010;323947.0
Equatorial Guinea;Urban;2010;627157.0
Equatorial Guinea;Total;2011;986853.0
Equatorial Guinea;Male;2011;539066.0
Equatorial Guinea;Female;2011;447795.0
Equatorial Guinea;Rural;2011;323268.0
Equatorial Guinea;Urban;2011;671022.0
Equatorial Guinea;Total;2012;1031191.0
Equatorial Guinea;Male;2012;565317.0
Equatorial Guinea;Female;2012;465874.0
Equatorial Guinea;Rural;2012;321964.0
Equatorial Guinea;Urban;2012;716629.0
Equatorial Guinea;Total;2013;1076413.0
Equatorial Guinea;Male;2013;591998.0
Equatorial Guinea;Female;2013;484414.0
Equatorial Guinea;Rural;2013;330070.0
Equatorial Guinea;Urban;2013;753676.0
Equatorial Guinea;Total;2014;1122277.0
Equatorial Guinea;Male;2014;618927.0
Equatorial Guinea;Female;2014;503346.0
Equatorial Guinea;Rural;2014;337895.0
Equatorial Guinea;Urban;2014;791529.0
Equatorial Guinea;Total;2015;1168568.0
Equatorial Guinea;Male;2015;645986.0
Equatorial Guinea;Female;2015;522589.00000000006
Equatorial Guinea;Rural;2015;345376.0
Equatorial Guinea;Urban;2015;830013.0
Equatorial Guinea;Total;2016;1215180.0
Equatorial Guinea;Male;2016;673070.0
Equatorial Guinea;Female;2016;542111.0
Equatorial Guinea;Rural;2016;352550.0
Equatorial Guinea;Urban;2016;868940.0
Equatorial Guinea;Total;2017;1262002.0
Equatorial Guinea;Male;2017;700114.0
Equatorial Guinea;Female;2017;561894.0
Equatorial Guinea;Rural;2017;359435.0
Equatorial Guinea;Urban;2017;908254.0
Equatorial Guinea;Total;2018;1308975.0
Equatorial Guinea;Male;2018;727054.0
Equatorial Guinea;Female;2018;581912.0
Equatorial Guinea;Rural;2018;366013.0
Equatorial Guinea;Urban;2018;947881.0
Eritrea;Total;2000;2292416.0
Eritrea;Male;2000;1141068.0
Eritrea;Female;2000;1151345.0
Eritrea;Rural;2000;2490747.0
Eritrea;Urban;2000;902054.0
Eritrea;Total;2001;2374722.0
Eritrea;Male;2001;1182579.0
Eritrea;Female;2001;1192142.0
Eritrea;Rural;2001;2537002.0
Eritrea;Urban;2001;960122.0
Eritrea;Total;2002;2481058.0
Eritrea;Male;2002;1236180.0
Eritrea;Female;2002;1244879.0
Eritrea;Rural;2002;2590231.0
Eritrea;Urban;2002;1024407.9999999999
Eritrea;Total;2003;2600973.0
Eritrea;Male;2003;1296606.0
Eritrea;Female;2003;1304366.0
Eritrea;Rural;2003;2645064.0
Eritrea;Urban;2003;1093201.0
Eritrea;Total;2004;2719803.0
Eritrea;Male;2004;1356484.0
Eritrea;Female;2004;1363325.0
Eritrea;Rural;2004;2694690.0
Eritrea;Urban;2004;1163933.0
Eritrea;Total;2005;2826659.0
Eritrea;Male;2005;1410329.0
Eritrea;Female;2005;1416324.0
Eritrea;Rural;2005;2734684.0
Eritrea;Urban;2005;1234323.0
Eritrea;Total;2006;2918205.0
Eritrea;Male;2006;1456460.0
Eritrea;Female;2006;1461749.0
Eritrea;Rural;2006;2763263.0
Eritrea;Urban;2006;1303385.0
Eritrea;Total;2007;2996536.0
Eritrea;Male;2007;1495914.0
Eritrea;Female;2007;1500626.0
Eritrea;Rural;2007;2782012.0
Eritrea;Urban;2007;1371320.0
Eritrea;Total;2008;3062779.0
Eritrea;Male;2008;1529322.0
Eritrea;Female;2008;1533460.0
Eritrea;Rural;2008;2793540.0
Eritrea;Urban;2008;1439096.0
Eritrea;Total;2009;3119920.0
Eritrea;Male;2009;1558278.0
Eritrea;Female;2009;1561642.0
Eritrea;Rural;2009;2819613.0
Eritrea;Urban;2009;1490721.0
Eritrea;Total;2010;3170435.0
Eritrea;Male;2010;1584072.0
Eritrea;Female;2010;1586365.0
Eritrea;Rural;2010;2846355.0
Eritrea;Urban;2010;1544485.0
Eritrea;Total;2011;3213972.0
Eritrea;Male;2011;1606564.0
Eritrea;Female;2011;1607405.0
Eritrea;Rural;2011;2874045.0
Eritrea;Urban;2011;1600645.0
Eritrea;Total;2012;3250100.0
Eritrea;Male;2012;1625505.0
Eritrea;Female;2012;1624599.0
Eritrea;Rural;2012;2902040.0
Eritrea;Urban;2012;1658937.0
Eritrea;Total;2013;3281449.0
Eritrea;Male;2013;1642103.0
Eritrea;Female;2013;1639350.0
Eritrea;Rural;2013;2931111.0
Eritrea;Urban;2013;1719887.0
Eritrea;Total;2014;3311449.0
Eritrea;Male;2014;1657953.0
Eritrea;Female;2014;1653491.0
Eritrea;Rural;2014;2961994.0
Eritrea;Urban;2014;1784051.0
Eritrea;Total;2015;3342818.0
Eritrea;Male;2015;1674330.0
Eritrea;Female;2015;1668488.0
Eritrea;Rural;2015;2995125.0
Eritrea;Urban;2015;1851851.0
Eritrea;Total;2016;3376557.0
Eritrea;Male;2016;1691699.0
Eritrea;Female;2016;1684859.0
Eritrea;Rural;2016;3030917.0
Eritrea;Urban;2016;1923728.0
Eritrea;Total;2017;3412893.0
Eritrea;Male;2017;1710203.0
Eritrea;Female;2017;1702691.0
Eritrea;Rural;2017;3069110.0
Eritrea;Urban;2017;1999721.0
Eritrea;Total;2018;3452786.0
Eritrea;Male;2018;1730376.0
Eritrea;Female;2018;1722421.0
Eritrea;Rural;2018;3108634.0
Eritrea;Urban;2018;2079313.9999999998
Estonia;Total;2000;1399112.0
Estonia;Male;2000;652559.0
Estonia;Female;2000;746552.0
Estonia;Rural;2000;428571.0
Estonia;Urban;2000;970541.0
Estonia;Total;2001;1391730.0
Estonia;Male;2001;649228.0
Estonia;Female;2001;742511.0
Estonia;Rural;2001;428064.0
Estonia;Urban;2001;963665.0
Estonia;Total;2002;1382732.0
Estonia;Male;2002;644577.0
Estonia;Female;2002;738160.0
Estonia;Rural;2002;427045.0
Estonia;Urban;2002;955687.0
Estonia;Total;2003;1372909.0
Estonia;Male;2003;639222.0
Estonia;Female;2003;733682.0
Estonia;Rural;2003;425752.0
Estonia;Urban;2003;947157.0
Estonia;Total;2004;1363565.0
Estonia;Male;2004;634124.0
Estonia;Female;2004;729446.0
Estonia;Rural;2004;424589.0
Estonia;Urban;2004;938976.0
Estonia;Total;2005;1355648.0
Estonia;Male;2005;629986.0
Estonia;Female;2005;725664.0
Estonia;Rural;2005;423848.0
Estonia;Urban;2005;931800.0
Estonia;Total;2006;1349363.0
Estonia;Male;2006;626964.0
Estonia;Female;2006;722409.0
Estonia;Rural;2006;423584.0
Estonia;Urban;2006;925713.0
Estonia;Total;2007;1344296.0
Estonia;Male;2007;624789.0
Estonia;Female;2007;719506.0
Estonia;Rural;2007;423663.0
Estonia;Urban;2007;920409.0
Estonia;Total;2008;1340073.0
Estonia;Male;2008;623208.0
Estonia;Female;2008;716859.0
Estonia;Rural;2008;424008.0
Estonia;Urban;2008;915704.0
Estonia;Total;2009;1336135.0
Estonia;Male;2009;621824.0
Estonia;Female;2009;714316.0
Estonia;Rural;2009;424493.0
Estonia;Urban;2009;911337.0
Estonia;Total;2010;1332101.0
Estonia;Male;2010;620356.0
Estonia;Female;2010;711747.0
Estonia;Rural;2010;425023.0
Estonia;Urban;2010;907079.0
Estonia;Total;2011;1327709.0
Estonia;Male;2011;618644.0
Estonia;Female;2011;709057.0
Estonia;Rural;2011;425571.0
Estonia;Urban;2011;902878.0
Estonia;Total;2012;1323159.0
Estonia;Male;2012;616842.0
Estonia;Female;2012;706321.0
Estonia;Rural;2012;424323.0
Estonia;Urban;2012;900611.0
Estonia;Total;2013;1319062.0
Estonia;Male;2013;615340.0
Estonia;Female;2013;703728.0
Estonia;Rural;2013;421292.0
Estonia;Urban;2013;900268.0
Estonia;Total;2014;1316277.0
Estonia;Male;2014;614678.0
Estonia;Female;2014;701595.0
Estonia;Rural;2014;418329.0
Estonia;Urban;2014;900030.0
Estonia;Total;2015;1315325.0
Estonia;Male;2015;615225.0
Estonia;Female;2015;700105.0
Estonia;Rural;2015;415431.0
Estonia;Urban;2015;899890.0
Estonia;Total;2016;1316510.0
Estonia;Male;2016;617146.0
Estonia;Female;2016;699361.0
Estonia;Rural;2016;412594.0
Estonia;Urban;2016;899848.0
Estonia;Total;2017;1319390.0
Estonia;Male;2017;620172.0
Estonia;Female;2017;699217.0
Estonia;Rural;2017;409687.0
Estonia;Urban;2017;899945.0
Estonia;Total;2018;1322920.0
Estonia;Male;2018;623642.0
Estonia;Female;2018;699271.0
Estonia;Rural;2018;406671.0
Estonia;Urban;2018;900117.0
Eswatini;Total;2000;1005435.0
Eswatini;Male;2000;483483.0
Eswatini;Female;2000;521948.99999999994
Eswatini;Rural;2000;820663.0
Eswatini;Urban;2000;240805.0
Eswatini;Total;2001;1013609.0
Eswatini;Male;2001;486799.0
Eswatini;Female;2001;526809.0
Eswatini;Rural;2001;830923.0
Eswatini;Urban;2001;242004.0
Eswatini;Total;2002;1019059.0
Eswatini;Male;2002;488284.0
Eswatini;Female;2002;530770.0
Eswatini;Rural;2002;838528.0
Eswatini;Urban;2002;242402.0
Eswatini;Total;2003;1022802.0
Eswatini;Male;2003;488594.0
Eswatini;Female;2003;534202.0
Eswatini;Rural;2003;844950.0
Eswatini;Urban;2003;242442.0
Eswatini;Total;2004;1026286.0
Eswatini;Male;2004;488676.0
Eswatini;Female;2004;537611.0
Eswatini;Rural;2004;852319.0
Eswatini;Urban;2004;242734.0
Eswatini;Total;2005;1030579.0
Eswatini;Male;2005;489231.0
Eswatini;Female;2005;541344.0
Eswatini;Rural;2005;862160.0
Eswatini;Urban;2005;243713.0
Eswatini;Total;2006;1036092.0000000001
Eswatini;Male;2006;490496.0
Eswatini;Female;2006;545599.0
Eswatini;Rural;2006;875009.0
Eswatini;Urban;2006;245505.0
Eswatini;Total;2007;1042652.0
Eswatini;Male;2007;492380.0
Eswatini;Female;2007;550271.0
Eswatini;Rural;2007;889921.0
Eswatini;Urban;2007;248513.0
Eswatini;Total;2008;1049945.0
Eswatini;Male;2008;494964.0
Eswatini;Female;2008;554984.0
Eswatini;Rural;2008;903417.0
Eswatini;Urban;2008;255480.0
Eswatini;Total;2009;1057467.0
Eswatini;Male;2009;498233.0
Eswatini;Female;2009;559229.0
Eswatini;Rural;2009;917837.0
Eswatini;Urban;2009;262838.0
Eswatini;Total;2010;1064837.0
Eswatini;Male;2010;502186.0
Eswatini;Female;2010;562655.0
Eswatini;Rural;2010;932443.0
Eswatini;Urban;2010;270400.0
Eswatini;Total;2011;1072033.0
Eswatini;Male;2011;506888.0
Eswatini;Female;2011;565141.0
Eswatini;Rural;2011;947124.0
Eswatini;Urban;2011;278134.0
Eswatini;Total;2012;1079288.0
Eswatini;Male;2012;512379.0
Eswatini;Female;2012;566906.0
Eswatini;Rural;2012;962964.0
Eswatini;Urban;2012;285194.0
Eswatini;Total;2013;1086843.0
Eswatini;Male;2013;518539.0
Eswatini;Female;2013;568304.0
Eswatini;Rural;2013;979039.0
Eswatini;Urban;2013;292417.0
Eswatini;Total;2014;1095019.0
Eswatini;Male;2014;525208.0
Eswatini;Female;2014;569814.0
Eswatini;Rural;2014;995295.0
Eswatini;Urban;2014;299802.0
Eswatini;Total;2015;1104044.0
Eswatini;Male;2015;532230.0
Eswatini;Female;2015;571808.0
Eswatini;Rural;2015;1011681.0
Eswatini;Urban;2015;307330.0
Eswatini;Total;2016;1113997.0
Eswatini;Male;2016;539597.0
Eswatini;Female;2016;574397.0
Eswatini;Rural;2016;1028022.9999999999
Eswatini;Urban;2016;315075.0
Eswatini;Total;2017;1124805.0
Eswatini;Male;2017;547278.0
Eswatini;Female;2017;577530.0
Eswatini;Rural;2017;1044238.0
Eswatini;Urban;2017;323016.0
Eswatini;Total;2018;1136281.0
Eswatini;Male;2018;555082.0
Eswatini;Female;2018;581192.0
Eswatini;Rural;2018;1060246.0
Eswatini;Urban;2018;331139.0
Ethiopia;Total;2000;66224804.0
Ethiopia;Male;2000;33019427.000000004
Ethiopia;Female;2000;33205381.999999996
Ethiopia;Rural;2000;56730042.0
Ethiopia;Urban;2000;9807289.0
Ethiopia;Total;2001;68159423.0
Ethiopia;Male;2001;33985254.0
Ethiopia;Female;2001;34174168.0
Ethiopia;Rural;2001;58268076.0
Ethiopia;Urban;2001;10224181.0
Ethiopia;Total;2002;70142091.0
Ethiopia;Male;2002;34975362.0
Ethiopia;Female;2002;35166728.0
Ethiopia;Rural;2002;59839634.0
Ethiopia;Urban;2002;10657558.0
Ethiopia;Total;2003;72170584.0
Ethiopia;Male;2003;35988523.0
Ethiopia;Female;2003;36182058.0
Ethiopia;Rural;2003;61438556.0
Ethiopia;Urban;2003;11106588.0
Ethiopia;Total;2004;74239505.0
Ethiopia;Male;2004;37021854.0
Ethiopia;Female;2004;37217654.0
Ethiopia;Rural;2004;63054369.0
Ethiopia;Urban;2004;11570036.0
Ethiopia;Total;2005;76346311.0
Ethiopia;Male;2005;38074078.0
Ethiopia;Female;2005;38272232.0
Ethiopia;Rural;2005;64680710.0
Ethiopia;Urban;2005;12046373.0
Ethiopia;Total;2006;78489206.0
Ethiopia;Male;2006;39143932.0
Ethiopia;Female;2006;39345273.0
Ethiopia;Rural;2006;66314611.99999999
Ethiopia;Urban;2006;12536077.0
Ethiopia;Total;2007;80674348.0
Ethiopia;Male;2007;40234804.0
Ethiopia;Female;2007;40439539.0
Ethiopia;Rural;2007;67946189.0
Ethiopia;Urban;2007;13054220.0
Ethiopia;Total;2008;82916235.0
Ethiopia;Male;2008;41355377.0
Ethiopia;Female;2008;41560859.0
Ethiopia;Rural;2008;69451069.0
Ethiopia;Urban;2008;13733823.0
Ethiopia;Total;2009;85233913.0
Ethiopia;Male;2009;42517094.0
Ethiopia;Female;2009;42716829.0
Ethiopia;Rural;2009;70972092.0
Ethiopia;Urban;2009;14444161.0
Ethiopia;Total;2010;87639964.0
Ethiopia;Male;2010;43727479.0
Ethiopia;Female;2010;43912483.0
Ethiopia;Rural;2010;72513530.0
Ethiopia;Urban;2010;15189140.0
Ethiopia;Total;2011;90139929.0
Ethiopia;Male;2011;44989927.0
Ethiopia;Female;2011;45150001.0
Ethiopia;Rural;2011;74076738.0
Ethiopia;Urban;2011;15970018.0
Ethiopia;Total;2012;92726985.0
Ethiopia;Male;2012;46300213.0
Ethiopia;Female;2012;46426769.0
Ethiopia;Rural;2012;75656319.0
Ethiopia;Urban;2012;16787864.0
Ethiopia;Total;2013;95385798.0
Ethiopia;Male;2013;47648725.0
Ethiopia;Female;2013;47737068.0
Ethiopia;Rural;2013;77262426.0
Ethiopia;Urban;2013;17625298.0
Ethiopia;Total;2014;98094265.0
Ethiopia;Male;2014;49021687.0
Ethiopia;Female;2014;49072577.0
Ethiopia;Rural;2014;78869363.0
Ethiopia;Urban;2014;18497411.0
Ethiopia;Total;2015;100835458.0
Ethiopia;Male;2015;50408589.0
Ethiopia;Female;2015;50426864.0
Ethiopia;Rural;2015;80469946.0
Ethiopia;Urban;2015;19403087.0
Ethiopia;Total;2016;103603462.0
Ethiopia;Male;2016;51805857.0
Ethiopia;Female;2016;51797604.0
Ethiopia;Rural;2016;82059981.0
Ethiopia;Urban;2016;20343215.0
Ethiopia;Total;2017;106399924.0
Ethiopia;Male;2017;53214725.0
Ethiopia;Female;2017;53185201.0
Ethiopia;Rural;2017;83640582.0
Ethiopia;Urban;2017;21316856.0
Ethiopia;Total;2018;109224414.0
Ethiopia;Male;2018;54635264.0
Ethiopia;Female;2018;54589146.0
Ethiopia;Rural;2018;85207113.0
Ethiopia;Urban;2018;22327769.0
Falkland Islands (Malvinas);Total;2000;2892.0
Falkland Islands (Malvinas);Rural;2000;934.0
Falkland Islands (Malvinas);Urban;2000;1948.0
Falkland Islands (Malvinas);Total;2001;2931.0
Falkland Islands (Malvinas);Rural;2001;923.0
Falkland Islands (Malvinas);Urban;2001;2001.0
Falkland Islands (Malvinas);Total;2002;2947.0
Falkland Islands (Malvinas);Rural;2002;913.0
Falkland Islands (Malvinas);Urban;2002;2033.9999999999998
Falkland Islands (Malvinas);Total;2003;2957.0
Falkland Islands (Malvinas);Rural;2003;896.0
Falkland Islands (Malvinas);Urban;2003;2055.0
Falkland Islands (Malvinas);Total;2004;2949.0
Falkland Islands (Malvinas);Rural;2004;879.0
Falkland Islands (Malvinas);Urban;2004;2075.0
Falkland Islands (Malvinas);Total;2005;2935.0
Falkland Islands (Malvinas);Rural;2005;857.0
Falkland Islands (Malvinas);Urban;2005;2082.0
Falkland Islands (Malvinas);Total;2006;2934.0
Falkland Islands (Malvinas);Rural;2006;835.0
Falkland Islands (Malvinas);Urban;2006;2086.0
Falkland Islands (Malvinas);Total;2007;2937.0
Falkland Islands (Malvinas);Rural;2007;814.0
Falkland Islands (Malvinas);Urban;2007;2093.0
Falkland Islands (Malvinas);Total;2008;2932.0
Falkland Islands (Malvinas);Rural;2008;792.0
Falkland Islands (Malvinas);Urban;2008;2093.0
Falkland Islands (Malvinas);Total;2009;2917.0
Falkland Islands (Malvinas);Rural;2009;771.0
Falkland Islands (Malvinas);Urban;2009;2096.0
Falkland Islands (Malvinas);Total;2010;2901.0
Falkland Islands (Malvinas);Rural;2010;751.0
Falkland Islands (Malvinas);Urban;2010;2101.0
Falkland Islands (Malvinas);Total;2011;2873.0
Falkland Islands (Malvinas);Rural;2011;737.0
Falkland Islands (Malvinas);Urban;2011;2119.0
Falkland Islands (Malvinas);Total;2012;2823.0
Falkland Islands (Malvinas);Rural;2012;722.0
Falkland Islands (Malvinas);Urban;2012;2136.0
Falkland Islands (Malvinas);Total;2013;2794.0
Falkland Islands (Malvinas);Rural;2013;710.0
Falkland Islands (Malvinas);Urban;2013;2160.0
Falkland Islands (Malvinas);Total;2014;2792.0
Falkland Islands (Malvinas);Rural;2014;699.0
Falkland Islands (Malvinas);Urban;2014;2188.0
Falkland Islands (Malvinas);Total;2015;2834.0
Falkland Islands (Malvinas);Rural;2015;688.0
Falkland Islands (Malvinas);Urban;2015;2210.0
Falkland Islands (Malvinas);Total;2016;2928.0
Falkland Islands (Malvinas);Rural;2016;677.0
Falkland Islands (Malvinas);Urban;2016;2233.0
Falkland Islands (Malvinas);Total;2017;3068.0
Falkland Islands (Malvinas);Rural;2017;663.0
Falkland Islands (Malvinas);Urban;2017;2247.0
Falkland Islands (Malvinas);Total;2018;3234.0
Falkland Islands (Malvinas);Rural;2018;653.0
Falkland Islands (Malvinas);Urban;2018;2269.0
Faroe Islands;Total;2000;46735.0
Faroe Islands;Rural;2000;30086.0
Faroe Islands;Urban;2000;17172.0
Faroe Islands;Total;2001;46997.0
Faroe Islands;Rural;2001;29858.0
Faroe Islands;Urban;2001;17668.0
Faroe Islands;Total;2002;47233.0
Faroe Islands;Rural;2002;29606.0
Faroe Islands;Urban;2002;18163.0
Faroe Islands;Total;2003;47432.0
Faroe Islands;Rural;2003;29401.0
Faroe Islands;Urban;2003;18573.0
Faroe Islands;Total;2004;47600.0
Faroe Islands;Rural;2004;29248.0
Faroe Islands;Urban;2004;18895.0
Faroe Islands;Total;2005;47722.0
Faroe Islands;Rural;2005;29077.0
Faroe Islands;Urban;2005;19208.0
Faroe Islands;Total;2006;47792.0
Faroe Islands;Rural;2006;28959.0
Faroe Islands;Urban;2006;19424.0
Faroe Islands;Total;2007;47825.0
Faroe Islands;Rural;2007;28904.0
Faroe Islands;Urban;2007;19544.0
Faroe Islands;Total;2008;47820.0
Faroe Islands;Rural;2008;28831.0
Faroe Islands;Urban;2008;19654.0
Faroe Islands;Total;2009;47808.0
Faroe Islands;Rural;2009;28756.0
Faroe Islands;Urban;2009;19761.0
Faroe Islands;Total;2010;47814.0
Faroe Islands;Rural;2010;28680.0
Faroe Islands;Urban;2010;19870.0
Faroe Islands;Total;2011;47823.0
Faroe Islands;Rural;2011;28636.0
Faroe Islands;Urban;2011;19972.0
Faroe Islands;Total;2012;47843.0
Faroe Islands;Rural;2012;28603.0
Faroe Islands;Urban;2012;20063.0
Faroe Islands;Total;2013;47892.0
Faroe Islands;Rural;2013;28584.0
Faroe Islands;Urban;2013;20163.0
Faroe Islands;Total;2014;47960.0
Faroe Islands;Rural;2014;28572.0
Faroe Islands;Urban;2014;20270.0
Faroe Islands;Total;2015;48051.0
Faroe Islands;Rural;2015;28577.0
Faroe Islands;Urban;2015;20388.0
Faroe Islands;Total;2016;48173.0
Faroe Islands;Rural;2016;28598.0
Faroe Islands;Urban;2016;20519.0
Faroe Islands;Total;2017;48331.0
Faroe Islands;Rural;2017;28630.0
Faroe Islands;Urban;2017;20660.0
Faroe Islands;Total;2018;48497.0
Faroe Islands;Rural;2018;28672.0
Faroe Islands;Urban;2018;20817.0
Fiji;Total;2000;811006.0
Fiji;Male;2000;411976.0
Fiji;Female;2000;399035.0
Fiji;Rural;2000;422583.0
Fiji;Urban;2000;388640.0
Fiji;Total;2001;813925.0
Fiji;Male;2001;413675.0
Fiji;Female;2001;400248.0
Fiji;Rural;2001;420952.0
Fiji;Urban;2001;393266.0
Fiji;Total;2002;815257.0
Fiji;Male;2002;414677.0
Fiji;Female;2002;400580.0
Fiji;Rural;2002;418511.0
Fiji;Urban;2002;397180.0
Fiji;Total;2003;816076.0
Fiji;Male;2003;415480.0
Fiji;Female;2003;400598.0
Fiji;Rural;2003;415784.0
Fiji;Urban;2003;400844.0
Fiji;Total;2004;817860.0
Fiji;Male;2004;416770.0
Fiji;Female;2004;401094.0
Fiji;Rural;2004;413443.0
Fiji;Urban;2004;404911.0
Fiji;Total;2005;821604.0
Fiji;Male;2005;419008.0
Fiji;Female;2005;402598.0
Fiji;Rural;2005;411967.0
Fiji;Urban;2005;409850.0
Fiji;Total;2006;827870.0
Fiji;Male;2006;422455.0
Fiji;Female;2006;405414.0
Fiji;Rural;2006;411520.0
Fiji;Urban;2006;415891.0
Fiji;Total;2007;836190.0
Fiji;Male;2007;426903.0
Fiji;Female;2007;409282.0
Fiji;Rural;2007;411920.0
Fiji;Urban;2007;422892.0
Fiji;Total;2008;845361.0
Fiji;Male;2008;431690.0
Fiji;Female;2008;413666.0
Fiji;Rural;2008;412007.0
Fiji;Urban;2008;431333.0
Fiji;Total;2009;853637.0
Fiji;Male;2009;435917.0
Fiji;Female;2009;417719.0
Fiji;Rural;2009;411856.0
Fiji;Urban;2009;440111.0
Fiji;Total;2010;859818.0
Fiji;Male;2010;438943.0
Fiji;Female;2010;420873.0
Fiji;Rural;2010;411306.0
Fiji;Urban;2010;448644.0
Fiji;Total;2011;863449.0
Fiji;Male;2011;440532.0
Fiji;Female;2011;422919.0
Fiji;Rural;2011;410276.0
Fiji;Urban;2011;456810.0
Fiji;Total;2012;865069.0
Fiji;Male;2012;440958.0
Fiji;Female;2012;424107.0
Fiji;Rural;2012;408880.0
Fiji;Urban;2012;464716.0
Fiji;Total;2013;865608.0
Fiji;Male;2013;440759.0
Fiji;Female;2013;424843.0
Fiji;Rural;2013;407254.0
Fiji;Urban;2013;472461.0
Fiji;Total;2014;866453.0
Fiji;Male;2014;440707.0
Fiji;Female;2014;425740.0
Fiji;Rural;2014;405553.0
Fiji;Urban;2014;480253.0
Fiji;Total;2015;868627.0
Fiji;Male;2015;441372.0
Fiji;Female;2015;427260.0
Fiji;Rural;2015;403912.0
Fiji;Urban;2015;488237.0
Fiji;Total;2016;872399.0
Fiji;Male;2016;442913.0
Fiji;Female;2016;429493.0
Fiji;Rural;2016;402329.0
Fiji;Urban;2016;496431.0
Fiji;Total;2017;877459.0
Fiji;Male;2017;445150.0
Fiji;Female;2017;432310.0
Fiji;Rural;2017;400760.0
Fiji;Urban;2017;504742.0
Fiji;Total;2018;883483.0
Fiji;Male;2018;447925.0
Fiji;Female;2018;435565.0
Fiji;Rural;2018;399125.0
Fiji;Urban;2018;513116.0
Finland;Total;2000;5187954.0
Finland;Male;2000;2532578.0
Finland;Female;2000;2655375.0
Finland;Rural;2000;924351.0
Finland;Urban;2000;4263603.0
Finland;Total;2001;5200477.0
Finland;Male;2001;2539987.0
Finland;Female;2001;2660488.0
Finland;Rural;2001;916956.0
Finland;Urban;2001;4283523.0
Finland;Total;2002;5213366.0
Finland;Male;2002;2547616.0
Finland;Female;2002;2665752.0
Finland;Rural;2002;912167.0
Finland;Urban;2002;4301206.0
Finland;Total;2003;5227093.0
Finland;Male;2003;2555695.0
Finland;Female;2003;2671411.0
Finland;Rural;2003;907532.0
Finland;Urban;2003;4319571.0
Finland;Total;2004;5242170.0
Finland;Male;2004;2564439.0
Finland;Female;2004;2677736.0
Finland;Rural;2004;903126.0
Finland;Urban;2004;4339059.0
Finland;Total;2005;5258927.0
Finland;Male;2005;2574006.0
Finland;Female;2005;2684927.0
Finland;Rural;2005;899025.0
Finland;Urban;2005;4359902.0
Finland;Total;2006;5277491.0
Finland;Male;2006;2584452.0
Finland;Female;2006;2693038.0
Finland;Rural;2006;895236.0
Finland;Urban;2006;4382334.0
Finland;Total;2007;5297739.0
Finland;Male;2007;2595722.0
Finland;Female;2007;2702019.0
Finland;Rural;2007;891744.0
Finland;Urban;2007;4406270.0
Finland;Total;2008;5319449.0
Finland;Male;2008;2607730.0
Finland;Female;2008;2711722.0
Finland;Rural;2008;888472.0
Finland;Urban;2008;4431430.0
Finland;Total;2009;5342262.0
Finland;Male;2009;2620321.0
Finland;Female;2009;2721945.0
Finland;Rural;2009;885348.0
Finland;Urban;2009;4457298.0
Finland;Total;2010;5365782.0
Finland;Male;2010;2633331.0
Finland;Female;2010;2732453.0
Finland;Rural;2010;870880.0
Finland;Urban;2010;4494902.0
Finland;Total;2011;5390038.0
Finland;Male;2011;2646767.0
Finland;Female;2011;2743269.0
Finland;Rural;2011;845427.0
Finland;Urban;2011;4543815.0
Finland;Total;2012;5414770.0
Finland;Male;2012;2660498.0
Finland;Female;2012;2754271.0
Finland;Rural;2012;820527.0
Finland;Urban;2012;4592453.0
Finland;Total;2013;5438982.0
Finland;Male;2013;2673979.0
Finland;Female;2013;2765005.0
Finland;Rural;2013;808694.0
Finland;Urban;2013;4627922.0
Finland;Total;2014;5461411.0
Finland;Male;2014;2686518.0
Finland;Female;2014;2774892.0
Finland;Rural;2014;809393.0
Finland;Urban;2014;4650324.0
Finland;Total;2015;5481122.0
Finland;Male;2015;2697615.0
Finland;Female;2015;2783513.0
Finland;Rural;2015;809950.0
Finland;Urban;2015;4672016.0
Finland;Total;2016;5497713.0
Finland;Male;2016;2707044.0
Finland;Female;2016;2790670.0
Finland;Rural;2016;810329.0
Finland;Urban;2016;4692803.0
Finland;Total;2017;5511371.0
Finland;Male;2017;2714913.0
Finland;Female;2017;2796459.0
Finland;Rural;2017;810547.0
Finland;Urban;2017;4712684.0
Finland;Total;2018;5522576.0
Finland;Male;2018;2721488.0
Finland;Female;2018;2801097.0
Finland;Rural;2018;810217.0
Finland;Urban;2018;4732300.0
France;Total;2000;59015096.0
France;Male;2000;28625445.0
France;Female;2000;30389647.0
France;Rural;2000;14382604.0
France;Urban;2000;45225597.0
France;Total;2001;59384132.0
France;Male;2001;28791627.0
France;Female;2001;30592499.0
France;Rural;2001;14302809.0
France;Urban;2001;45608443.0
France;Total;2002;59803441.0
France;Male;2002;28981336.0
France;Female;2002;30822098.0
France;Rural;2002;14224922.0
France;Urban;2002;46000154.0
France;Total;2003;60251588.0
France;Male;2003;29185689.0
France;Female;2003;31065902.0
France;Rural;2003;14149190.0
France;Urban;2003;46400907.0
France;Total;2004;60697981.0
France;Male;2004;29391805.0
France;Female;2004;31306172.0
France;Rural;2004;14075407.0
France;Urban;2004;46811200.0
France;Total;2005;61120127.0
France;Male;2005;29590144.0
France;Female;2005;31529984.0
France;Rural;2005;14003975.0
France;Urban;2005;47229925.0
France;Total;2006;61508926.0
France;Male;2006;29776778.0
France;Female;2006;31732146.0
France;Rural;2006;13934413.0
France;Urban;2006;47658471.0
France;Total;2007;61869227.0
France;Male;2007;29953450.0
France;Female;2007;31915779.0
France;Rural;2007;13866281.0
France;Urban;2007;48094669.0
France;Total;2008;62209207.0
France;Male;2008;30122923.0
France;Female;2008;32086284.0
France;Rural;2008;13794705.0
France;Urban;2008;48534862.0
France;Total;2009;62542900.0
France;Male;2009;30290247.0
France;Female;2009;32252636.0
France;Rural;2009;13717697.0
France;Urban;2009;48969824.0
France;Total;2010;62879530.0
France;Male;2010;30458539.0
France;Female;2010;32420996.0
France;Rural;2010;13633442.0
France;Urban;2010;49393298.0
France;Total;2011;63222227.0
France;Male;2011;30629188.0
France;Female;2011;32593041.0
France;Rural;2011;13541366.0
France;Urban;2011;49802211.0
France;Total;2012;63564221.0
France;Male;2012;30799056.0
France;Female;2012;32765168.0
France;Rural;2012;13442096.0
France;Urban;2012;50197777.0
France;Total;2013;63893525.0
France;Male;2013;30961448.0
France;Female;2013;32932072.999999996
France;Rural;2013;13336757.0
France;Urban;2013;50583160.0
France;Total;2014;64193550.0
France;Male;2014;31107343.0
France;Female;2014;33086207.000000004
France;Rural;2014;13226977.0
France;Urban;2014;50963661.0
France;Total;2015;64453200.0
France;Male;2015;31230758.0
France;Female;2015;33222436.0
France;Rural;2015;13113960.0
France;Urban;2015;51343241.0
France;Total;2016;64667596.0
France;Male;2016;31328637.0
France;Female;2016;33338953.0
France;Rural;2016;12998038.0
France;Urban;2016;51722652.0
France;Total;2017;64842509.0
France;Male;2017;31404236.0
France;Female;2017;33438277.0
France;Rural;2017;12879012.0
France;Urban;2017;52100536.0
France;Total;2018;64990511.0
France;Male;2018;31465650.0
France;Female;2018;33524862.0
France;Rural;2018;12756906.0
France;Urban;2018;52476365.0
French Guyana;Total;2000;163165.0
French Guyana;Male;2000;84222.0
French Guyana;Female;2000;78941.0
French Guyana;Rural;2000;34084.0
French Guyana;Urban;2000;129080.99999999999
French Guyana;Total;2001;170454.0
French Guyana;Male;2001;87281.0
French Guyana;Female;2001;83162.0
French Guyana;Rural;2001;34932.0
French Guyana;Urban;2001;135664.0
French Guyana;Total;2002;178543.0
French Guyana;Male;2002;90503.0
French Guyana;Female;2002;88045.0
French Guyana;Rural;2002;35905.0
French Guyana;Urban;2002;142999.0
French Guyana;Total;2003;187024.0
French Guyana;Male;2003;93830.0
French Guyana;Female;2003;93196.0
French Guyana;Rural;2003;36901.0
French Guyana;Urban;2003;150718.0
French Guyana;Total;2004;195314.0
French Guyana;Male;2004;97191.0
French Guyana;Female;2004;98114.0
French Guyana;Rural;2004;37789.0
French Guyana;Urban;2004;158290.0
French Guyana;Total;2005;202971.0
French Guyana;Male;2005;100557.0
French Guyana;Female;2005;102416.0
French Guyana;Rural;2005;38490.0
French Guyana;Urban;2005;165336.0
French Guyana;Total;2006;209890.0
French Guyana;Male;2006;103910.0
French Guyana;Female;2006;105981.0
French Guyana;Rural;2006;38976.0
French Guyana;Urban;2006;171697.0
French Guyana;Total;2007;216185.0
French Guyana;Male;2007;107252.0
French Guyana;Female;2007;108930.0
French Guyana;Rural;2007;39301.0
French Guyana;Urban;2007;177484.0
French Guyana;Total;2008;221996.0
French Guyana;Male;2008;110528.0
French Guyana;Female;2008;111469.0
French Guyana;Rural;2008;39524.0
French Guyana;Urban;2008;182928.0
French Guyana;Total;2009;227540.0
French Guyana;Male;2009;113612.0
French Guyana;Female;2009;113930.0
French Guyana;Rural;2009;39733.0
French Guyana;Urban;2009;188401.0
French Guyana;Total;2010;233002.0
French Guyana;Male;2010;116453.0
French Guyana;Female;2010;116543.0
French Guyana;Rural;2010;39989.0
French Guyana;Urban;2010;194192.0
French Guyana;Total;2011;238384.0
French Guyana;Male;2011;119004.0
French Guyana;Female;2011;119379.0
French Guyana;Rural;2011;40299.0
French Guyana;Urban;2011;200355.0
French Guyana;Total;2012;243666.0
French Guyana;Male;2012;121317.0
French Guyana;Female;2012;122350.0
French Guyana;Rural;2012;40645.0
French Guyana;Urban;2012;206818.0
French Guyana;Total;2013;249054.0
French Guyana;Male;2013;123574.0
French Guyana;Female;2013;125475.0
French Guyana;Rural;2013;41008.0
French Guyana;Urban;2013;213495.0
French Guyana;Total;2014;254773.0
French Guyana;Male;2014;126027.0
French Guyana;Female;2014;128752.99999999999
French Guyana;Rural;2014;41365.0
French Guyana;Urban;2014;220258.0
French Guyana;Total;2015;260999.00000000003
French Guyana;Male;2015;128863.0
French Guyana;Female;2015;132145.0
French Guyana;Rural;2015;41695.0
French Guyana;Urban;2015;226996.0
French Guyana;Total;2016;267821.0
French Guyana;Male;2016;132140.0
French Guyana;Female;2016;135684.0
French Guyana;Rural;2016;42001.0
French Guyana;Urban;2016;233712.0
French Guyana;Total;2017;275191.0
French Guyana;Male;2017;135804.0
French Guyana;Female;2017;139385.0
French Guyana;Rural;2017;42290.0
French Guyana;Urban;2017;240441.0
French Guyana;Total;2018;282938.0
French Guyana;Male;2018;139739.0
French Guyana;Female;2018;143197.0
French Guyana;Rural;2018;42568.0
French Guyana;Urban;2018;247195.0
French Polynesia;Total;2000;240686.0
French Polynesia;Male;2000;123817.0
French Polynesia;Female;2000;116864.0
French Polynesia;Rural;2000;104283.0
French Polynesia;Urban;2000;132975.0
French Polynesia;Total;2001;244931.0
French Polynesia;Male;2001;125850.0
French Polynesia;Female;2001;119079.0
French Polynesia;Rural;2001;106239.0
French Polynesia;Urban;2001;135034.0
French Polynesia;Total;2002;248972.0
French Polynesia;Male;2002;127798.0
French Polynesia;Female;2002;121178.0
French Polynesia;Rural;2002;108077.0
French Polynesia;Urban;2002;136929.0
French Polynesia;Total;2003;252703.0
French Polynesia;Male;2003;129624.0
French Polynesia;Female;2003;123083.0
French Polynesia;Rural;2003;108739.0
French Polynesia;Urban;2003;139760.0
French Polynesia;Total;2004;255992.0
French Polynesia;Male;2004;131242.0
French Polynesia;Female;2004;124753.0
French Polynesia;Rural;2004;108688.0
French Polynesia;Urban;2004;143087.0
French Polynesia;Total;2005;258779.99999999997
French Polynesia;Male;2005;132626.0
French Polynesia;Female;2005;126154.0
French Polynesia;Rural;2005;108537.0
French Polynesia;Urban;2005;146349.0
French Polynesia;Total;2006;261010.0
French Polynesia;Male;2006;133746.0
French Polynesia;Female;2006;127261.0
French Polynesia;Rural;2006;108284.0
French Polynesia;Urban;2006;149548.0
French Polynesia;Total;2007;262721.0
French Polynesia;Male;2007;134628.0
French Polynesia;Female;2007;128089.0
French Polynesia;Rural;2007;107926.0
French Polynesia;Urban;2007;152668.0
French Polynesia;Total;2008;264061.0
French Polynesia;Male;2008;135317.0
French Polynesia;Female;2008;128747.00000000001
French Polynesia;Rural;2008;107467.0
French Polynesia;Urban;2008;155712.0
French Polynesia;Total;2009;265254.0
French Polynesia;Male;2009;135885.0
French Polynesia;Female;2009;129371.00000000001
French Polynesia;Rural;2009;106916.0
French Polynesia;Urban;2009;158665.0
French Polynesia;Total;2010;266455.0
French Polynesia;Male;2010;136400.0
French Polynesia;Female;2010;130049.0
French Polynesia;Rural;2010;106278.0
French Polynesia;Urban;2010;161542.0
French Polynesia;Total;2011;267698.0
French Polynesia;Male;2011;136865.0
French Polynesia;Female;2011;130836.99999999999
French Polynesia;Rural;2011;105537.0
French Polynesia;Urban;2011;164306.0
French Polynesia;Total;2012;268998.0
French Polynesia;Male;2012;137290.0
French Polynesia;Female;2012;131705.0
French Polynesia;Rural;2012;104716.0
French Polynesia;Urban;2012;166987.0
French Polynesia;Total;2013;270328.0
French Polynesia;Male;2013;137701.0
French Polynesia;Female;2013;132631.0
French Polynesia;Rural;2013;105081.0
French Polynesia;Urban;2013;168447.0
French Polynesia;Total;2014;271705.0
French Polynesia;Male;2014;138151.0
French Polynesia;Female;2014;133562.0
French Polynesia;Rural;2014;105694.0
French Polynesia;Urban;2014;169790.0
French Polynesia;Total;2015;273124.0
French Polynesia;Male;2015;138667.0
French Polynesia;Female;2015;134452.0
French Polynesia;Rural;2015;106402.0
French Polynesia;Urban;2015;171288.0
French Polynesia;Total;2016;274575.0
French Polynesia;Male;2016;139274.0
French Polynesia;Female;2016;135302.0
French Polynesia;Rural;2016;107226.0
French Polynesia;Urban;2016;172982.0
French Polynesia;Total;2017;276102.0
French Polynesia;Male;2017;139968.0
French Polynesia;Female;2017;136140.0
French Polynesia;Rural;2017;108155.0
French Polynesia;Urban;2017;174852.0
French Polynesia;Total;2018;277679.0
French Polynesia;Male;2018;140712.0
French Polynesia;Female;2018;136961.0
French Polynesia;Rural;2018;109102.0
French Polynesia;Urban;2018;176757.0
Gabon;Total;2000;1228360.0
Gabon;Male;2000;610303.0
Gabon;Female;2000;618056.0
Gabon;Rural;2000;260031.0
Gabon;Urban;2000;971091.0
Gabon;Total;2001;1258003.0
Gabon;Male;2001;625813.0
Gabon;Female;2001;632195.0
Gabon;Rural;2001;257087.0
Gabon;Urban;2001;1005172.0
Gabon;Total;2002;1288315.0
Gabon;Male;2002;641570.0
Gabon;Female;2002;646740.0
Gabon;Rural;2002;254120.0
Gabon;Urban;2002;1040289.0
Gabon;Total;2003;1319953.0
Gabon;Male;2003;658047.0
Gabon;Female;2003;661899.0
Gabon;Rural;2003;251249.0
Gabon;Urban;2003;1076897.0
Gabon;Total;2004;1353795.0
Gabon;Male;2004;675829.0
Gabon;Female;2004;677959.0
Gabon;Rural;2004;248580.0
Gabon;Urban;2004;1115625.0
Gabon;Total;2005;1390549.0
Gabon;Male;2005;695394.0
Gabon;Female;2005;695156.0
Gabon;Rural;2005;246218.0
Gabon;Urban;2005;1156908.0
Gabon;Total;2006;1430152.0
Gabon;Male;2006;716732.0
Gabon;Female;2006;713412.0
Gabon;Rural;2006;244076.0
Gabon;Urban;2006;1200768.0
Gabon;Total;2007;1472575.0
Gabon;Male;2007;739772.0
Gabon;Female;2007;732793.0
Gabon;Rural;2007;242107.0
Gabon;Urban;2007;1247086.0
Gabon;Total;2008;1518540.0
Gabon;Male;2008;764788.0
Gabon;Female;2008;753750.0
Gabon;Rural;2008;240309.0
Gabon;Urban;2008;1296102.0
Gabon;Total;2009;1568928.0
Gabon;Male;2009;792070.0
Gabon;Female;2009;776855.0
Gabon;Rural;2009;238727.0
Gabon;Urban;2009;1348027.0
Gabon;Total;2010;1624140.0
Gabon;Male;2010;821716.0
Gabon;Female;2010;802430.0
Gabon;Rural;2010;237291.0
Gabon;Urban;2010;1402919.0
Gabon;Total;2011;1684635.0
Gabon;Male;2011;853930.0
Gabon;Female;2011;830699.0
Gabon;Rural;2011;236029.0
Gabon;Urban;2011;1461072.0
Gabon;Total;2012;1749682.0
Gabon;Male;2012;888349.0
Gabon;Female;2012;861328.0
Gabon;Rural;2012;234816.0
Gabon;Urban;2012;1522001.0
Gabon;Total;2013;1817071.0
Gabon;Male;2013;923796.0
Gabon;Female;2013;893274.0
Gabon;Rural;2013;233402.0
Gabon;Urban;2013;1583869.0
Gabon;Total;2014;1883800.0
Gabon;Male;2014;958672.0
Gabon;Female;2014;925129.0
Gabon;Rural;2014;231633.0
Gabon;Urban;2014;1644080.0
Gabon;Total;2015;1947686.0
Gabon;Male;2015;991831.0
Gabon;Female;2015;955859.0
Gabon;Rural;2015;229341.0
Gabon;Urban;2015;1700834.0
Gabon;Total;2016;2007873.0
Gabon;Male;2016;1022809.0
Gabon;Female;2016;985073.0
Gabon;Rural;2016;226498.0
Gabon;Urban;2016;1753288.0
Gabon;Total;2017;2064822.9999999998
Gabon;Male;2017;1051835.0
Gabon;Female;2017;1012977.0
Gabon;Rural;2017;223245.0
Gabon;Urban;2017;1801892.0
Gabon;Total;2018;2119275.0
Gabon;Male;2018;1079376.0
Gabon;Female;2018;1039898.9999999999
Gabon;Rural;2018;219785.0
Gabon;Urban;2018;1847776.0
Gambia;Total;2000;1317703.0
Gambia;Male;2000;656267.0
Gambia;Female;2000;661441.0
Gambia;Rural;2000;642181.0
Gambia;Urban;2000;589663.0
Gambia;Total;2001;1360074.0
Gambia;Male;2001;676893.0
Gambia;Female;2001;683177.0
Gambia;Rural;2001;650815.0
Gambia;Urban;2001;619680.0
Gambia;Total;2002;1404261.0
Gambia;Male;2002;698482.0
Gambia;Female;2002;705781.0
Gambia;Rural;2002;659831.0
Gambia;Urban;2002;651518.0
Gambia;Total;2003;1449925.0
Gambia;Male;2003;720852.0
Gambia;Female;2003;729073.0
Gambia;Rural;2003;669586.0
Gambia;Urban;2003;684608.0
Gambia;Total;2004;1496527.0
Gambia;Male;2004;743719.0
Gambia;Female;2004;752805.0
Gambia;Rural;2004;681267.0
Gambia;Urban;2004;717306.0
Gambia;Total;2005;1543741.0
Gambia;Male;2005;766917.0
Gambia;Female;2005;776828.0
Gambia;Rural;2005;692935.0
Gambia;Urban;2005;751269.0
Gambia;Total;2006;1591445.0
Gambia;Male;2006;790378.0
Gambia;Female;2006;801066.0
Gambia;Rural;2006;704493.0
Gambia;Urban;2006;786528.0
Gambia;Total;2007;1639848.0
Gambia;Male;2007;814219.0
Gambia;Female;2007;825627.0
Gambia;Rural;2007;715979.0
Gambia;Urban;2007;823137.0
Gambia;Total;2008;1689285.0
Gambia;Male;2008;838605.0
Gambia;Female;2008;850683.0
Gambia;Rural;2008;727394.0
Gambia;Urban;2008;861178.0
Gambia;Total;2009;1740279.0
Gambia;Male;2009;863777.0
Gambia;Female;2009;876500.0
Gambia;Rural;2009;738840.0
Gambia;Urban;2009;900720.0
Gambia;Total;2010;1793196.0
Gambia;Male;2010;889920.0
Gambia;Female;2010;903279.0
Gambia;Rural;2010;750273.0
Gambia;Urban;2010;941876.0
Gambia;Total;2011;1848147.0
Gambia;Male;2011;917082.0
Gambia;Female;2011;931060.0
Gambia;Rural;2011;761696.0
Gambia;Urban;2011;984667.0
Gambia;Total;2012;1905013.0
Gambia;Male;2012;945203.0
Gambia;Female;2012;959817.0
Gambia;Rural;2012;773029.0
Gambia;Urban;2012;1029096.0
Gambia;Total;2013;1963712.0
Gambia;Male;2013;974246.0
Gambia;Female;2013;989462.0
Gambia;Rural;2013;784258.0
Gambia;Urban;2013;1075066.0
Gambia;Total;2014;2024042.0
Gambia;Male;2014;1004095.0
Gambia;Female;2014;1019942.0
Gambia;Rural;2014;795364.0
Gambia;Urban;2014;1122488.0
Gambia;Total;2015;2085860.0000000002
Gambia;Male;2015;1034700.0
Gambia;Female;2015;1051160.0
Gambia;Rural;2015;806309.0
Gambia;Urban;2015;1171281.0
Gambia;Total;2016;2149136.0
Gambia;Male;2016;1066028.0
Gambia;Female;2016;1083106.0
Gambia;Rural;2016;817075.0
Gambia;Urban;2016;1221426.0
Gambia;Total;2017;2213889.0
Gambia;Male;2017;1098096.0
Gambia;Female;2017;1115804.0
Gambia;Rural;2017;827654.0
Gambia;Urban;2017;1272914.0
Gambia;Total;2018;2280094.0
Gambia;Male;2018;1130877.0
Gambia;Female;2018;1149215.0
Gambia;Rural;2018;838035.0
Gambia;Urban;2018;1325730.0
Georgia;Total;2000;4362187.0
Georgia;Male;2000;2072239.0
Georgia;Female;2000;2289945.0
Georgia;Rural;2000;2236449.0
Georgia;Urban;2000;2485610.0
Georgia;Total;2001;4296979.0
Georgia;Male;2001;2043170.0
Georgia;Female;2001;2253811.0
Georgia;Rural;2001;2224052.0
Georgia;Urban;2001;2448110.0
Georgia;Total;2002;4258571.0
Georgia;Male;2002;2026633.0
Georgia;Female;2002;2231940.0
Georgia;Rural;2002;2199528.0
Georgia;Urban;2002;2425352.0
Georgia;Total;2003;4238929.0
Georgia;Male;2003;2018720.0
Georgia;Female;2003;2220210.0
Georgia;Rural;2003;2159971.0
Georgia;Urban;2003;2419111.0
Georgia;Total;2004;4225816.0
Georgia;Male;2004;2013546.0
Georgia;Female;2004;2212265.0
Georgia;Rural;2004;2120781.0
Georgia;Urban;2004;2412548.0
Georgia;Total;2005;4210168.0
Georgia;Male;2005;2006770.0
Georgia;Female;2005;2203388.0
Georgia;Rural;2005;2081534.9999999998
Georgia;Urban;2005;2405012.0
Georgia;Total;2006;4189720.0000000005
Georgia;Male;2006;1997211.0
Georgia;Female;2006;2192511.0
Georgia;Rural;2006;2042246.0
Georgia;Urban;2006;2396650.0
Georgia;Total;2007;4166867.0
Georgia;Male;2007;1986029.0
Georgia;Female;2007;2180831.0
Georgia;Rural;2007;2003024.0
Georgia;Urban;2007;2387511.0
Georgia;Total;2008;4142654.9999999995
Georgia;Male;2008;1973993.0
Georgia;Female;2008;2168655.0
Georgia;Rural;2008;1963424.0
Georgia;Urban;2008;2377090.0
Georgia;Total;2009;4119493.9999999995
Georgia;Male;2009;1962631.0
Georgia;Female;2009;2156859.0
Georgia;Rural;2009;1923027.0
Georgia;Urban;2009;2364669.0
Georgia;Total;2010;4099099.0
Georgia;Male;2010;1953010.0
Georgia;Female;2010;2146086.0
Georgia;Rural;2010;1881610.0
Georgia;Urban;2010;2350051.0
Georgia;Total;2011;4081017.0
Georgia;Male;2011;1945045.0
Georgia;Female;2011;2135967.0
Georgia;Rural;2011;1838725.0
Georgia;Urban;2011;2332531.0
Georgia;Total;2012;4064106.0
Georgia;Male;2012;1938079.0
Georgia;Female;2012;2126018.0
Georgia;Rural;2012;1794943.0
Georgia;Urban;2012;2312776.0
Georgia;Total;2013;4048701.0
Georgia;Male;2013;1931983.0
Georgia;Female;2013;2116718.0
Georgia;Rural;2013;1752471.0
Georgia;Urban;2013;2293439.0
Georgia;Total;2014;4035311.0
Georgia;Male;2014;1926599.0
Georgia;Female;2014;2108711.0
Georgia;Rural;2014;1714022.0
Georgia;Urban;2014;2278324.0
Georgia;Total;2015;4024183.0
Georgia;Male;2015;1921748.0
Georgia;Female;2015;2102432.0
Georgia;Rural;2015;1681437.0
Georgia;Urban;2015;2270087.0
Georgia;Total;2016;4015450.0
Georgia;Male;2016;1917421.0
Georgia;Female;2016;2098036.0
Georgia;Rural;2016;1655077.0
Georgia;Urban;2016;2270328.0
Georgia;Total;2017;4008716.0
Georgia;Male;2017;1913522.0
Georgia;Female;2017;2095201.0
Georgia;Rural;2017;1634019.0
Georgia;Urban;2017;2278042.0
Georgia;Total;2018;4002942.0
Georgia;Male;2018;1909756.0
Georgia;Female;2018;2093190.0
Georgia;Rural;2018;1616295.0
Georgia;Urban;2018;2290836.0
Germany;Total;2000;81400882.0
Germany;Male;2000;39640507.0
Germany;Female;2000;41760376.0
Germany;Rural;2000;20400344.0
Germany;Urban;2000;61087413.0
Germany;Total;2001;81453885.0
Germany;Male;2001;39695906.0
Germany;Female;2001;41757988.0
Germany;Rural;2001;20245265.0
Germany;Urban;2001;61290583.0
Germany;Total;2002;81535122.0
Germany;Male;2002;39763349.0
Germany;Female;2002;41771775.0
Germany;Rural;2002;20097558.0
Germany;Urban;2002;61514310.0
Germany;Total;2003;81614380.0
Germany;Male;2003;39828458.0
Germany;Female;2003;41785913.0
Germany;Rural;2003;19950126.0
Germany;Urban;2003;61736369.0
Germany;Total;2004;81646474.0
Germany;Male;2004;39869687.0
Germany;Female;2004;41776787.0
Germany;Rural;2004;19792081.0
Germany;Urban;2004;61923578.0
Germany;Total;2005;81602741.0
Germany;Male;2005;39873471.0
Germany;Female;2005;41729268.0
Germany;Rural;2005;19617625.0
Germany;Urban;2005;62053609.0
Germany;Total;2006;81472226.0
Germany;Male;2006;39834754.0
Germany;Female;2006;41637481.0
Germany;Rural;2006;19423458.0
Germany;Urban;2006;62116895.0
Germany;Total;2007;81277830.0
Germany;Male;2007;39764776.0
Germany;Female;2007;41513060.0
Germany;Rural;2007;19215385.0
Germany;Urban;2007;62129072.0
Germany;Total;2008;81065752.0
Germany;Male;2008;39686094.0
Germany;Female;2008;41379657.0
Germany;Rural;2008;19004672.0
Germany;Urban;2008;62126272.0
Germany;Total;2009;80899961.0
Germany;Male;2009;39629844.0
Germany;Female;2009;41270117.0
Germany;Rural;2009;18807360.0
Germany;Urban;2009;62158252.0
Germany;Total;2010;80827002.0
Germany;Male;2010;39618814.0
Germany;Female;2010;41208187.0
Germany;Rural;2010;18633173.0
Germany;Urban;2010;62261612.0
Germany;Total;2011;80855632.0
Germany;Male;2011;39656764.0
Germany;Female;2011;41198865.0
Germany;Rural;2011;18485321.0
Germany;Urban;2011;62448659.0
Germany;Total;2012;80972628.0
Germany;Male;2012;39737570.0
Germany;Female;2012;41235059.0
Germany;Rural;2012;18507405.0
Germany;Urban;2012;62558823.0
Germany;Total;2013;81174367.0
Germany;Male;2013;39861298.0
Germany;Female;2013;41313075.0
Germany;Rural;2013;18544700.0
Germany;Urban;2013;62720439.0
Germany;Total;2014;81450378.0
Germany;Male;2014;40025296.0
Germany;Female;2014;41425074.0
Germany;Rural;2014;18587788.0
Germany;Urban;2014;62901872.0
Germany;Total;2015;81787411.0
Germany;Male;2015;40224576.0
Germany;Female;2015;41562835.0
Germany;Rural;2015;18629376.0
Germany;Urban;2015;63078413.0
Germany;Total;2016;82193768.0
Germany;Male;2016;40464282.0
Germany;Female;2016;41729488.0
Germany;Rural;2016;18657193.0
Germany;Urban;2016;63257479.0
Germany;Total;2017;82658409.0
Germany;Male;2017;40737725.0
Germany;Female;2017;41920684.0
Germany;Rural;2017;18672100.0
Germany;Urban;2017;63442124.0
Germany;Total;2018;83124418.0
Germany;Male;2018;41013280.0
Germany;Female;2018;42111133.0
Germany;Rural;2018;18671111.0
Germany;Urban;2018;63622346.0
Ghana;Total;2000;19278856.0
Ghana;Male;2000;9730710.0
Ghana;Female;2000;9548140.0
Ghana;Rural;2000;10619132.0
Ghana;Urban;2000;8319629.999999999
Ghana;Total;2001;19756928.0
Ghana;Male;2001;9973341.0
Ghana;Female;2001;9783588.0
Ghana;Rural;2001;10759435.0
Ghana;Urban;2001;8662170.0
Ghana;Total;2002;20246381.0
Ghana;Male;2002;10221782.0
Ghana;Female;2002;10024594.0
Ghana;Rural;2002;10903660.0
Ghana;Urban;2002;9020862.0
Ghana;Total;2003;20750299.0
Ghana;Male;2003;10477723.0
Ghana;Female;2003;10272585.0
Ghana;Rural;2003;11051200.0
Ghana;Urban;2003;9395582.0
Ghana;Total;2004;21272323.0
Ghana;Male;2004;10743126.0
Ghana;Female;2004;10529202.0
Ghana;Rural;2004;11200504.0
Ghana;Urban;2004;9786032.0
Ghana;Total;2005;21814642.0
Ghana;Male;2005;11019196.0
Ghana;Female;2005;10795452.0
Ghana;Rural;2005;11350899.0
Ghana;Urban;2005;10191110.0
Ghana;Total;2006;22379055.0
Ghana;Male;2006;11306877.0
Ghana;Female;2006;11072180.0
Ghana;Rural;2006;11501626.0
Ghana;Urban;2006;10611799.0
Ghana;Total;2007;22963946.0
Ghana;Male;2007;11605325.0
Ghana;Female;2007;11358621.0
Ghana;Rural;2007;11652304.0
Ghana;Urban;2007;11047908.0
Ghana;Total;2008;23563825.0
Ghana;Male;2008;11911719.0
Ghana;Female;2008;11652113.0
Ghana;Rural;2008;11800555.0
Ghana;Urban;2008;11498085.0
Ghana;Total;2009;24170940.0
Ghana;Male;2009;12222052.0
Ghana;Female;2009;11948891.0
Ghana;Rural;2009;11944412.0
Ghana;Urban;2009;11959419.0
Ghana;Total;2010;24779619.0
Ghana;Male;2010;12533386.0
Ghana;Female;2010;12246228.0
Ghana;Rural;2010;12081325.0
Ghana;Urban;2010;12430779.0
Ghana;Total;2011;25387712.0
Ghana;Male;2011;12844636.0
Ghana;Female;2011;12543077.0
Ghana;Rural;2011;12210704.0
Ghana;Urban;2011;12911092.0
Ghana;Total;2012;25996450.0
Ghana;Male;2012;13156379.0
Ghana;Female;2012;12840075.0
Ghana;Rural;2012;12333058.0
Ghana;Urban;2012;13399991.0
Ghana;Total;2013;26607645.0
Ghana;Male;2013;13469420.0
Ghana;Female;2013;13138221.0
Ghana;Rural;2013;12449163.0
Ghana;Urban;2013;13897088.0
Ghana;Total;2014;27224473.0
Ghana;Male;2014;13785234.0
Ghana;Female;2014;13439246.0
Ghana;Rural;2014;12559438.0
Ghana;Urban;2014;14403125.0
Ghana;Total;2015;27849205.0
Ghana;Male;2015;14104836.0
Ghana;Female;2015;13744367.0
Ghana;Rural;2015;12664366.0
Ghana;Urban;2015;14918455.0
Ghana;Total;2016;28481945.0
Ghana;Male;2016;14428231.0
Ghana;Female;2016;14053716.0
Ghana;Rural;2016;12763904.0
Ghana;Urban;2016;15442824.0
Ghana;Total;2017;29121465.0
Ghana;Male;2017;14754799.0
Ghana;Female;2017;14366665.0
Ghana;Rural;2017;12857864.0
Ghana;Urban;2017;15975765.0
Ghana;Total;2018;29767102.0
Ghana;Male;2018;15084235.0
Ghana;Female;2018;14682873.0
Ghana;Rural;2018;12946423.0
Ghana;Urban;2018;16517220.000000002
Gibraltar;Total;2000;31077.0
Gibraltar;Rural;2000;0.0
Gibraltar;Urban;2000;31180.0
Gibraltar;Total;2001;31602.0
Gibraltar;Rural;2001;0.0
Gibraltar;Urban;2001;31374.0
Gibraltar;Total;2002;32101.999999999996
Gibraltar;Rural;2002;0.0
Gibraltar;Urban;2002;31544.0
Gibraltar;Total;2003;32555.0
Gibraltar;Rural;2003;0.0
Gibraltar;Urban;2003;31720.0
Gibraltar;Total;2004;32928.0
Gibraltar;Rural;2004;0.0
Gibraltar;Urban;2004;31896.0
Gibraltar;Total;2005;33219.0
Gibraltar;Rural;2005;0.0
Gibraltar;Urban;2005;32085.0
Gibraltar;Total;2006;33417.0
Gibraltar;Rural;2006;0.0
Gibraltar;Urban;2006;32296.0
Gibraltar;Total;2007;33517.0
Gibraltar;Rural;2007;0.0
Gibraltar;Urban;2007;32509.999999999996
Gibraltar;Total;2008;33559.0
Gibraltar;Rural;2008;0.0
Gibraltar;Urban;2008;32732.0
Gibraltar;Total;2009;33565.0
Gibraltar;Rural;2009;0.0
Gibraltar;Urban;2009;32956.0
Gibraltar;Total;2010;33585.0
Gibraltar;Rural;2010;0.0
Gibraltar;Urban;2010;33189.0
Gibraltar;Total;2011;33612.0
Gibraltar;Rural;2011;0.0
Gibraltar;Urban;2011;33405.0
Gibraltar;Total;2012;33646.0
Gibraltar;Rural;2012;0.0
Gibraltar;Urban;2012;33623.0
Gibraltar;Total;2013;33692.0
Gibraltar;Rural;2013;0.0
Gibraltar;Urban;2013;33831.0
Gibraltar;Total;2014;33725.0
Gibraltar;Rural;2014;0.0
Gibraltar;Urban;2014;34038.0
Gibraltar;Total;2015;33736.0
Gibraltar;Rural;2015;0.0
Gibraltar;Urban;2015;34228.0
Gibraltar;Total;2016;33737.0
Gibraltar;Rural;2016;0.0
Gibraltar;Urban;2016;34408.0
Gibraltar;Total;2017;33728.0
Gibraltar;Rural;2017;0.0
Gibraltar;Urban;2017;34571.0
Gibraltar;Total;2018;33718.0
Gibraltar;Rural;2018;0.0
Gibraltar;Urban;2018;34733.0
Greece;Total;2000;11082104.0
Greece;Male;2000;5508335.0
Greece;Female;2000;5573768.0
Greece;Rural;2000;3040042.0
Greece;Urban;2000;8102077.0
Greece;Total;2001;11134457.0
Greece;Male;2001;5531901.0
Greece;Female;2001;5602546.0
Greece;Rural;2001;3029532.0
Greece;Urban;2001;8154866.0
Greece;Total;2002;11182305.0
Greece;Male;2002;5552263.0
Greece;Female;2002;5630045.0
Greece;Rural;2002;2994553.0
Greece;Urban;2002;8222245.999999999
Greece;Total;2003;11218884.0
Greece;Male;2003;5565947.0
Greece;Female;2003;5652932.0
Greece;Rural;2003;2958243.0
Greece;Urban;2003;8285324.000000001
Greece;Total;2004;11234992.0
Greece;Male;2004;5568298.0
Greece;Female;2004;5666695.0
Greece;Rural;2004;2922112.0
Greece;Urban;2004;8348364.0
Greece;Total;2005;11224791.0
Greece;Male;2005;5556417.0
Greece;Female;2005;5668383.0
Greece;Rural;2005;2887279.0
Greece;Urban;2005;8413925.0
Greece;Total;2006;11185228.0
Greece;Male;2006;5528638.0
Greece;Female;2006;5656593.0
Greece;Rural;2006;2854291.0
Greece;Urban;2006;8484479.0
Greece;Total;2007;11120358.0
Greece;Male;2007;5487270.0
Greece;Female;2007;5633101.0
Greece;Rural;2007;2822571.0
Greece;Urban;2007;8558326.0
Greece;Total;2008;11040309.0
Greece;Male;2008;5438287.0
Greece;Female;2008;5602025.0
Greece;Rural;2008;2790077.0
Greece;Urban;2008;8629570.0
Greece;Total;2009;10959272.0
Greece;Male;2009;5390023.0
Greece;Female;2009;5569245.0
Greece;Rural;2009;2754332.0
Greece;Urban;2009;8689496.0
Greece;Total;2010;10887637.0
Greece;Male;2010;5348553.0
Greece;Female;2010;5539087.0
Greece;Rural;2010;2713565.0
Greece;Urban;2010;8732440.0
Greece;Total;2011;10829079.0
Greece;Male;2011;5316084.0
Greece;Female;2011;5512990.0
Greece;Rural;2011;2667285.0
Greece;Urban;2011;8755520.0
Greece;Total;2012;10781125.0
Greece;Male;2012;5291125.0
Greece;Female;2012;5489994.0
Greece;Rural;2012;2616562.0
Greece;Urban;2012;8761695.0
Greece;Total;2013;10740500.0
Greece;Male;2013;5271361.0
Greece;Female;2013;5469140.0
Greece;Rural;2013;2563761.0
Greece;Urban;2013;8757539.0
Greece;Total;2014;10701456.0
Greece;Male;2014;5252897.0
Greece;Female;2014;5448563.0
Greece;Rural;2014;2511810.0
Greece;Urban;2014;8752916.0
Greece;Total;2015;10659750.0
Greece;Male;2015;5232856.0
Greece;Female;2015;5426881.0
Greece;Rural;2015;2462743.0
Greece;Urban;2015;8755057.0
Greece;Total;2016;10615185.0
Greece;Male;2016;5210972.0
Greece;Female;2016;5404211.0
Greece;Rural;2016;2417151.0
Greece;Urban;2016;8766565.0
Greece;Total;2017;10569450.0
Greece;Male;2017;5188269.0
Greece;Female;2017;5381180.0
Greece;Rural;2017;2374332.0
Greece;Urban;2017;8785441.0
Greece;Total;2018;10522246.0
Greece;Male;2018;5164717.0
Greece;Female;2018;5357527.0
Greece;Rural;2018;2333390.0
Greece;Urban;2018;8808771.0
Greenland;Total;2000;56175.0
Greenland;Rural;2000;10336.0
Greenland;Urban;2000;45839.0
Greenland;Total;2001;56327.0
Greenland;Rural;2001;10224.0
Greenland;Urban;2001;46103.0
Greenland;Total;2002;56518.0
Greenland;Rural;2002;10120.0
Greenland;Urban;2002;46398.0
Greenland;Total;2003;56708.0
Greenland;Rural;2003;10016.0
Greenland;Urban;2003;46692.0
Greenland;Total;2004;56861.0
Greenland;Rural;2004;9905.0
Greenland;Urban;2004;46956.0
Greenland;Total;2005;56951.0
Greenland;Rural;2005;9763.0
Greenland;Urban;2005;47188.0
Greenland;Total;2006;56971.0
Greenland;Rural;2006;9587.0
Greenland;Urban;2006;47384.0
Greenland;Total;2007;56927.0
Greenland;Rural;2007;9403.0
Greenland;Urban;2007;47524.0
Greenland;Total;2008;56841.0
Greenland;Rural;2008;9215.0
Greenland;Urban;2008;47626.0
Greenland;Total;2009;56728.0
Greenland;Rural;2009;9027.0
Greenland;Urban;2009;47701.0
Greenland;Total;2010;56638.0
Greenland;Rural;2010;8845.0
Greenland;Urban;2010;47793.0
Greenland;Total;2011;56552.0
Greenland;Rural;2011;8621.0
Greenland;Urban;2011;47931.0
Greenland;Total;2012;56470.0
Greenland;Rural;2012;8357.0
Greenland;Urban;2012;48113.0
Greenland;Total;2013;56414.0
Greenland;Rural;2013;8151.0
Greenland;Urban;2013;48263.0
Greenland;Total;2014;56381.0
Greenland;Rural;2014;7999.0
Greenland;Urban;2014;48383.0
Greenland;Total;2015;56377.0
Greenland;Rural;2015;7853.0
Greenland;Urban;2015;48524.0
Greenland;Total;2016;56412.0
Greenland;Rural;2016;7714.0
Greenland;Urban;2016;48698.0
Greenland;Total;2017;56481.0
Greenland;Rural;2017;7583.0
Greenland;Urban;2017;48897.0
Greenland;Total;2018;56564.0
Greenland;Rural;2018;7458.0
Greenland;Urban;2018;49107.0
Grenada;Total;2000;102833.0
Grenada;Male;2000;51143.0
Grenada;Female;2000;51694.0
Grenada;Rural;2000;65343.0
Grenada;Urban;2000;36276.0
Grenada;Total;2001;103249.0
Grenada;Male;2001;51412.0
Grenada;Female;2001;51830.0
Grenada;Rural;2001;65265.0
Grenada;Urban;2001;36584.0
Grenada;Total;2002;103634.0
Grenada;Male;2002;51688.0
Grenada;Female;2002;51948.0
Grenada;Rural;2002;65432.0
Grenada;Urban;2002;36668.0
Grenada;Total;2003;104005.0
Grenada;Male;2003;51966.0
Grenada;Female;2003;52037.0
Grenada;Rural;2003;65615.0
Grenada;Urban;2003;36760.0
Grenada;Total;2004;104347.0
Grenada;Male;2004;52239.0
Grenada;Female;2004;52107.0
Grenada;Rural;2004;65801.0
Grenada;Urban;2004;36855.0
Grenada;Total;2005;104661.0
Grenada;Male;2005;52493.0
Grenada;Female;2005;52165.0
Grenada;Rural;2005;65995.0
Grenada;Urban;2005;36954.0
Grenada;Total;2006;104933.0
Grenada;Male;2006;52732.0
Grenada;Female;2006;52206.0
Grenada;Rural;2006;66200.0
Grenada;Urban;2006;37059.0
Grenada;Total;2007;105190.0
Grenada;Male;2007;52947.0
Grenada;Female;2007;52236.0
Grenada;Rural;2007;66416.0
Grenada;Urban;2007;37170.0
Grenada;Total;2008;105456.0
Grenada;Male;2008;53169.0
Grenada;Female;2008;52288.0
Grenada;Rural;2008;66643.0
Grenada;Urban;2008;37287.0
Grenada;Total;2009;105789.0
Grenada;Male;2009;53405.0
Grenada;Female;2009;52382.0
Grenada;Rural;2009;66884.0
Grenada;Urban;2009;37412.0
Grenada;Total;2010;106233.0
Grenada;Male;2010;53667.0
Grenada;Female;2010;52560.0
Grenada;Rural;2010;67134.0
Grenada;Urban;2010;37543.0
Grenada;Total;2011;106796.0
Grenada;Male;2011;53965.0
Grenada;Female;2011;52821.0
Grenada;Rural;2011;67396.0
Grenada;Urban;2011;37679.0
Grenada;Total;2012;107446.0
Grenada;Male;2012;54288.0
Grenada;Female;2012;53164.0
Grenada;Rural;2012;67646.0
Grenada;Urban;2012;37835.0
Grenada;Total;2013;108170.0
Grenada;Male;2013;54624.0
Grenada;Female;2013;53548.0
Grenada;Rural;2013;67892.0
Grenada;Urban;2013;38017.0
Grenada;Total;2014;108902.0
Grenada;Male;2014;54961.0
Grenada;Female;2014;53939.0
Grenada;Rural;2014;68136.0
Grenada;Urban;2014;38224.0
Grenada;Total;2015;109599.0
Grenada;Male;2015;55289.0
Grenada;Female;2015;54314.0
Grenada;Rural;2015;68370.0
Grenada;Urban;2015;38453.0
Grenada;Total;2016;110261.0
Grenada;Male;2016;55598.0
Grenada;Female;2016;54665.0
Grenada;Rural;2016;68605.0
Grenada;Urban;2016;38712.0
Grenada;Total;2017;110874.0
Grenada;Male;2017;55891.0
Grenada;Female;2017;54983.0
Grenada;Rural;2017;68831.0
Grenada;Urban;2017;38994.0
Grenada;Total;2018;111454.0
Grenada;Male;2018;56162.0
Grenada;Female;2018;55287.0
Grenada;Rural;2018;69042.0
Grenada;Urban;2018;39297.0
Guadeloupe;Total;2000;422051.0
Guadeloupe;Male;2000;204211.0
Guadeloupe;Female;2000;217837.0
Guadeloupe;Rural;2000;6794.0
Guadeloupe;Urban;2000;417852.0
Guadeloupe;Total;2001;420238.0
Guadeloupe;Male;2001;202632.0
Guadeloupe;Female;2001;217616.0
Guadeloupe;Rural;2001;6852.0
Guadeloupe;Urban;2001;421368.0
Guadeloupe;Total;2002;416136.0
Guadeloupe;Male;2002;199690.0
Guadeloupe;Female;2002;216442.0
Guadeloupe;Rural;2002;6902.0
Guadeloupe;Urban;2002;424457.0
Guadeloupe;Total;2003;410860.0
Guadeloupe;Male;2003;196051.0
Guadeloupe;Female;2003;214817.0
Guadeloupe;Rural;2003;6947.0
Guadeloupe;Urban;2003;427244.0
Guadeloupe;Total;2004;406063.0
Guadeloupe;Male;2004;192631.0
Guadeloupe;Female;2004;213437.0
Guadeloupe;Rural;2004;6990.0
Guadeloupe;Urban;2004;429895.0
Guadeloupe;Total;2005;402904.0
Guadeloupe;Male;2005;190110.0
Guadeloupe;Female;2005;212793.0
Guadeloupe;Rural;2005;7033.0
Guadeloupe;Urban;2005;432519.0
Guadeloupe;Total;2006;401813.0
Guadeloupe;Male;2006;188717.0
Guadeloupe;Female;2006;213092.0
Guadeloupe;Rural;2006;7076.0
Guadeloupe;Urban;2006;435181.0
Guadeloupe;Total;2007;402395.0
Guadeloupe;Male;2007;188263.0
Guadeloupe;Female;2007;214142.0
Guadeloupe;Rural;2007;7114.0
Guadeloupe;Urban;2007;437796.0
Guadeloupe;Total;2008;403965.0
Guadeloupe;Male;2008;188393.0
Guadeloupe;Female;2008;215574.0
Guadeloupe;Rural;2008;7145.0
Guadeloupe;Urban;2008;440200.0
Guadeloupe;Total;2009;405448.0
Guadeloupe;Male;2009;188617.0
Guadeloupe;Female;2009;216827.0
Guadeloupe;Rural;2009;7163.0
Guadeloupe;Urban;2009;442170.0
Guadeloupe;Total;2010;406071.0
Guadeloupe;Male;2010;188556.0
Guadeloupe;Female;2010;217517.0
Guadeloupe;Rural;2010;7168.0
Guadeloupe;Urban;2010;443550.0
Guadeloupe;Total;2011;405640.0
Guadeloupe;Male;2011;188122.0
Guadeloupe;Female;2011;217521.0
Guadeloupe;Rural;2011;7158.0
Guadeloupe;Urban;2011;444289.0
Guadeloupe;Total;2012;404448.0
Guadeloupe;Male;2012;187455.0
Guadeloupe;Female;2012;216991.0
Guadeloupe;Rural;2012;7134.0
Guadeloupe;Urban;2012;444468.0
Guadeloupe;Total;2013;402829.0
Guadeloupe;Male;2013;186676.0
Guadeloupe;Female;2013;216150.0
Guadeloupe;Rural;2013;7100.0
Guadeloupe;Urban;2013;444238.0
Guadeloupe;Total;2014;401314.0
Guadeloupe;Male;2014;185949.0
Guadeloupe;Female;2014;215356.0
Guadeloupe;Rural;2014;7059.0
Guadeloupe;Urban;2014;443825.0
Guadeloupe;Total;2015;400255.0
Guadeloupe;Male;2015;185411.0
Guadeloupe;Female;2015;214849.0
Guadeloupe;Rural;2015;7013.0
Guadeloupe;Urban;2015;443405.0
Guadeloupe;Total;2016;399763.0
Guadeloupe;Male;2016;185068.0
Guadeloupe;Female;2016;214692.0
Guadeloupe;Rural;2016;6964.0
Guadeloupe;Urban;2016;443011.0
Guadeloupe;Total;2017;399672.0
Guadeloupe;Male;2017;184874.0
Guadeloupe;Female;2017;214805.0
Guadeloupe;Rural;2017;6911.0
Guadeloupe;Urban;2017;442657.0
Guadeloupe;Total;2018;399848.0
Guadeloupe;Male;2018;184772.0
Guadeloupe;Female;2018;215076.0
Guadeloupe;Rural;2018;6855.0
Guadeloupe;Urban;2018;442318.0
Guam;Total;2000;155329.0
Guam;Male;2000;79427.0
Guam;Female;2000;75896.0
Guam;Rural;2000;10672.0
Guam;Urban;2000;144657.0
Guam;Total;2001;156401.0
Guam;Male;2001;79845.0
Guam;Female;2001;76550.0
Guam;Rural;2001;10584.0
Guam;Urban;2001;145817.0
Guam;Total;2002;157176.0
Guam;Male;2002;80173.0
Guam;Female;2002;77000.0
Guam;Rural;2002;10477.0
Guam;Urban;2002;146698.0
Guam;Total;2003;157717.0
Guam;Male;2003;80431.0
Guam;Female;2003;77292.0
Guam;Rural;2003;10354.0
Guam;Urban;2003;147360.0
Guam;Total;2004;158101.0
Guam;Male;2004;80609.0
Guam;Female;2004;77485.0
Guam;Rural;2004;10223.0
Guam;Urban;2004;147876.0
Guam;Total;2005;158402.0
Guam;Male;2005;80748.0
Guam;Female;2005;77658.0
Guam;Rural;2005;10088.0
Guam;Urban;2005;148314.0
Guam;Total;2006;158648.0
Guam;Male;2006;80839.0
Guam;Female;2006;77810.0
Guam;Rural;2006;9951.0
Guam;Urban;2006;148697.0
Guam;Total;2007;158847.0
Guam;Male;2007;80896.0
Guam;Female;2007;77952.0
Guam;Rural;2007;9814.0
Guam;Urban;2007;149041.0
Guam;Total;2008;159036.0
Guam;Male;2008;80942.0
Guam;Female;2008;78095.0
Guam;Rural;2008;9676.0
Guam;Urban;2008;149359.0
Guam;Total;2009;159226.0
Guam;Male;2009;80978.0
Guam;Female;2009;78254.0
Guam;Rural;2009;9541.0
Guam;Urban;2009;149690.0
Guam;Total;2010;159444.0
Guam;Male;2010;81023.0
Guam;Female;2010;78416.0
Guam;Rural;2010;9409.0
Guam;Urban;2010;150035.0
Guam;Total;2011;159692.0
Guam;Male;2011;81093.0
Guam;Female;2011;78597.0
Guam;Rural;2011;9280.0
Guam;Urban;2011;150398.0
Guam;Total;2012;159996.0
Guam;Male;2012;81175.0
Guam;Female;2012;78815.0
Guam;Rural;2012;9156.0
Guam;Urban;2012;150817.0
Guam;Total;2013;160407.0
Guam;Male;2013;81328.0
Guam;Female;2013;79087.0
Guam;Rural;2013;9040.0
Guam;Urban;2013;151335.0
Guam;Total;2014;161016.0
Guam;Male;2014;81556.0
Guam;Female;2014;79451.0
Guam;Rural;2014;8935.0
Guam;Urban;2014;152032.0
Guam;Total;2015;161853.0
Guam;Male;2015;81917.0
Guam;Female;2015;79934.0
Guam;Rural;2015;8844.0
Guam;Urban;2015;152953.0
Guam;Total;2016;162951.0
Guam;Male;2016;82410.0
Guam;Female;2016;80538.0
Guam;Rural;2016;8769.0
Guam;Urban;2016;154127.0
Guam;Total;2017;164281.0
Guam;Male;2017;83029.0
Guam;Female;2017;81252.0
Guam;Rural;2017;8706.0
Guam;Urban;2017;155523.0
Guam;Total;2018;165768.0
Guam;Male;2018;83723.0
Guam;Female;2018;82047.0
Guam;Rural;2018;8651.0
Guam;Urban;2018;157067.0
Guatemala;Total;2000;11650743.0
Guatemala;Male;2000;5716737.0
Guatemala;Female;2000;5934007.0
Guatemala;Rural;2000;6369284.0
Guatemala;Urban;2000;5281459.0
Guatemala;Total;2001;11924946.0
Guatemala;Male;2001;5848515.0
Guatemala;Female;2001;6076426.0
Guatemala;Rural;2001;6479081.0
Guatemala;Urban;2001;5445865.0
Guatemala;Total;2002;12208848.0
Guatemala;Male;2002;5986326.0
Guatemala;Female;2002;6222528.0
Guatemala;Rural;2002;6592165.0
Guatemala;Urban;2002;5616683.0
Guatemala;Total;2003;12500478.0
Guatemala;Male;2003;6129000.0
Guatemala;Female;2003;6371479.0
Guatemala;Rural;2003;6710484.0
Guatemala;Urban;2003;5789994.0
Guatemala;Total;2004;12796925.0
Guatemala;Male;2004;6274837.0
Guatemala;Female;2004;6522089.0
Guatemala;Rural;2004;6831542.0
Guatemala;Urban;2004;5965383.0
Guatemala;Total;2005;13096028.0
Guatemala;Male;2005;6422517.0
Guatemala;Female;2005;6673511.0
Guatemala;Rural;2005;6952320.0
Guatemala;Urban;2005;6143708.0
Guatemala;Total;2006;13397021.0
Guatemala;Male;2006;6571647.0
Guatemala;Female;2006;6825375.0
Guatemala;Rural;2006;7072229.0
Guatemala;Urban;2006;6324779.0
Guatemala;Total;2007;13700327.0
Guatemala;Male;2007;6722439.0
Guatemala;Female;2007;6977887.0
Guatemala;Rural;2007;7191525.0
Guatemala;Urban;2007;6508761.0
Guatemala;Total;2008;14006428.0
Guatemala;Male;2008;6874966.0
Guatemala;Female;2008;7131454.0
Guatemala;Rural;2008;7310395.0
Guatemala;Urban;2008;6695971.0
Guatemala;Total;2009;14316263.0
Guatemala;Male;2009;7029513.0
Guatemala;Female;2009;7286738.0
Guatemala;Rural;2009;7429485.0
Guatemala;Urban;2009;6886723.0
Guatemala;Total;2010;14630417.0
Guatemala;Male;2010;7186236.0
Guatemala;Female;2010;7444184.0
Guatemala;Rural;2010;7548904.0
Guatemala;Urban;2010;7081513.0
Guatemala;Total;2011;14948801.0
Guatemala;Male;2011;7344974.0
Guatemala;Female;2011;7603818.0
Guatemala;Rural;2011;7668633.0
Guatemala;Urban;2011;7280286.0
Guatemala;Total;2012;15270771.0
Guatemala;Male;2012;7505427.0
Guatemala;Female;2012;7765347.0
Guatemala;Rural;2012;7788239.0
Guatemala;Urban;2012;7482817.0
Guatemala;Total;2013;15595816.0
Guatemala;Male;2013;7667395.0
Guatemala;Female;2013;7928426.0
Guatemala;Rural;2013;7905605.0
Guatemala;Urban;2013;7690609.0
Guatemala;Total;2014;15923236.0
Guatemala;Male;2014;7830659.0
Guatemala;Female;2014;8092579.0
Guatemala;Rural;2014;8019984.0
Guatemala;Urban;2014;7903575.0
Guatemala;Total;2015;16252429.0
Guatemala;Male;2015;7995000.0
Guatemala;Female;2015;8257424.999999999
Guatemala;Rural;2015;8130972.0
Guatemala;Urban;2015;8121457.0
Guatemala;Total;2016;16583076.0
Guatemala;Male;2016;8160280.0
Guatemala;Female;2016;8422799.0
Guatemala;Rural;2016;8238270.0
Guatemala;Urban;2016;8344199.000000001
Guatemala;Total;2017;16914970.0
Guatemala;Male;2017;8326333.000000001
Guatemala;Female;2017;8588646.0
Guatemala;Rural;2017;8341671.0
Guatemala;Urban;2017;8571832.0
Guatemala;Total;2018;17247849.0
Guatemala;Male;2018;8492956.0
Guatemala;Female;2018;8754899.0
Guatemala;Rural;2018;8440970.0
Guatemala;Urban;2018;8804376.0
Guinea;Total;2000;8240730.0
Guinea;Male;2000;3933799.0
Guinea;Female;2000;4306936.0
Guinea;Rural;2000;6089434.0
Guinea;Urban;2000;2719112.0
Guinea;Total;2001;8417081.0
Guinea;Male;2001;4016248.0
Guinea;Female;2001;4400834.0
Guinea;Rural;2001;6177192.0
Guinea;Urban;2001;2793947.0
Guinea;Total;2002;8586074.0
Guinea;Male;2002;4095803.0
Guinea;Female;2002;4490274.0
Guinea;Rural;2002;6266378.0
Guinea;Urban;2002;2870967.0
Guinea;Total;2003;8753093.0
Guinea;Male;2003;4174801.0000000005
Guinea;Female;2003;4578296.0
Guinea;Rural;2003;6358823.0
Guinea;Urban;2003;2951025.0
Guinea;Total;2004;8925743.0
Guinea;Male;2004;4256518.0
Guinea;Female;2004;4669211.0
Guinea;Rural;2004;6455507.0
Guinea;Urban;2004;3034722.0
Guinea;Total;2005;9109581.0
Guinea;Male;2005;4343417.0
Guinea;Female;2005;4766168.0
Guinea;Rural;2005;6557321.0
Guinea;Urban;2005;3122424.0
Guinea;Total;2006;9307425.0
Guinea;Male;2006;4436812.0
Guinea;Female;2006;4870609.0
Guinea;Rural;2006;6666117.0
Guinea;Urban;2006;3215311.0
Guinea;Total;2007;9518162.0
Guinea;Male;2007;4536383.0
Guinea;Female;2007;4981776.0
Guinea;Rural;2007;6782797.0
Guinea;Urban;2007;3313930.0
Guinea;Total;2008;9738792.0
Guinea;Male;2008;4641006.0
Guinea;Female;2008;5097790.0
Guinea;Rural;2008;6905524.0
Guinea;Urban;2008;3417618.0
Guinea;Total;2009;9964469.0
Guinea;Male;2009;4748735.0
Guinea;Female;2009;5215735.0
Guinea;Rural;2009;7031556.0
Guinea;Urban;2009;3524968.0
Guinea;Total;2010;10192176.0
Guinea;Male;2010;4858465.0
Guinea;Female;2010;5333703.0
Guinea;Rural;2010;7158911.0
Guinea;Urban;2010;3635259.0
Guinea;Total;2011;10420472.0
Guinea;Male;2011;4969530.0
Guinea;Female;2011;5450929.0
Guinea;Rural;2011;7286986.0
Guinea;Urban;2011;3748184.0
Guinea;Total;2012;10652031.0
Guinea;Male;2012;5083247.0
Guinea;Female;2012;5568785.0
Guinea;Rural;2012;7416978.0
Guinea;Urban;2012;3864491.0
Guinea;Total;2013;10892817.0
Guinea;Male;2013;5202759.0
Guinea;Female;2013;5690062.0
Guinea;Rural;2013;7551293.0
Guinea;Urban;2013;3985322.0
Guinea;Total;2014;11150982.0
Guinea;Male;2014;5332362.0
Guinea;Female;2014;5818608.0
Guinea;Rural;2014;7692904.0
Guinea;Urban;2014;4112604.9999999995
Guinea;Total;2015;11432088.0
Guinea;Male;2015;5474968.0
Guinea;Female;2015;5957128.0
Guinea;Rural;2015;7842402.0
Guinea;Urban;2015;4249131.0
Guinea;Total;2016;11738429.0
Guinea;Male;2016;5631807.0
Guinea;Female;2016;6106627.0
Guinea;Rural;2016;8000301.0
Guinea;Urban;2016;4395623.0
Guinea;Total;2017;12067519.0
Guinea;Male;2017;5801506.0
Guinea;Female;2017;6266010.0
Guinea;Rural;2017;8165321.0
Guinea;Urban;2017;4551855.0
Guinea;Total;2018;12414293.0
Guinea;Male;2018;5981068.0
Guinea;Female;2018;6433224.0
Guinea;Rural;2018;8335437.0
Guinea;Urban;2018;4717171.0
Guinea-Bissau;Total;2000;1201301.0
Guinea-Bissau;Male;2000;580846.0
Guinea-Bissau;Female;2000;620459.0
Guinea-Bissau;Rural;2000;792644.0
Guinea-Bissau;Urban;2000;450585.0
Guinea-Bissau;Total;2001;1227106.0
Guinea-Bissau;Male;2001;593008.0
Guinea-Bissau;Female;2001;634097.0
Guinea-Bissau;Rural;2001;803320.0
Guinea-Bissau;Urban;2001;464192.0
Guinea-Bissau;Total;2002;1254453.0
Guinea-Bissau;Male;2002;605833.0
Guinea-Bissau;Female;2002;648621.0
Guinea-Bissau;Rural;2002;814873.0
Guinea-Bissau;Urban;2002;478650.0
Guinea-Bissau;Total;2003;1283305.0
Guinea-Bissau;Male;2003;619392.0
Guinea-Bissau;Female;2003;663905.0
Guinea-Bissau;Rural;2003;827250.0
Guinea-Bissau;Urban;2003;493952.0
Guinea-Bissau;Total;2004;1313492.0
Guinea-Bissau;Male;2004;633751.0
Guinea-Bissau;Female;2004;679741.0
Guinea-Bissau;Rural;2004;840298.0
Guinea-Bissau;Urban;2004;510047.0
Guinea-Bissau;Total;2005;1344930.0
Guinea-Bissau;Male;2005;648960.0
Guinea-Bissau;Female;2005;695971.0
Guinea-Bissau;Rural;2005;853949.0
Guinea-Bissau;Urban;2005;526889.0
Guinea-Bissau;Total;2006;1377581.0
Guinea-Bissau;Male;2006;665041.0
Guinea-Bissau;Female;2006;712541.0
Guinea-Bissau;Rural;2006;868159.0
Guinea-Bissau;Urban;2006;544510.0
Guinea-Bissau;Total;2007;1411543.0
Guinea-Bissau;Male;2007;682008.0
Guinea-Bissau;Female;2007;729537.0
Guinea-Bissau;Rural;2007;882992.0
Guinea-Bissau;Urban;2007;562966.0
Guinea-Bissau;Total;2008;1446936.0
Guinea-Bissau;Male;2008;699852.0
Guinea-Bissau;Female;2008;747084.0
Guinea-Bissau;Rural;2008;898503.0
Guinea-Bissau;Urban;2008;582338.0
Guinea-Bissau;Total;2009;1483921.0
Guinea-Bissau;Male;2009;718542.0
Guinea-Bissau;Female;2009;765378.0
Guinea-Bissau;Rural;2009;914777.0
Guinea-Bissau;Urban;2009;602671.0
Guinea-Bissau;Total;2010;1522599.0
Guinea-Bissau;Male;2010;738048.0
Guinea-Bissau;Female;2010;784555.0
Guinea-Bissau;Rural;2010;931806.0
Guinea-Bissau;Urban;2010;624074.0
Guinea-Bissau;Total;2011;1562989.0
Guinea-Bissau;Male;2011;758360.0
Guinea-Bissau;Female;2011;804636.0
Guinea-Bissau;Rural;2011;949585.0
Guinea-Bissau;Urban;2011;646569.0
Guinea-Bissau;Total;2012;1604979.0
Guinea-Bissau;Male;2012;779433.0
Guinea-Bissau;Female;2012;825548.0
Guinea-Bissau;Rural;2012;968011.0
Guinea-Bissau;Urban;2012;670128.0
Guinea-Bissau;Total;2013;1648255.0
Guinea-Bissau;Male;2013;801147.0
Guinea-Bissau;Female;2013;847112.0
Guinea-Bissau;Rural;2013;986863.0
Guinea-Bissau;Urban;2013;694632.0
Guinea-Bissau;Total;2014;1692437.0
Guinea-Bissau;Male;2014;823339.0
Guinea-Bissau;Female;2014;869094.0
Guinea-Bissau;Rural;2014;1005842.0
Guinea-Bissau;Urban;2014;719902.0
Guinea-Bissau;Total;2015;1737202.0
Guinea-Bissau;Male;2015;845894.0
Guinea-Bissau;Female;2015;891313.0
Guinea-Bissau;Rural;2015;1024727.0000000001
Guinea-Bissau;Urban;2015;745799.0
Guinea-Bissau;Total;2016;1782438.0
Guinea-Bissau;Male;2016;868732.0
Guinea-Bissau;Female;2016;913702.0
Guinea-Bissau;Rural;2016;1043425.9999999999
Guinea-Bissau;Urban;2016;772272.0
Guinea-Bissau;Total;2017;1828145.0
Guinea-Bissau;Male;2017;891865.0
Guinea-Bissau;Female;2017;936281.0
Guinea-Bissau;Rural;2017;1061947.0
Guinea-Bissau;Urban;2017;799336.0
Guinea-Bissau;Total;2018;1874303.0
Guinea-Bissau;Male;2018;915245.0
Guinea-Bissau;Female;2018;959059.0
Guinea-Bissau;Rural;2018;1080274.0
Guinea-Bissau;Urban;2018;826994.0
Guyana;Total;2000;746715.0
Guyana;Male;2000;372094.0
Guyana;Female;2000;374624.0
Guyana;Rural;2000;537149.0
Guyana;Urban;2000;216152.0
Guyana;Total;2001;745206.0
Guyana;Male;2001;372138.0
Guyana;Female;2001;373068.0
Guyana;Rural;2001;537070.0
Guyana;Urban;2001;215193.0
Guyana;Total;2002;744789.0
Guyana;Male;2002;372626.0
Guyana;Female;2002;372163.0
Guyana;Rural;2002;537460.0
Guyana;Urban;2002;214424.0
Guyana;Total;2003;745143.0
Guyana;Male;2003;373290.0
Guyana;Female;2003;371852.0
Guyana;Rural;2003;539030.0
Guyana;Urban;2003;212827.0
Guyana;Total;2004;745737.0
Guyana;Male;2004;373789.0
Guyana;Female;2004;371948.0
Guyana;Rural;2004;540711.0
Guyana;Urban;2004;210941.0
Guyana;Total;2005;746163.0
Guyana;Male;2005;373872.0
Guyana;Female;2005;372284.0
Guyana;Rural;2005;542015.0
Guyana;Urban;2005;208931.0
Guyana;Total;2006;746343.0
Guyana;Male;2006;373447.0
Guyana;Female;2006;372888.0
Guyana;Rural;2006;542846.0
Guyana;Urban;2006;206755.0
Guyana;Total;2007;746474.0
Guyana;Male;2007;372654.0
Guyana;Female;2007;373823.0
Guyana;Rural;2007;543379.0
Guyana;Urban;2007;204490.0
Guyana;Total;2008;746817.0
Guyana;Male;2008;371849.0
Guyana;Female;2008;374966.0
Guyana;Rural;2008;544026.0
Guyana;Urban;2008;202288.0
Guyana;Total;2009;747718.0
Guyana;Male;2009;371507.0
Guyana;Female;2009;376211.0
Guyana;Rural;2009;545333.0
Guyana;Urban;2009;200360.0
Guyana;Total;2010;749436.0
Guyana;Male;2010;371953.0
Guyana;Female;2010;377477.0
Guyana;Rural;2010;547720.0
Guyana;Urban;2010;198836.0
Guyana;Total;2011;752028.0
Guyana;Male;2011;373314.0
Guyana;Female;2011;378715.0
Guyana;Rural;2011;551338.0
Guyana;Urban;2011;197762.0
Guyana;Total;2012;755399.0
Guyana;Male;2012;375458.0
Guyana;Female;2012;379930.0
Guyana;Rural;2012;554275.0
Guyana;Urban;2012;198816.0
Guyana;Total;2013;759285.0
Guyana;Male;2013;378137.0
Guyana;Female;2013;381144.0
Guyana;Rural;2013;557948.0
Guyana;Urban;2013;200133.0
Guyana;Total;2014;763380.0
Guyana;Male;2014;380976.0
Guyana;Female;2014;382395.0
Guyana;Rural;2014;561752.0
Guyana;Urban;2014;201641.0
Guyana;Total;2015;767432.0
Guyana;Male;2015;383717.0
Guyana;Female;2015;383716.0
Guyana;Rural;2015;565310.0
Guyana;Urban;2015;203204.0
Guyana;Total;2016;771368.0
Guyana;Male;2016;386262.0
Guyana;Female;2016;385101.0
Guyana;Rural;2016;568513.0
Guyana;Urban;2016;204790.0
Guyana;Total;2017;775222.0
Guyana;Male;2017;388678.0
Guyana;Female;2017;386540.0
Guyana;Rural;2017;571434.0
Guyana;Urban;2017;206425.0
Guyana;Total;2018;779006.0
Guyana;Male;2018;390999.0
Guyana;Female;2018;388008.0
Guyana;Rural;2018;574102.0
Guyana;Urban;2018;208123.0
Haiti;Total;2000;8463806.0
Haiti;Male;2000;4167535.0
Haiti;Female;2000;4296267.0
Haiti;Rural;2000;5505685.0
Haiti;Urban;2000;3043515.0
Haiti;Total;2001;8608819.0
Haiti;Male;2001;4239508.0
Haiti;Female;2001;4369302.0
Haiti;Rural;2001;5454493.0
Haiti;Urban;2001;3238074.0
Haiti;Total;2002;8754150.0
Haiti;Male;2002;4311673.0
Haiti;Female;2002;4442475.0
Haiti;Rural;2002;5394951.0
Haiti;Urban;2002;3439782.0
Haiti;Total;2003;8900104.0
Haiti;Male;2003;4384193.0
Haiti;Female;2003;4515915.0
Haiti;Rural;2003;5328009.0
Haiti;Urban;2003;3648543.0
Haiti;Total;2004;9047077.0
Haiti;Male;2004;4457288.0
Haiti;Female;2004;4589794.0
Haiti;Rural;2004;5318404.0
Haiti;Urban;2004;3800774.0
Haiti;Total;2005;9195288.0
Haiti;Male;2005;4531087.0
Haiti;Female;2005;4664202.0
Haiti;Rural;2005;5313686.0
Haiti;Urban;2005;3949718.0
Haiti;Total;2006;9344785.0
Haiti;Male;2006;4605611.0
Haiti;Female;2006;4739173.0
Haiti;Rural;2006;5306584.0
Haiti;Urban;2006;4102872.9999999995
Haiti;Total;2007;9495328.0
Haiti;Male;2007;4680726.0
Haiti;Female;2007;4814610.0
Haiti;Rural;2007;5296958.0
Haiti;Urban;2007;4259931.0
Haiti;Total;2008;9646580.0
Haiti;Male;2008;4756235.0
Haiti;Female;2008;4890335.0
Haiti;Rural;2008;5284322.0
Haiti;Urban;2008;4420707.0
Haiti;Total;2009;9798046.0
Haiti;Male;2009;4831903.0
Haiti;Female;2009;4966143.0
Haiti;Rural;2009;5268561.0
Haiti;Urban;2009;4584309.0
Haiti;Total;2010;9949322.0
Haiti;Male;2010;4907495.0
Haiti;Female;2010;5041823.0
Haiti;Rural;2010;5248935.0
Haiti;Urban;2010;4750682.0
Haiti;Total;2011;10100320.0
Haiti;Male;2011;4983003.0
Haiti;Female;2011;5117317.0
Haiti;Rural;2011;5225560.0
Haiti;Urban;2011;4919494.0
Haiti;Total;2012;10250930.0
Haiti;Male;2012;5058344.0
Haiti;Female;2012;5192578.0
Haiti;Rural;2012;5198418.0
Haiti;Urban;2012;5090792.0
Haiti;Total;2013;10400675.0
Haiti;Male;2013;5133166.0
Haiti;Female;2013;5267506.0
Haiti;Rural;2013;5167888.0
Haiti;Urban;2013;5263888.0
Haiti;Total;2014;10549009.0
Haiti;Male;2014;5207006.0
Haiti;Female;2014;5342001.0
Haiti;Rural;2014;5133539.0
Haiti;Urban;2014;5438927.0
Haiti;Total;2015;10695542.0
Haiti;Male;2015;5279570.0
Haiti;Female;2015;5415970.0
Haiti;Rural;2015;5095543.0
Haiti;Urban;2015;5615518.0
Haiti;Total;2016;10839970.0
Haiti;Male;2016;5350621.0
Haiti;Female;2016;5489355.0
Haiti;Rural;2016;5055343.0
Haiti;Urban;2016;5791991.0
Haiti;Total;2017;10982366.0
Haiti;Male;2017;5420284.0
Haiti;Female;2017;5562083.0
Haiti;Rural;2017;5013421.0
Haiti;Urban;2017;5967808.0
Haiti;Total;2018;11123178.0
Haiti;Male;2018;5489045.0
Haiti;Female;2018;5634138.0
Haiti;Rural;2018;4969937.0
Haiti;Urban;2018;6143008.0
Holy See;Total;2000;785.0
Holy See;Rural;2000;0.0
Holy See;Urban;2000;785.0
Holy See;Total;2001;788.0
Holy See;Rural;2001;0.0
Holy See;Urban;2001;788.0
Holy See;Total;2002;792.0
Holy See;Rural;2002;0.0
Holy See;Urban;2002;792.0
Holy See;Total;2003;798.0
Holy See;Rural;2003;0.0
Holy See;Urban;2003;798.0
Holy See;Total;2004;797.0
Holy See;Rural;2004;0.0
Holy See;Urban;2004;797.0
Holy See;Total;2005;798.0
Holy See;Rural;2005;0.0
Holy See;Urban;2005;798.0
Holy See;Total;2006;800.0
Holy See;Rural;2006;0.0
Holy See;Urban;2006;800.0
Holy See;Total;2007;796.0
Holy See;Rural;2007;0.0
Holy See;Urban;2007;796.0
Holy See;Total;2008;794.0
Holy See;Rural;2008;0.0
Holy See;Urban;2008;794.0
Holy See;Total;2009;795.0
Holy See;Rural;2009;0.0
Holy See;Urban;2009;795.0
Holy See;Total;2010;794.0
Holy See;Rural;2010;0.0
Holy See;Urban;2010;794.0
Holy See;Total;2011;796.0
Holy See;Rural;2011;0.0
Holy See;Urban;2011;796.0
Holy See;Total;2012;804.0
Holy See;Rural;2012;0.0
Holy See;Urban;2012;804.0
Holy See;Total;2013;801.0
Holy See;Rural;2013;0.0
Holy See;Urban;2013;801.0
Holy See;Total;2014;800.0
Holy See;Rural;2014;0.0
Holy See;Urban;2014;800.0
Holy See;Total;2015;803.0
Holy See;Rural;2015;0.0
Holy See;Urban;2015;803.0
Holy See;Total;2016;801.0
Holy See;Rural;2016;0.0
Holy See;Urban;2016;801.0
Holy See;Total;2017;793.0
Holy See;Rural;2017;0.0
Holy See;Urban;2017;792.0
Holy See;Total;2018;801.0
Holy See;Rural;2018;0.0
Holy See;Urban;2018;801.0
Honduras;Total;2000;6574509.0
Honduras;Male;2000;3269500.0
Honduras;Female;2000;3305010.0
Honduras;Rural;2000;3558472.0
Honduras;Urban;2000;2965811.0
Honduras;Total;2001;6751912.0
Honduras;Male;2001;3358624.0
Honduras;Female;2001;3393288.0
Honduras;Rural;2001;3616670.0
Honduras;Urban;2001;3076391.0
Honduras;Total;2002;6929265.0
Honduras;Male;2002;3447856.0
Honduras;Female;2002;3481411.0
Honduras;Rural;2002;3664258.0
Honduras;Urban;2002;3198899.0
Honduras;Total;2003;7106319.0
Honduras;Male;2003;3537044.0
Honduras;Female;2003;3569279.0
Honduras;Rural;2003;3709119.0
Honduras;Urban;2003;3324702.0
Honduras;Total;2004;7282953.0
Honduras;Male;2004;3626103.0
Honduras;Female;2004;3656850.0
Honduras;Rural;2004;3751429.0
Honduras;Urban;2004;3452724.0
Honduras;Total;2005;7458985.0
Honduras;Male;2005;3714932.0
Honduras;Female;2005;3744050.0
Honduras;Rural;2005;3791031.0
Honduras;Urban;2005;3582399.0
Honduras;Total;2006;7634298.0
Honduras;Male;2006;3803456.0
Honduras;Female;2006;3830839.0
Honduras;Rural;2006;3827638.0
Honduras;Urban;2006;3713768.0
Honduras;Total;2007;7808518.0
Honduras;Male;2007;3891488.0
Honduras;Female;2007;3917032.0
Honduras;Rural;2007;3861301.0
Honduras;Urban;2007;3846671.0
Honduras;Total;2008;7980955.0
Honduras;Male;2008;3978643.0
Honduras;Female;2008;4002312.0
Honduras;Rural;2008;3891762.0
Honduras;Urban;2008;3980896.0
Honduras;Total;2009;8150775.0
Honduras;Male;2009;4064461.0
Honduras;Female;2009;4086319.0
Honduras;Rural;2009;3919075.0
Honduras;Urban;2009;4115946.0
Honduras;Total;2010;8317469.999999999
Honduras;Male;2010;4148644.0
Honduras;Female;2010;4168823.0000000005
Honduras;Rural;2010;3942955.0
Honduras;Urban;2010;4251823.0
Honduras;Total;2011;8480671.0
Honduras;Male;2011;4231000.0
Honduras;Female;2011;4249670.0
Honduras;Rural;2011;3963389.0
Honduras;Urban;2011;4388211.0
Honduras;Total;2012;8640691.0
Honduras;Male;2012;4311692.0
Honduras;Female;2012;4329000.0
Honduras;Rural;2012;3980456.0
Honduras;Urban;2012;4525190.0
Honduras;Total;2013;8798521.0
Honduras;Male;2013;4391237.0
Honduras;Female;2013;4407287.0
Honduras;Rural;2013;3994867.0
Honduras;Urban;2013;4662918.0
Honduras;Total;2014;8955589.0
Honduras;Male;2014;4470384.0
Honduras;Female;2014;4485195.0
Honduras;Rural;2014;4006997.0
Honduras;Urban;2014;4802219.0
Honduras;Total;2015;9112916.0
Honduras;Male;2015;4549686.0
Honduras;Female;2015;4563218.0
Honduras;Rural;2015;4017554.0
Honduras;Urban;2015;4943275.0
Honduras;Total;2016;9270795.0
Honduras;Male;2016;4629297.0
Honduras;Female;2016;4641497.0
Honduras;Rural;2016;4026684.0
Honduras;Urban;2016;5086183.0
Honduras;Total;2017;9429013.0
Honduras;Male;2017;4709093.0
Honduras;Female;2017;4719923.0
Honduras;Rural;2017;4034310.0
Honduras;Urban;2017;5230757.0
Honduras;Total;2018;9587522.0
Honduras;Male;2018;4789031.0
Honduras;Female;2018;4798492.0
Honduras;Rural;2018;4040365.0
Honduras;Urban;2018;5376802.0
Hungary;Total;2000;10220507.0
Hungary;Male;2000;4862471.0
Hungary;Female;2000;5358038.0
Hungary;Rural;2000;3620820.0
Hungary;Urban;2000;6600231.0
Hungary;Total;2001;10193449.0
Hungary;Male;2001;4846373.0
Hungary;Female;2001;5347078.0
Hungary;Rural;2001;3601587.0
Hungary;Urban;2001;6592418.0
Hungary;Total;2002;10167283.0
Hungary;Male;2002;4830998.0
Hungary;Female;2002;5336288.0
Hungary;Rural;2002;3550560.0
Hungary;Urban;2002;6617312.0
Hungary;Total;2003;10141342.0
Hungary;Male;2003;4816102.0
Hungary;Female;2003;5325239.0
Hungary;Rural;2003;3500049.0
Hungary;Urban;2003;6641907.0
Hungary;Total;2004;10114480.0
Hungary;Male;2004;4801245.0
Hungary;Female;2004;5313236.0
Hungary;Rural;2004;3449597.0
Hungary;Urban;2004;6665484.0
Hungary;Total;2005;10085937.0
Hungary;Male;2005;4786137.0
Hungary;Female;2005;5299805.0
Hungary;Rural;2005;3392629.0
Hungary;Urban;2005;6693836.0
Hungary;Total;2006;10055653.0
Hungary;Male;2006;4770751.0
Hungary;Female;2006;5284906.0
Hungary;Rural;2006;3329016.0
Hungary;Urban;2006;6726881.0
Hungary;Total;2007;10024149.0
Hungary;Male;2007;4755309.0
Hungary;Female;2007;5268849.0
Hungary;Rural;2007;3265684.0
Hungary;Urban;2007;6758203.0
Hungary;Total;2008;9991867.0
Hungary;Male;2008;4739965.0
Hungary;Female;2008;5251902.0
Hungary;Rural;2008;3202837.0
Hungary;Urban;2008;6788364.0
Hungary;Total;2009;9959439.0
Hungary;Male;2009;4724961.0
Hungary;Female;2009;5234478.0
Hungary;Rural;2009;3141050.0
Hungary;Urban;2009;6817892.0
Hungary;Total;2010;9927370.0
Hungary;Male;2010;4710471.0
Hungary;Female;2010;5216909.0
Hungary;Rural;2010;3086495.0
Hungary;Urban;2010;6841345.0
Hungary;Total;2011;9895680.0
Hungary;Male;2011;4696484.0
Hungary;Female;2011;5199205.0
Hungary;Rural;2011;3033021.0
Hungary;Urban;2011;6865183.0
Hungary;Total;2012;9864358.0
Hungary;Male;2012;4682975.0
Hungary;Female;2012;5181388.0
Hungary;Rural;2012;2992731.0
Hungary;Urban;2012;6876953.0
Hungary;Total;2013;9833923.0
Hungary;Male;2013;4670088.0
Hungary;Female;2013;5163835.0
Hungary;Rural;2013;2957147.0
Hungary;Urban;2013;6884550.0
Hungary;Total;2014;9804991.0
Hungary;Male;2014;4657973.0
Hungary;Female;2014;5147018.0
Hungary;Rural;2014;2921708.0
Hungary;Urban;2014;6891627.0
Hungary;Total;2015;9777923.0
Hungary;Male;2015;4646716.0
Hungary;Female;2015;5131209.0
Hungary;Rural;2015;2886258.0
Hungary;Urban;2015;6897667.0
Hungary;Total;2016;9752975.0
Hungary;Male;2016;4636375.0
Hungary;Female;2016;5116595.0
Hungary;Rural;2016;2850043.0
Hungary;Urban;2016;6903238.0
Hungary;Total;2017;9729823.0
Hungary;Male;2017;4626816.0
Hungary;Female;2017;5103006.0
Hungary;Rural;2017;2813212.0
Hungary;Urban;2017;6908347.0
Hungary;Total;2018;9707499.0
Hungary;Male;2018;4617623.0
Hungary;Female;2018;5089879.0
Hungary;Rural;2018;2775785.0
Hungary;Urban;2018;6913062.0
Iceland;Total;2000;280435.0
Iceland;Male;2000;140339.0
Iceland;Female;2000;140100.0
Iceland;Rural;2000;21310.0
Iceland;Urban;2000;259125.0
Iceland;Total;2001;282907.0
Iceland;Male;2001;141570.0
Iceland;Female;2001;141340.0
Iceland;Rural;2001;21127.0
Iceland;Urban;2001;261779.99999999997
Iceland;Total;2002;285329.0
Iceland;Male;2002;142809.0
Iceland;Female;2002;142520.0
Iceland;Rural;2002;20939.0
Iceland;Urban;2002;264390.0
Iceland;Total;2003;287952.0
Iceland;Male;2003;144174.0
Iceland;Female;2003;143781.0
Iceland;Rural;2003;20765.0
Iceland;Urban;2003;267187.0
Iceland;Total;2004;291104.0
Iceland;Male;2004;145843.0
Iceland;Female;2004;145259.0
Iceland;Rural;2004;20627.0
Iceland;Urban;2004;270477.0
Iceland;Total;2005;294979.0
Iceland;Male;2005;147906.0
Iceland;Female;2005;147070.0
Iceland;Rural;2005;20539.0
Iceland;Urban;2005;274440.0
Iceland;Total;2006;299720.0
Iceland;Male;2006;150454.0
Iceland;Female;2006;149273.0
Iceland;Rural;2006;20506.0
Iceland;Urban;2006;279222.0
Iceland;Total;2007;305183.0
Iceland;Male;2007;153387.0
Iceland;Female;2007;151794.0
Iceland;Rural;2007;20516.0
Iceland;Urban;2007;284684.0
Iceland;Total;2008;310856.0
Iceland;Male;2008;156427.0
Iceland;Female;2008;154428.0
Iceland;Rural;2008;20533.0
Iceland;Urban;2008;290351.0
Iceland;Total;2009;316062.0
Iceland;Male;2009;159180.0
Iceland;Female;2009;156877.0
Iceland;Rural;2009;20512.0
Iceland;Urban;2009;295574.0
Iceland;Total;2010;320328.0
Iceland;Male;2010;161382.0
Iceland;Female;2010;158960.0
Iceland;Rural;2010;20583.0
Iceland;Urban;2010;299745.0
Iceland;Total;2011;323474.0
Iceland;Male;2011;162904.0
Iceland;Female;2011;160567.0
Iceland;Rural;2011;20740.0
Iceland;Urban;2011;302678.0
Iceland;Total;2012;325652.0
Iceland;Male;2012;163852.0
Iceland;Female;2012;161790.0
Iceland;Rural;2012;20834.0
Iceland;Urban;2012;304692.0
Iceland;Total;2013;327187.0
Iceland;Male;2013;164446.0
Iceland;Female;2013;162748.0
Iceland;Rural;2013;20820.0
Iceland;Urban;2013;306209.0
Iceland;Total;2014;328594.0
Iceland;Male;2014;164973.0
Iceland;Female;2014;163619.0
Iceland;Rural;2014;20802.0
Iceland;Urban;2014;307657.0
Iceland;Total;2015;330243.0
Iceland;Male;2015;165685.0
Iceland;Female;2015;164552.0
Iceland;Rural;2015;20805.0
Iceland;Urban;2015;309438.0
Iceland;Total;2016;332206.0
Iceland;Male;2016;166644.0
Iceland;Female;2016;165565.0
Iceland;Rural;2016;20828.0
Iceland;Urban;2016;311646.0
Iceland;Total;2017;334393.0
Iceland;Male;2017;167761.0
Iceland;Female;2017;166634.0
Iceland;Rural;2017;20862.0
Iceland;Urban;2017;314163.0
Iceland;Total;2018;336713.0
Iceland;Male;2018;168990.0
Iceland;Female;2018;167722.0
Iceland;Rural;2018;20899.0
Iceland;Urban;2018;316881.0
India;Total;2000;1056575549.0000001
India;Male;2000;549387864.0
India;Female;2000;507187684.0
India;Rural;2000;761700630.0
India;Urban;2000;291350282.0
India;Total;2001;1075000085.0
India;Male;2001;559042845.0
India;Female;2001;515957249.0
India;Rural;2001;772339048.0
India;Urban;2001;299138807.0
India;Total;2002;1093317189.0
India;Male;2002;568640650.0
India;Female;2002;524676537.0
India;Rural;2002;782001968.0
India;Urban;2002;307805144.0
India;Total;2003;1111523144.0
India;Male;2003;578176499.0
India;Female;2003;533346647.0
India;Rural;2003;791442579.0
India;Urban;2003;316585269.0
India;Total;2004;1129623456.0
India;Male;2004;587649484.0
India;Female;2004;541973982.0
India;Rural;2004;800652720.0
India;Urban;2004;325483057.0
India;Total;2005;1147609927.0
India;Male;2005;597052213.0
India;Female;2005;550557711.0
India;Rural;2005;809639268.0
India;Urban;2005;334479406.0
India;Total;2006;1165486291.0
India;Male;2006;606386475.0
India;Female;2006;559099816.0
India;Rural;2006;818387902.0
India;Urban;2006;343589817.0
India;Total;2007;1183209472.0
India;Male;2007;615629520.0
India;Female;2007;567579951.0
India;Rural;2007;826881860.0
India;Urban;2007;352799379.0
India;Total;2008;1200669765.0
India;Male;2008;624720983.0
India;Female;2008;575948779.0
India;Rural;2008;835058767.0
India;Urban;2008;362088139.0
India;Total;2009;1217726215.0
India;Male;2009;633583576.0
India;Female;2009;584142641.0
India;Rural;2009;842864409.0
India;Urban;2009;371405723.0
India;Total;2010;1234281170.0
India;Male;2010;642164181.0
India;Female;2010;592116982.0
India;Rural;2010;850236137.0
India;Urban;2010;380744554.0
India;Total;2011;1250287943.0
India;Male;2011;650436593.0
India;Female;2011;599851346.0
India;Rural;2011;857153804.0
India;Urban;2011;390082225.0
India;Total;2012;1265780247.0
India;Male;2012;658420351.0
India;Female;2012;607359892.0
India;Rural;2012;863513505.0
India;Urban;2012;399552347.0
India;Total;2013;1280842125.0
India;Male;2013;666165661.0
India;Female;2013;614676458.0
India;Rural;2013;869387533.0
India;Urban;2013;409174674.0
India;Total;2014;1295600772.0
India;Male;2014;673747770.0
India;Female;2014;621852998.0
India;Rural;2014;874857621.0
India;Urban;2014;419001673.0
India;Total;2015;1310152403.0
India;Male;2015;681223332.0
India;Female;2015;628929060.0
India;Rural;2015;879984521.0
India;Urban;2015;429069459.0
India;Total;2016;1324517249.0
India;Male;2016;688604687.0
India;Female;2016;635912563.0
India;Rural;2016;884779655.0
India;Urban;2016;439391699.0
India;Total;2017;1338676785.0
India;Male;2017;695880522.0
India;Female;2017;642796257.0
India;Rural;2017;889216746.0
India;Urban;2017;449963381.0
India;Total;2018;1352642280.0
India;Male;2018;703055580.0
India;Female;2018;649586703.0
India;Rural;2018;893272090.0
India;Urban;2018;460779764.0
Indonesia;Total;2000;211513823.0
Indonesia;Male;2000;105853827.0
Indonesia;Female;2000;105659995.0
Indonesia;Rural;2000;122688942.0
Indonesia;Urban;2000;88851487.0
Indonesia;Total;2001;214427417.0
Indonesia;Male;2001;107361267.0
Indonesia;Female;2001;107066152.0
Indonesia;Rural;2001;122734809.0
Indonesia;Urban;2001;91771693.0
Indonesia;Total;2002;217357793.0
Indonesia;Male;2002;108887177.0
Indonesia;Female;2002;108470613.0
Indonesia;Rural;2002;122744187.0
Indonesia;Urban;2002;94763872.0
Indonesia;Total;2003;220309469.0
Indonesia;Male;2003;110433476.0
Indonesia;Female;2003;109875997.0
Indonesia;Rural;2003;122719089.0
Indonesia;Urban;2003;97826125.0
Indonesia;Total;2004;223285676.0
Indonesia;Male;2004;112001701.0
Indonesia;Female;2004;111283965.0
Indonesia;Rural;2004;122654979.0
Indonesia;Urban;2004;100959670.0
Indonesia;Total;2005;226289470.0
Indonesia;Male;2005;113592387.0
Indonesia;Female;2005;112697081.0
Indonesia;Rural;2005;122557076.0
Indonesia;Urban;2005;104155654.0
Indonesia;Total;2006;229318262.0
Indonesia;Male;2006;115204868.0
Indonesia;Female;2006;114113394.0
Indonesia;Rural;2006;122417389.0
Indonesia;Urban;2006;107420813.0
Indonesia;Total;2007;232374245.0
Indonesia;Male;2007;116837197.0
Indonesia;Female;2007;115537042.0
Indonesia;Rural;2007;122237436.0
Indonesia;Urban;2007;110751705.0
Indonesia;Total;2008;235469762.0
Indonesia;Male;2008;118486533.0
Indonesia;Female;2008;116983222.0
Indonesia;Rural;2008;122011566.0
Indonesia;Urban;2008;114147710.0
Indonesia;Total;2009;238620563.0
Indonesia;Male;2009;120149067.0
Indonesia;Female;2009;118471487.0
Indonesia;Rural;2009;121743839.0
Indonesia;Urban;2009;117596639.0
Indonesia;Total;2010;241834215.0
Indonesia;Male;2010;121820505.0
Indonesia;Female;2010;120013721.0
Indonesia;Rural;2010;121471143.0
Indonesia;Urban;2010;121052980.0
Indonesia;Total;2011;245115987.0
Indonesia;Male;2011;123499269.0
Indonesia;Female;2011;121616719.0
Indonesia;Rural;2011;121392687.0
Indonesia;Urban;2011;124314824.0
Indonesia;Total;2012;248451722.0
Indonesia;Male;2012;125181058.0
Indonesia;Female;2012;123270656.0
Indonesia;Rural;2012;121265363.0
Indonesia;Urban;2012;127617869.0
Indonesia;Total;2013;251805307.0
Indonesia;Male;2013;126855422.0
Indonesia;Female;2013;124949892.0
Indonesia;Rural;2013;121087842.0
Indonesia;Urban;2013;130944421.0
Indonesia;Total;2014;255128076.0
Indonesia;Male;2014;128509365.0
Indonesia;Female;2014;126618711.0
Indonesia;Rural;2014;120843234.0
Indonesia;Urban;2014;134287882.0
Indonesia;Total;2015;258383256.0
Indonesia;Male;2015;130132842.0
Indonesia;Female;2015;128250415.0
Indonesia;Rural;2015;120527352.0
Indonesia;Urban;2015;137634761.0
Indonesia;Total;2016;261556381.0
Indonesia;Male;2016;131720864.0
Indonesia;Female;2016;129835522.0
Indonesia;Rural;2016;120142531.0
Indonesia;Urban;2016;140972925.0
Indonesia;Total;2017;264650963.0
Indonesia;Male;2017;133272786.0
Indonesia;Female;2017;131378182.99999999
Indonesia;Rural;2017;119696518.0
Indonesia;Urban;2017;144294861.0
Indonesia;Total;2018;267670543.0
Indonesia;Male;2018;134788497.0
Indonesia;Female;2018;132882052.0
Indonesia;Rural;2018;119191974.0
Indonesia;Urban;2018;147603006.0
Iran (Islamic Republic of);Total;2000;65623405.0
Iran (Islamic Republic of);Male;2000;33387552.000000004
Iran (Islamic Republic of);Female;2000;32235845.0
Iran (Islamic Republic of);Rural;2000;23779764.0
Iran (Islamic Republic of);Urban;2000;42352090.0
Iran (Islamic Republic of);Total;2001;66449111.99999999
Iran (Islamic Republic of);Male;2001;33813998.0
Iran (Islamic Republic of);Female;2001;32635113.0
Iran (Islamic Republic of);Rural;2001;23646162.0
Iran (Islamic Republic of);Urban;2001;43450252.0
Iran (Islamic Republic of);Total;2002;67284796.0
Iran (Islamic Republic of);Male;2002;34252349.0
Iran (Islamic Republic of);Female;2002;33032451.999999996
Iran (Islamic Republic of);Rural;2002;23475745.0
Iran (Islamic Republic of);Urban;2002;44507585.0
Iran (Islamic Republic of);Total;2003;68122938.0
Iran (Islamic Republic of);Male;2003;34689329.0
Iran (Islamic Republic of);Female;2003;33433618.000000004
Iran (Islamic Republic of);Rural;2003;23277974.0
Iran (Islamic Republic of);Urban;2003;45534739.0
Iran (Islamic Republic of);Total;2004;68951281.0
Iran (Islamic Republic of);Male;2004;35105750.0
Iran (Islamic Republic of);Female;2004;33845529.0
Iran (Islamic Republic of);Rural;2004;23064517.0
Iran (Islamic Republic of);Urban;2004;46552583.0
Iran (Islamic Republic of);Total;2005;69762347.0
Iran (Islamic Republic of);Male;2005;35489609.0
Iran (Islamic Republic of);Female;2005;34272736.0
Iran (Islamic Republic of);Rural;2005;22846437.0
Iran (Islamic Republic of);Urban;2005;47575374.0
Iran (Islamic Republic of);Total;2006;70554760.0
Iran (Islamic Republic of);Male;2006;35834475.0
Iran (Islamic Republic of);Female;2006;34720281.0
Iran (Islamic Republic of);Rural;2006;22622393.0
Iran (Islamic Republic of);Urban;2006;48605487.0
Iran (Islamic Republic of);Total;2007;71336475.0
Iran (Islamic Republic of);Male;2007;36149941.0
Iran (Islamic Republic of);Female;2007;35186535.0
Iran (Islamic Republic of);Rural;2007;22427746.0
Iran (Islamic Republic of);Urban;2007;49603357.0
Iran (Islamic Republic of);Total;2008;72120604.0
Iran (Islamic Republic of);Male;2008;36459379.0
Iran (Islamic Republic of);Female;2008;35661229.0
Iran (Islamic Republic of);Rural;2008;22248124.0
Iran (Islamic Republic of);Urban;2008;50597418.0
Iran (Islamic Republic of);Total;2009;72924837.0
Iran (Islamic Republic of);Male;2009;36795158.0
Iran (Islamic Republic of);Female;2009;36129675.0
Iran (Islamic Republic of);Rural;2009;22072992.0
Iran (Islamic Republic of);Urban;2009;51614573.0
Iran (Islamic Republic of);Total;2010;73762519.0
Iran (Islamic Republic of);Male;2010;37180190.0
Iran (Islamic Republic of);Female;2010;36582329.0
Iran (Islamic Republic of);Rural;2010;21903373.0
Iran (Islamic Republic of);Urban;2010;52664138.0
Iran (Islamic Republic of);Total;2011;74634957.0
Iran (Islamic Republic of);Male;2011;37622122.0
Iran (Islamic Republic of);Female;2011;37012837.0
Iran (Islamic Republic of);Rural;2011;21741243.0
Iran (Islamic Republic of);Urban;2011;53750339.0
Iran (Islamic Republic of);Total;2012;75539878.0
Iran (Islamic Republic of);Male;2012;38112878.0
Iran (Islamic Republic of);Female;2012;37427003.0
Iran (Islamic Republic of);Rural;2012;21594353.0
Iran (Islamic Republic of);Urban;2012;54859221.0
Iran (Islamic Republic of);Total;2013;76481961.0
Iran (Islamic Republic of);Male;2013;38640056.0
Iran (Islamic Republic of);Female;2013;37841907.0
Iran (Islamic Republic of);Rural;2013;21453348.0
Iran (Islamic Republic of);Urban;2013;55982036.0
Iran (Islamic Republic of);Total;2014;77465770.0
Iran (Islamic Republic of);Male;2014;39184203.0
Iran (Islamic Republic of);Female;2014;38281566.0
Iran (Islamic Republic of);Rural;2014;21304537.0
Iran (Islamic Republic of);Urban;2014;57106555.0
Iran (Islamic Republic of);Total;2015;78492215.0
Iran (Islamic Republic of);Male;2015;39730143.0
Iran (Islamic Republic of);Female;2015;38762065.0
Iran (Islamic Republic of);Rural;2015;21143455.0
Iran (Islamic Republic of);Urban;2015;58217032.0
Iran (Islamic Republic of);Total;2016;79563989.0
Iran (Islamic Republic of);Male;2016;40274534.0
Iran (Islamic Republic of);Female;2016;39289457.0
Iran (Islamic Republic of);Rural;2016;20968583.0
Iran (Islamic Republic of);Urban;2016;59308845.0
Iran (Islamic Republic of);Total;2017;80673883.0
Iran (Islamic Republic of);Male;2017;40818986.0
Iran (Islamic Republic of);Female;2017;39854902.0
Iran (Islamic Republic of);Rural;2017;20782600.0
Iran (Islamic Republic of);Urban;2017;60380188.0
Iran (Islamic Republic of);Total;2018;81800188.0
Iran (Islamic Republic of);Male;2018;41358895.0
Iran (Islamic Republic of);Female;2018;40441309.0
Iran (Islamic Republic of);Rural;2018;20586680.0
Iran (Islamic Republic of);Urban;2018;61425055.0
Iraq;Total;2000;23497585.0
Iraq;Male;2000;11852484.0
Iraq;Female;2000;11645105.0
Iraq;Rural;2000;7423961.0
Iraq;Urban;2000;16141452.0
Iraq;Total;2001;24208180.0
Iraq;Male;2001;12214371.0
Iraq;Female;2001;11993807.0
Iraq;Rural;2001;7627084.0
Iraq;Urban;2001;16624564.999999998
Iraq;Total;2002;24931919.0
Iraq;Male;2002;12583917.0
Iraq;Female;2002;12348005.0
Iraq;Rural;2002;7829905.0
Iraq;Urban;2002;17109394.0
Iraq;Total;2003;25644499.0
Iraq;Male;2003;12948137.0
Iraq;Female;2003;12696366.0
Iraq;Rural;2003;8032210.0
Iraq;Urban;2003;17595416.0
Iraq;Total;2004;26313838.0
Iraq;Male;2004;13289867.0
Iraq;Female;2004;13023971.0
Iraq;Rural;2004;8233973.0
Iraq;Urban;2004;18082636.0
Iraq;Total;2005;26922284.0
Iraq;Male;2005;13599537.0
Iraq;Female;2005;13322742.0
Iraq;Rural;2005;8435932.0
Iraq;Urban;2005;18572494.0
Iraq;Total;2006;27448124.0
Iraq;Male;2006;13865899.0
Iraq;Female;2006;13582225.0
Iraq;Rural;2006;8636414.0
Iraq;Urban;2006;19061498.0
Iraq;Total;2007;27911248.0
Iraq;Male;2007;14099293.0
Iraq;Female;2007;13811949.0
Iraq;Rural;2007;8837116.0
Iraq;Urban;2007;19553317.0
Iraq;Total;2008;28385746.0
Iraq;Male;2008;14337817.0
Iraq;Female;2008;14047922.0
Iraq;Rural;2008;9045912.0
Iraq;Urban;2008;20065505.0
Iraq;Total;2009;28973162.0
Iraq;Male;2009;14633765.0
Iraq;Female;2009;14339392.0
Iraq;Rural;2009;9273303.0
Iraq;Urban;2009;20621349.0
Iraq;Total;2010;29741976.0
Iraq;Male;2010;15022419.0
Iraq;Female;2010;14719558.0
Iraq;Rural;2010;9504630.0
Iraq;Urban;2010;21258071.0
Iraq;Total;2011;30725300.0
Iraq;Male;2011;15520711.0
Iraq;Female;2011;15204594.0
Iraq;Rural;2011;9750420.0
Iraq;Urban;2011;21976633.0
Iraq;Total;2012;31890011.0
Iraq;Male;2012;16111683.0
Iraq;Female;2012;15778329.0
Iraq;Rural;2012;10019158.0
Iraq;Urban;2012;22757413.0
Iraq;Total;2013;33157050.000000004
Iraq;Male;2013;16755233.0
Iraq;Female;2013;16401828.000000002
Iraq;Rural;2013;10302117.0
Iraq;Urban;2013;23581028.0
Iraq;Total;2014;34411951.0
Iraq;Male;2014;17393213.0
Iraq;Female;2014;17018736.0
Iraq;Rural;2014;10586506.0
Iraq;Urban;2014;24419574.0
Iraq;Total;2015;35572261.0
Iraq;Male;2015;17983741.0
Iraq;Female;2015;17588528.0
Iraq;Rural;2015;10863394.0
Iraq;Urban;2015;25252255.0
Iraq;Total;2016;36610632.0
Iraq;Male;2016;18512965.0
Iraq;Female;2016;18097667.0
Iraq;Rural;2016;11125775.0
Iraq;Urban;2016;26076797.0
Iraq;Total;2017;37552781.0
Iraq;Male;2017;18993936.0
Iraq;Female;2017;18558853.0
Iraq;Rural;2017;11375936.0
Iraq;Urban;2017;26898682.0
Iraq;Total;2018;38433600.0
Iraq;Male;2018;19444067.0
Iraq;Female;2018;18989537.0
Iraq;Rural;2018;11615946.0
Iraq;Urban;2018;27723807.0
Ireland;Total;2000;3783103.0
Ireland;Male;2000;1880471.0
Ireland;Female;2000;1902624.0
Ireland;Rural;2000;1572038.0
Ireland;Urban;2000;2276738.0
Ireland;Total;2001;3842245.0
Ireland;Male;2001;1911706.0
Ireland;Female;2001;1930547.0
Ireland;Rural;2001;1587218.0
Ireland;Urban;2001;2322075.0
Ireland;Total;2002;3907998.0
Ireland;Male;2002;1946692.0
Ireland;Female;2002;1961303.0
Ireland;Rural;2002;1604488.0
Ireland;Urban;2002;2371800.0
Ireland;Total;2003;3980076.0
Ireland;Male;2003;1984854.0
Ireland;Female;2003;1995223.0
Ireland;Rural;2003;1622840.0
Ireland;Urban;2003;2426707.0
Ireland;Total;2004;4058130.0
Ireland;Male;2004;2025362.0
Ireland;Female;2004;2032769.0
Ireland;Rural;2004;1643163.0
Ireland;Urban;2004;2485586.0
Ireland;Total;2005;4141223.0
Ireland;Male;2005;2067315.0
Ireland;Female;2005;2073902.9999999998
Ireland;Rural;2005;1665092.0
Ireland;Urban;2005;2547885.0
Ireland;Total;2006;4230623.0
Ireland;Male;2006;2111195.0
Ireland;Female;2006;2119424.0
Ireland;Rural;2006;1689583.0
Ireland;Urban;2006;2613787.0
Ireland;Total;2007;4324641.0
Ireland;Male;2007;2156344.0
Ireland;Female;2007;2168305.0
Ireland;Rural;2007;1717899.0
Ireland;Urban;2007;2680174.0
Ireland;Total;2008;4415872.0
Ireland;Male;2008;2199352.0
Ireland;Female;2008;2216519.0
Ireland;Rural;2008;1744599.0
Ireland;Urban;2008;2744990.0
Ireland;Total;2009;4494576.0
Ireland;Male;2009;2235827.0
Ireland;Female;2009;2258745.0
Ireland;Rural;2009;1765932.0
Ireland;Urban;2009;2802132.0
Ireland;Total;2010;4554321.0
Ireland;Male;2010;2262942.0
Ireland;Female;2010;2291388.0
Ireland;Rural;2010;1779414.0
Ireland;Urban;2010;2847514.0
Ireland;Total;2011;4591105.0
Ireland;Male;2011;2278713.0
Ireland;Female;2011;2312402.0
Ireland;Rural;2011;1783796.0
Ireland;Urban;2011;2878783.0
Ireland;Total;2012;4608198.0
Ireland;Male;2012;2284748.0
Ireland;Female;2012;2323451.0
Ireland;Rural;2012;1780388.0
Ireland;Urban;2012;2897729.0
Ireland;Total;2013;4615422.0
Ireland;Male;2013;2286216.0
Ireland;Female;2013;2329210.0
Ireland;Rural;2013;1772537.0
Ireland;Urban;2013;2909430.0
Ireland;Total;2014;4626844.0
Ireland;Male;2014;2290426.0
Ireland;Female;2014;2336426.0
Ireland;Rural;2014;1764876.0
Ireland;Urban;2014;2921471.0
Ireland;Total;2015;4652425.0
Ireland;Male;2015;2302544.0
Ireland;Female;2015;2349876.0
Ireland;Rural;2015;1760732.0
Ireland;Urban;2015;2939375.0
Ireland;Total;2016;4695779.0
Ireland;Male;2016;2324524.0
Ireland;Female;2016;2371266.0
Ireland;Rural;2016;1761090.0
Ireland;Urban;2016;2964988.0
Ireland;Total;2017;4753279.0
Ireland;Male;2017;2354447.0
Ireland;Female;2017;2398834.0
Ireland;Rural;2017;1764335.0
Ireland;Urban;2017;2997322.0
Ireland;Total;2018;4818690.0
Ireland;Male;2018;2388843.0
Ireland;Female;2018;2429851.0
Ireland;Rural;2018;1769220.0
Ireland;Urban;2018;3034528.0
Isle of Man;Total;2000;76941.0
Isle of Man;Rural;2000;34954.0
Isle of Man;Urban;2000;37600.0
Isle of Man;Total;2001;77703.0
Isle of Man;Rural;2001;35254.0
Isle of Man;Urban;2001;37938.0
Isle of Man;Total;2002;78318.0
Isle of Man;Rural;2002;35568.0
Isle of Man;Urban;2002;38302.0
Isle of Man;Total;2003;78884.0
Isle of Man;Rural;2003;35900.0
Isle of Man;Urban;2003;38687.0
Isle of Man;Total;2004;79520.0
Isle of Man;Rural;2004;36249.0
Isle of Man;Urban;2004;39092.0
Isle of Man;Total;2005;80305.0
Isle of Man;Rural;2005;36609.0
Isle of Man;Urban;2005;39509.0
Isle of Man;Total;2006;81285.0
Isle of Man;Rural;2006;36978.0
Isle of Man;Urban;2006;39936.0
Isle of Man;Total;2007;82408.0
Isle of Man;Rural;2007;37355.0
Isle of Man;Urban;2007;40372.0
Isle of Man;Total;2008;83508.0
Isle of Man;Rural;2008;37729.0
Isle of Man;Urban;2008;40805.0
Isle of Man;Total;2009;84376.0
Isle of Man;Rural;2009;38095.0
Isle of Man;Urban;2009;41230.0
Isle of Man;Total;2010;84857.0
Isle of Man;Rural;2010;38439.0
Isle of Man;Urban;2010;41633.0
Isle of Man;Total;2011;84886.0
Isle of Man;Rural;2011;38755.0
Isle of Man;Urban;2011;42004.0
Isle of Man;Total;2012;84533.0
Isle of Man;Rural;2012;39038.0
Isle of Man;Urban;2012;42368.0
Isle of Man;Total;2013;83976.0
Isle of Man;Rural;2013;39288.0
Isle of Man;Urban;2013;42725.0
Isle of Man;Total;2014;83488.0
Isle of Man;Rural;2014;39509.0
Isle of Man;Urban;2014;43081.0
Isle of Man;Total;2015;83234.0
Isle of Man;Rural;2015;39717.0
Isle of Man;Urban;2015;43450.0
Isle of Man;Total;2016;83287.0
Isle of Man;Rural;2016;39907.0
Isle of Man;Urban;2016;43830.0
Isle of Man;Total;2017;83598.0
Isle of Man;Rural;2017;40072.0
Isle of Man;Urban;2017;44215.0
Isle of Man;Total;2018;84077.0
Isle of Man;Rural;2018;40220.0
Isle of Man;Urban;2018;44611.0
Israel;Total;2000;5945950.0
Israel;Male;2000;2929826.0
Israel;Female;2000;3016123.0
Israel;Rural;2000;529030.0
Israel;Urban;2000;5484711.0
Israel;Total;2001;6060676.0
Israel;Male;2001;2986543.0
Israel;Female;2001;3074136.0
Israel;Rural;2001;535306.0
Israel;Urban;2001;5594224.0
Israel;Total;2002;6169313.0
Israel;Male;2002;3040643.0
Israel;Female;2002;3128668.0
Israel;Rural;2002;540933.0
Israel;Urban;2002;5698352.0
Israel;Total;2003;6278374.0
Israel;Male;2003;3095189.0
Israel;Female;2003;3183185.0
Israel;Rural;2003;546487.0
Israel;Urban;2003;5803032.0
Israel;Total;2004;6396514.0
Israel;Male;2004;3154277.0
Israel;Female;2004;3242234.0
Israel;Rural;2004;552700.0
Israel;Urban;2004;5916127.0
Israel;Total;2005;6529479.0
Israel;Male;2005;3220635.0
Israel;Female;2005;3308835.0
Israel;Rural;2005;560059.0
Israel;Urban;2005;6042911.0
Israel;Total;2006;6680637.0
Israel;Male;2006;3295831.0
Israel;Female;2006;3384810.0
Israel;Rural;2006;568798.0
Israel;Urban;2006;6186413.0
Israel;Total;2007;6847141.0
Israel;Male;2007;3378496.0
Israel;Female;2007;3468652.0
Israel;Rural;2007;578650.0
Israel;Urban;2007;6344035.0
Israel;Total;2008;7020836.0
Israel;Male;2008;3464822.0
Israel;Female;2008;3556010.0
Israel;Rural;2008;588921.0
Israel;Urban;2008;6508489.0
Israel;Total;2009;7190034.0
Israel;Male;2009;3549375.0
Israel;Female;2009;3640662.0
Israel;Rural;2009;598671.0
Israel;Urban;2009;6669224.0
Israel;Total;2010;7346446.0
Israel;Male;2010;3628248.0
Israel;Female;2010;3718198.0
Israel;Rural;2010;606998.0
Israel;Urban;2010;6818961.0
Israel;Total;2011;7487100.0
Israel;Male;2011;3700073.0
Israel;Female;2011;3787022.0
Israel;Rural;2011;613695.0
Israel;Urban;2011;6955079.0
Israel;Total;2012;7614952.0
Israel;Male;2012;3766191.0
Israel;Female;2012;3848755.0
Israel;Rural;2012;619009.0
Israel;Urban;2012;7080096.0
Israel;Total;2013;7734841.0
Israel;Male;2013;3828820.0
Israel;Female;2013;3906014.0
Israel;Rural;2013;623292.0
Israel;Urban;2013;7197813.0
Israel;Total;2014;7854213.0
Israel;Male;2014;3891374.0
Israel;Female;2014;3962842.0
Israel;Rural;2014;627075.0
Israel;Urban;2014;7314254.0
Israel;Total;2015;7978490.0
Israel;Male;2015;3956334.0
Israel;Female;2015;4022162.0
Israel;Rural;2015;630733.0
Israel;Urban;2015;7433814.0
Israel;Total;2016;8108985.0
Israel;Male;2016;4024280.0
Israel;Female;2016;4084704.0
Israel;Rural;2016;634341.0
Israel;Urban;2016;7557487.0
Israel;Total;2017;8243848.0
Israel;Male;2017;4094342.0
Israel;Female;2017;4149506.9999999995
Israel;Rural;2017;637763.0
Israel;Urban;2017;7683807.0
Israel;Total;2018;8381516.0
Israel;Male;2018;4165765.9999999995
Israel;Female;2018;4215741.0
Israel;Rural;2018;640922.0
Israel;Urban;2018;7811919.0
Italy;Total;2000;56692178.0
Italy;Male;2000;27434614.0
Italy;Female;2000;29257564.0
Italy;Rural;2000;18779731.0
Italy;Urban;2000;38513990.0
Italy;Total;2001;56875147.0
Italy;Male;2001;27534288.0
Italy;Female;2001;29340860.0
Italy;Rural;2001;18815119.0
Italy;Urban;2001;38691248.0
Italy;Total;2002;57182519.0
Italy;Male;2002;27706391.0
Italy;Female;2002;29476130.0
Italy;Rural;2002;18853502.0
Italy;Urban;2002;38948261.0
Italy;Total;2003;57564588.0
Italy;Male;2003;27919222.0
Italy;Female;2003;29645367.0
Italy;Rural;2003;18897042.0
Italy;Urban;2003;39249995.0
Italy;Total;2004;57948424.0
Italy;Male;2004;28126662.0
Italy;Female;2004;29821759.0
Italy;Rural;2004;18940573.0
Italy;Urban;2004;39554131.0
Italy;Total;2005;58281212.0
Italy;Male;2005;28295735.0
Italy;Female;2005;29985474.0
Italy;Rural;2005;18972670.0
Italy;Urban;2005;39835813.0
Italy;Total;2006;58542619.0
Italy;Male;2006;28413404.0
Italy;Female;2006;30129215.0
Italy;Rural;2006;18990436.0
Italy;Urban;2006;40089433.0
Italy;Total;2007;58747861.0
Italy;Male;2007;28490431.0
Italy;Female;2007;30257431.0
Italy;Rural;2007;18995609.0
Italy;Urban;2007;40317902.0
Italy;Total;2008;58922109.0
Italy;Male;2008;28546205.0
Italy;Female;2008;30375911.0
Italy;Rural;2008;18985986.0
Italy;Urban;2008;40516399.0
Italy;Total;2009;59105625.0
Italy;Male;2009;28610738.0
Italy;Female;2009;30494884.0
Italy;Rural;2009;18960542.0
Italy;Urban;2009;40681311.0
Italy;Total;2010;59325229.0
Italy;Male;2010;28704537.0
Italy;Female;2010;30620695.0
Italy;Rural;2010;18918497.0
Italy;Urban;2010;40811310.0
Italy;Total;2011;59589076.0
Italy;Male;2011;28833829.0
Italy;Female;2011;30755241.0
Italy;Rural;2011;18858134.0
Italy;Urban;2011;40901795.0
Italy;Total;2012;59879471.0
Italy;Male;2012;28987438.0
Italy;Female;2012;30892031.0
Italy;Rural;2012;18706111.0
Italy;Urban;2012;41027723.0
Italy;Total;2013;60166830.0
Italy;Male;2013;29147739.0
Italy;Female;2013;31019089.0
Italy;Rural;2013;18509653.0
Italy;Urban;2013;41158347.0
Italy;Total;2014;60409620.0
Italy;Male;2014;29289347.0
Italy;Female;2014;31120275.0
Italy;Rural;2014;18309186.0
Italy;Urban;2014;41276482.0
Italy;Total;2015;60578494.0
Italy;Male;2015;29394123.0
Italy;Female;2015;31184366.0
Italy;Rural;2015;18110394.0
Italy;Urban;2015;41393818.0
Italy;Total;2016;60663060.0
Italy;Male;2016;29456255.0
Italy;Female;2016;31206813.0
Italy;Rural;2016;17914936.0
Italy;Urban;2016;41515002.0
Italy;Total;2017;60673701.0
Italy;Male;2017;29481800.0
Italy;Female;2017;31191894.0
Italy;Rural;2017;17722588.0
Italy;Urban;2017;41637312.0
Italy;Total;2018;60627291.0
Italy;Male;2018;29479008.0
Italy;Female;2018;31148283.0
Italy;Rural;2018;17527870.0
Italy;Urban;2018;41763099.0
Jamaica;Total;2000;2654701.0
Jamaica;Male;2000;1320370.0
Jamaica;Female;2000;1334328.0
Jamaica;Rural;2000;1280230.0
Jamaica;Urban;2000;1376634.0
Jamaica;Total;2001;2674702.0
Jamaica;Male;2001;1329828.0
Jamaica;Female;2001;1344878.0
Jamaica;Rural;2001;1283535.0
Jamaica;Urban;2001;1393476.0
Jamaica;Total;2002;2692845.0
Jamaica;Male;2002;1337590.0
Jamaica;Female;2002;1355253.0
Jamaica;Rural;2002;1287060.0
Jamaica;Urban;2002;1408386.0
Jamaica;Total;2003;2709437.0
Jamaica;Male;2003;1344245.0
Jamaica;Female;2003;1365193.0
Jamaica;Rural;2003;1290139.0
Jamaica;Urban;2003;1422372.0
Jamaica;Total;2004;2725015.0
Jamaica;Male;2004;1350680.0
Jamaica;Female;2004;1374337.0
Jamaica;Rural;2004;1292771.0
Jamaica;Urban;2004;1436006.0
Jamaica;Total;2005;2740003.0
Jamaica;Male;2005;1357542.0
Jamaica;Female;2005;1382458.0
Jamaica;Rural;2005;1295184.0
Jamaica;Urban;2005;1449489.0
Jamaica;Total;2006;2754407.0
Jamaica;Male;2006;1365004.0
Jamaica;Female;2006;1389410.0
Jamaica;Rural;2006;1297396.0
Jamaica;Urban;2006;1462883.0
Jamaica;Total;2007;2768227.0
Jamaica;Male;2007;1372888.0
Jamaica;Female;2007;1395341.0
Jamaica;Rural;2007;1299356.0
Jamaica;Urban;2007;1476111.0
Jamaica;Total;2008;2781876.0
Jamaica;Male;2008;1381079.0
Jamaica;Female;2008;1400790.0
Jamaica;Rural;2008;1301007.0
Jamaica;Urban;2008;1489115.0
Jamaica;Total;2009;2795837.0
Jamaica;Male;2009;1389346.0
Jamaica;Female;2009;1406493.0
Jamaica;Rural;2009;1302297.0
Jamaica;Urban;2009;1501785.0
Jamaica;Total;2010;2810460.0
Jamaica;Male;2010;1397512.0
Jamaica;Female;2010;1412952.0
Jamaica;Rural;2010;1303146.0
Jamaica;Urban;2010;1514064.0
Jamaica;Total;2011;2825929.0
Jamaica;Male;2011;1405569.0
Jamaica;Female;2011;1420363.0
Jamaica;Rural;2011;1303559.0
Jamaica;Urban;2011;1525934.0
Jamaica;Total;2012;2842132.0
Jamaica;Male;2012;1413582.0
Jamaica;Female;2012;1428546.0
Jamaica;Rural;2012;1303108.0
Jamaica;Urban;2012;1537884.0
Jamaica;Total;2013;2858712.0
Jamaica;Male;2013;1421484.0
Jamaica;Female;2013;1437226.0
Jamaica;Rural;2013;1301853.0
Jamaica;Urban;2013;1549954.0
Jamaica;Total;2014;2875139.0
Jamaica;Male;2014;1429206.0
Jamaica;Female;2014;1445931.0
Jamaica;Rural;2014;1299857.0
Jamaica;Urban;2014;1562230.0
Jamaica;Total;2015;2891021.0
Jamaica;Male;2015;1436700.0
Jamaica;Female;2015;1454324.0
Jamaica;Rural;2015;1297166.0
Jamaica;Urban;2015;1574768.0
Jamaica;Total;2016;2906236.0
Jamaica;Male;2016;1443917.0
Jamaica;Female;2016;1462325.0
Jamaica;Rural;2016;1293787.0
Jamaica;Urban;2016;1587568.0
Jamaica;Total;2017;2920848.0
Jamaica;Male;2017;1450841.0
Jamaica;Female;2017;1470007.0
Jamaica;Rural;2017;1289697.0
Jamaica;Urban;2017;1600602.0
Jamaica;Total;2018;2934847.0
Jamaica;Male;2018;1457453.0
Jamaica;Female;2018;1477400.0
Jamaica;Rural;2018;1284862.0
Jamaica;Urban;2018;1613815.0
Japan;Total;2000;127524174.0
Japan;Male;2000;62624572.0
Japan;Female;2000;64899596.0
Japan;Rural;2000;27230218.0
Japan;Urban;2000;100303716.0
Japan;Total;2001;127713828.0
Japan;Male;2001;62690188.0
Japan;Female;2001;65023636.0
Japan;Rural;2001;25557575.0
Japan;Urban;2001;102165938.0
Japan;Total;2002;127893078.0
Japan;Male;2002;62751324.0
Japan;Female;2002;65141751.0
Japan;Rural;2002;23473865.0
Japan;Urban;2002;104428752.0
Japan;Total;2003;128058372.0
Japan;Male;2003;62806129.0
Japan;Female;2003;65252239.0
Japan;Rural;2003;21520729.0
Japan;Urban;2003;106547065.0
Japan;Total;2004;128204195.0
Japan;Male;2004;62851648.0
Japan;Female;2004;65352535.0
Japan;Rural;2004;19693113.0
Japan;Urban;2004;108520519.0
Japan;Total;2005;128326116.0
Japan;Male;2005;62885586.0
Japan;Female;2005;65440529.0
Japan;Rural;2005;17995058.0
Japan;Urban;2005;110340709.0
Japan;Total;2006;128422734.0
Japan;Male;2006;62907222.0
Japan;Female;2006;65515518.0
Japan;Rural;2006;16545175.0
Japan;Urban;2006;111887819.0
Japan;Total;2007;128494057.0
Japan;Male;2007;62916895.0
Japan;Female;2007;65577155.0
Japan;Rural;2007;15233582.0
Japan;Urban;2007;113271669.0
Japan;Total;2008;128538646.0
Japan;Male;2008;62914575.0
Japan;Female;2008;65624069.0
Japan;Rural;2008;14008192.0
Japan;Urban;2008;114542316.0
Japan;Total;2009;128555189.0
Japan;Male;2009;62900473.0
Japan;Female;2009;65654723.0
Japan;Rural;2009;12870195.0
Japan;Urban;2009;115696464.0
Japan;Total;2010;128542353.0
Japan;Male;2010;62874509.0
Japan;Female;2010;65667840.0
Japan;Rural;2010;11810839.0
Japan;Urban;2010;116741034.0
Japan;Total;2011;128498965.0
Japan;Male;2011;62836334.0
Japan;Female;2011;65662632.0
Japan;Rural;2011;11476384.0
Japan;Urban;2011;117029015.0
Japan;Total;2012;128423571.0
Japan;Male;2012;62784997.0
Japan;Female;2012;65638573.99999999
Japan;Rural;2012;11368012.0
Japan;Urban;2012;117058372.0
Japan;Total;2013;128314195.0
Japan;Male;2013;62719057.0
Japan;Female;2013;65595132.0
Japan;Rural;2013;11257825.0
Japan;Urban;2013;117055095.0
Japan;Total;2014;128168639.0
Japan;Male;2014;62636782.0
Japan;Female;2014;65531848.0
Japan;Rural;2014;11145296.0
Japan;Urban;2014;117017577.0
Japan;Total;2015;127985133.0
Japan;Male;2015;62536745.0
Japan;Female;2015;65448394.0
Japan;Rural;2015;11030530.0
Japan;Urban;2015;116944428.0
Japan;Total;2016;127763265.0
Japan;Male;2016;62418618.0
Japan;Female;2016;65344649.0
Japan;Rural;2016;10913416.0
Japan;Urban;2016;116835097.0
Japan;Total;2017;127502725.0
Japan;Male;2017;62282219.0
Japan;Female;2017;65220509.0
Japan;Rural;2017;10791174.0
Japan;Urban;2017;116693276.0
Japan;Total;2018;127202192.0
Japan;Male;2018;62126492.0
Japan;Female;2018;65075698.0
Japan;Rural;2018;10663807.0
Japan;Urban;2018;116521525.0
Jordan;Total;2000;5122493.0
Jordan;Male;2000;2655130.0
Jordan;Female;2000;2467365.0
Jordan;Rural;2000;1108890.0
Jordan;Urban;2000;3994240.0
Jordan;Total;2001;5217336.0
Jordan;Male;2001;2701550.0
Jordan;Female;2001;2515778.0
Jordan;Rural;2001;1127867.0
Jordan;Urban;2001;4065615.0
Jordan;Total;2002;5317506.0
Jordan;Male;2002;2751639.0
Jordan;Female;2002;2565875.0
Jordan;Rural;2002;1147614.0
Jordan;Urban;2002;4139874.0
Jordan;Total;2003;5434030.0
Jordan;Male;2003;2810277.0
Jordan;Female;2003;2623759.0
Jordan;Rural;2003;1170651.0
Jordan;Urban;2003;4226123.0
Jordan;Total;2004;5580244.0
Jordan;Male;2004;2883223.0
Jordan;Female;2004;2697018.0
Jordan;Rural;2004;1200064.0
Jordan;Urban;2004;4335531.0
Jordan;Total;2005;5765635.0
Jordan;Male;2005;2974596.0
Jordan;Female;2005;2791043.0
Jordan;Rural;2005;1172277.0
Jordan;Urban;2005;4541834.0
Jordan;Total;2006;5991540.0
Jordan;Male;2006;3084896.0
Jordan;Female;2006;2906651.0
Jordan;Rural;2006;1129312.0
Jordan;Urban;2006;4804920.0
Jordan;Total;2007;6255280.0
Jordan;Male;2007;3213101.0
Jordan;Female;2007;3042189.0
Jordan;Rural;2007;1091804.0
Jordan;Urban;2007;5101387.0
Jordan;Total;2008;6556478.0
Jordan;Male;2008;3359386.0
Jordan;Female;2008;3197087.0
Jordan;Rural;2008;1058386.0
Jordan;Urban;2008;5431436.0
Jordan;Total;2009;6893260.0
Jordan;Male;2009;3523395.0
Jordan;Female;2009;3369863.0
Jordan;Rural;2009;1028066.0
Jordan;Urban;2009;5793050.0
Jordan;Total;2010;7261539.0
Jordan;Male;2010;3703509.0
Jordan;Female;2010;3558032.0
Jordan;Rural;2010;999206.0
Jordan;Urban;2010;6183184.0
Jordan;Total;2011;7662846.0
Jordan;Male;2011;3900602.0
Jordan;Female;2011;3762256.0
Jordan;Rural;2011;971693.0
Jordan;Urban;2011;6603250.0
Jordan;Total;2012;8089962.0
Jordan;Male;2012;4111005.0
Jordan;Female;2012;3978958.0
Jordan;Rural;2012;944332.0
Jordan;Urban;2012;7048241.0
Jordan;Total;2013;8518983.0
Jordan;Male;2013;4322900.0
Jordan;Female;2013;4196092.0
Jordan;Rural;2013;914962.0
Jordan;Urban;2013;7498502.0
Jordan;Total;2014;8918828.0
Jordan;Male;2014;4520824.0
Jordan;Female;2014;4397998.0
Jordan;Rural;2014;880931.0
Jordan;Urban;2014;7928375.0
Jordan;Total;2015;9266575.0
Jordan;Male;2015;4693410.0
Jordan;Female;2015;4573163.0
Jordan;Rural;2015;892500.0
Jordan;Urban;2015;8266802.0
Jordan;Total;2016;9554286.0
Jordan;Male;2016;4836733.0
Jordan;Female;2016;4717553.0
Jordan;Rural;2016;897724.0
Jordan;Urban;2016;8558078.0
Jordan;Total;2017;9785843.0
Jordan;Male;2017;4952772.0
Jordan;Female;2017;4833068.0
Jordan;Rural;2017;897788.0
Jordan;Urban;2017;8804565.0
Jordan;Total;2018;9965318.0
Jordan;Male;2018;5043481.0
Jordan;Female;2018;4921841.0
Jordan;Rural;2018;893429.0
Jordan;Urban;2018;9010373.0
Kazakhstan;Total;2000;14922719.0
Kazakhstan;Male;2000;7177202.0
Kazakhstan;Female;2000;7745522.0
Kazakhstan;Rural;2000;6610426.0
Kazakhstan;Urban;2000;8446937.0
Kazakhstan;Total;2001;14910205.0
Kazakhstan;Male;2001;7167967.0
Kazakhstan;Female;2001;7742240.0
Kazakhstan;Rural;2001;6591821.0
Kazakhstan;Urban;2001;8448150.0
Kazakhstan;Total;2002;14976188.0
Kazakhstan;Male;2002;7200302.0
Kazakhstan;Female;2002;7775882.0
Kazakhstan;Rural;2002;6609578.0
Kazakhstan;Urban;2002;8496067.0
Kazakhstan;Total;2003;15100041.0
Kazakhstan;Male;2003;7263391.0
Kazakhstan;Female;2003;7836654.0
Kazakhstan;Rural;2003;6653891.0
Kazakhstan;Urban;2003;8578434.0
Kazakhstan;Total;2004;15250015.0
Kazakhstan;Male;2004;7340483.0
Kazakhstan;Female;2004;7909533.0
Kazakhstan;Rural;2004;6709744.0
Kazakhstan;Urban;2004;8676172.0
Kazakhstan;Total;2005;15402807.0
Kazakhstan;Male;2005;7419259.0
Kazakhstan;Female;2005;7983544.0
Kazakhstan;Rural;2005;6766257.0
Kazakhstan;Urban;2005;8775200.0
Kazakhstan;Total;2006;15551268.0
Kazakhstan;Male;2006;7496116.0
Kazakhstan;Female;2006;8055147.0
Kazakhstan;Rural;2006;6819865.0
Kazakhstan;Urban;2006;8870996.0
Kazakhstan;Total;2007;15702104.0
Kazakhstan;Male;2007;7574501.0
Kazakhstan;Female;2007;8127611.0
Kazakhstan;Rural;2007;6873733.0
Kazakhstan;Urban;2007;8967622.0
Kazakhstan;Total;2008;15862123.0
Kazakhstan;Male;2008;7657327.0
Kazakhstan;Female;2008;8204799.000000001
Kazakhstan;Rural;2008;6931410.0
Kazakhstan;Urban;2008;9069766.0
Kazakhstan;Total;2009;16043007.0
Kazakhstan;Male;2009;7749870.0
Kazakhstan;Female;2009;8293145.0
Kazakhstan;Rural;2009;6998909.0
Kazakhstan;Urban;2009;9185254.0
Kazakhstan;Total;2010;16252279.0
Kazakhstan;Male;2010;7855518.0
Kazakhstan;Female;2010;8396755.0
Kazakhstan;Rural;2010;7079870.0
Kazakhstan;Urban;2010;9319106.0
Kazakhstan;Total;2011;16490669.999999998
Kazakhstan;Male;2011;7974359.0
Kazakhstan;Female;2011;8516310.0
Kazakhstan;Rural;2011;7175002.0
Kazakhstan;Urban;2011;9472378.0
Kazakhstan;Total;2012;16751525.000000002
Kazakhstan;Male;2012;8103192.0
Kazakhstan;Female;2012;8648331.0
Kazakhstan;Rural;2012;7280687.0
Kazakhstan;Urban;2012;9640492.0
Kazakhstan;Total;2013;17026117.0
Kazakhstan;Male;2013;8238251.0
Kazakhstan;Female;2013;8787867.0
Kazakhstan;Rural;2013;7391287.0
Kazakhstan;Urban;2013;9815970.0
Kazakhstan;Total;2014;17302615.0
Kazakhstan;Male;2014;8374450.999999999
Kazakhstan;Female;2014;8928168.0
Kazakhstan;Rural;2014;7499077.0
Kazakhstan;Urban;2014;9988702.0
Kazakhstan;Total;2015;17572016.0
Kazakhstan;Male;2015;8507888.0
Kazakhstan;Female;2015;9064122.0
Kazakhstan;Rural;2015;7598480.0
Kazakhstan;Urban;2015;10151168.0
Kazakhstan;Total;2016;17830901.0
Kazakhstan;Male;2016;8637067.0
Kazakhstan;Female;2016;9193835.0
Kazakhstan;Rural;2016;7687326.0
Kazakhstan;Urban;2016;10300410.0
Kazakhstan;Total;2017;18080019.0
Kazakhstan;Male;2017;8762142.0
Kazakhstan;Female;2017;9317881.0
Kazakhstan;Rural;2017;7766771.0
Kazakhstan;Urban;2017;10437728.0
Kazakhstan;Total;2018;18319618.0
Kazakhstan;Male;2018;8882910.0
Kazakhstan;Female;2018;9436706.0
Kazakhstan;Rural;2018;7834880.0
Kazakhstan;Urban;2018;10568980.0
Kenya;Total;2000;31964557.0
Kenya;Male;2000;15866806.0
Kenya;Female;2000;16097751.0
Kenya;Rural;2000;25194298.0
Kenya;Urban;2000;6256185.0
Kenya;Total;2001;32848564.0
Kenya;Male;2001;16302038.0
Kenya;Female;2001;16546530.999999998
Kenya;Rural;2001;25779834.0
Kenya;Urban;2001;6541648.0
Kenya;Total;2002;33751739.0
Kenya;Male;2002;16747713.0
Kenya;Female;2002;17004033.0
Kenya;Rural;2002;26374762.0
Kenya;Urban;2002;6839247.0
Kenya;Total;2003;34678779.0
Kenya;Male;2003;17206227.0
Kenya;Female;2003;17472554.0
Kenya;Rural;2003;26981085.0
Kenya;Urban;2003;7149767.0
Kenya;Total;2004;35635271.0
Kenya;Male;2004;17680390.0
Kenya;Female;2004;17954877.0
Kenya;Rural;2004;27600542.0
Kenya;Urban;2004;7474389.0
Kenya;Total;2005;36624895.0
Kenya;Male;2005;18172026.0
Kenya;Female;2005;18452871.0
Kenya;Rural;2005;28234834.0
Kenya;Urban;2005;7813454.0
Kenya;Total;2006;37649033.0
Kenya;Male;2006;18681879.0
Kenya;Female;2006;18967160.0
Kenya;Rural;2006;28883861.0
Kenya;Urban;2006;8168189.0
Kenya;Total;2007;38705932.0
Kenya;Male;2007;19209014.0
Kenya;Female;2007;19496920.0
Kenya;Rural;2007;29547088.0
Kenya;Urban;2007;8538821.0
Kenya;Total;2008;39791981.0
Kenya;Male;2008;19751264.0
Kenya;Female;2008;20040720.0
Kenya;Rural;2008;30222715.0
Kenya;Urban;2008;8925701.0
Kenya;Total;2009;40901792.0
Kenya;Male;2009;20305443.0
Kenya;Female;2009;20596355.0
Kenya;Rural;2009;30909074.0
Kenya;Urban;2009;9328130.0
Kenya;Total;2010;42030676.0
Kenya;Male;2010;20868842.0
Kenya;Female;2010;21161842.0
Kenya;Rural;2010;31603483.0
Kenya;Urban;2010;9746669.0
Kenya;Total;2011;43178274.0
Kenya;Male;2011;21441112.0
Kenya;Female;2011;21737158.0
Kenya;Rural;2011;32303238.0
Kenya;Urban;2011;10183601.0
Kenya;Total;2012;44343467.0
Kenya;Male;2012;22021761.0
Kenya;Female;2012;22321708.0
Kenya;Rural;2012;33007199.999999996
Kenya;Urban;2012;10639429.0
Kenya;Total;2013;45519981.0
Kenya;Male;2013;22607797.0
Kenya;Female;2013;22912189.0
Kenya;Rural;2013;33712691.0
Kenya;Urban;2013;11114158.0
Kenya;Total;2014;46700055.0
Kenya;Male;2014;23195580.0
Kenya;Female;2014;23504483.0
Kenya;Rural;2014;34416636.0
Kenya;Urban;2014;11607614.0
Kenya;Total;2015;47878336.0
Kenya;Male;2015;23782609.0
Kenya;Female;2015;24095730.0
Kenya;Rural;2015;35116503.0
Kenya;Urban;2015;12119756.0
Kenya;Total;2016;49051534.0
Kenya;Male;2016;24367251.0
Kenya;Female;2016;24684280.0
Kenya;Rural;2016;35810733.0
Kenya;Urban;2016;12650834.0
Kenya;Total;2017;50221142.0
Kenya;Male;2017;24950142.0
Kenya;Female;2017;25271004.0
Kenya;Rural;2017;36498515.0
Kenya;Urban;2017;13201347.0
Kenya;Total;2018;51392565.0
Kenya;Male;2018;25533874.0
Kenya;Female;2018;25858696.0
Kenya;Rural;2018;37179074.0
Kenya;Urban;2018;13771805.0
Kiribati;Total;2000;84396.0
Kiribati;Male;2000;41592.0
Kiribati;Female;2000;42813.0
Kiribati;Rural;2000;48147.0
Kiribati;Urban;2000;36259.0
Kiribati;Total;2001;85849.0
Kiribati;Male;2001;42286.0
Kiribati;Female;2001;43558.0
Kiribati;Rural;2001;48533.0
Kiribati;Urban;2001;37325.0
Kiribati;Total;2002;87305.0
Kiribati;Male;2002;43000.0
Kiribati;Female;2002;44308.0
Kiribati;Rural;2002;49355.0
Kiribati;Urban;2002;37988.0
Kiribati;Total;2003;88835.0
Kiribati;Male;2003;43762.0
Kiribati;Female;2003;45078.0
Kiribati;Rural;2003;50215.0
Kiribati;Urban;2003;38680.0
Kiribati;Total;2004;90499.0
Kiribati;Male;2004;44585.0
Kiribati;Female;2004;45913.0
Kiribati;Rural;2004;51127.0
Kiribati;Urban;2004;39415.0
Kiribati;Total;2005;92325.0
Kiribati;Male;2005;45483.0
Kiribati;Female;2005;46836.0
Kiribati;Rural;2005;52116.0
Kiribati;Urban;2005;40209.0
Kiribati;Total;2006;94343.0
Kiribati;Male;2006;46473.0
Kiribati;Female;2006;47868.0
Kiribati;Rural;2006;52757.0
Kiribati;Urban;2006;41503.0
Kiribati;Total;2007;96527.0
Kiribati;Male;2007;47545.0
Kiribati;Female;2007;48986.0
Kiribati;Rural;2007;53100.0
Kiribati;Urban;2007;43211.0
Kiribati;Total;2008;98761.0
Kiribati;Male;2008;48633.0
Kiribati;Female;2008;50127.0
Kiribati;Rural;2008;53447.0
Kiribati;Urban;2008;44993.0
Kiribati;Total;2009;100930.0
Kiribati;Male;2009;49682.0
Kiribati;Female;2009;51246.0
Kiribati;Rural;2009;53757.0
Kiribati;Urban;2009;46811.0
Kiribati;Total;2010;102927.0
Kiribati;Male;2010;50650.0
Kiribati;Female;2010;52280.0
Kiribati;Rural;2010;54005.0
Kiribati;Urban;2010;48647.0
Kiribati;Total;2011;104728.0
Kiribati;Male;2011;51517.0
Kiribati;Female;2011;53218.0
Kiribati;Rural;2011;54175.0
Kiribati;Urban;2011;50481.0
Kiribati;Total;2012;106370.0
Kiribati;Male;2012;52292.0
Kiribati;Female;2012;54067.0
Kiribati;Rural;2012;54285.0
Kiribati;Urban;2012;52328.0
Kiribati;Total;2013;107890.0
Kiribati;Male;2013;53020.0
Kiribati;Female;2013;54867.0
Kiribati;Rural;2013;54347.0
Kiribati;Urban;2013;54188.0
Kiribati;Total;2014;109391.0
Kiribati;Male;2014;53740.0
Kiribati;Female;2014;55647.0
Kiribati;Rural;2014;54375.0
Kiribati;Urban;2014;56083.0
Kiribati;Total;2015;110930.0
Kiribati;Male;2015;54491.0
Kiribati;Female;2015;56436.0
Kiribati;Rural;2015;54383.0
Kiribati;Urban;2015;58024.0
Kiribati;Total;2016;112524.0
Kiribati;Male;2016;55278.0
Kiribati;Female;2016;57251.0
Kiribati;Rural;2016;54395.0
Kiribati;Urban;2016;60000.0
Kiribati;Total;2017;114158.0
Kiribati;Male;2017;56087.0
Kiribati;Female;2017;58066.0
Kiribati;Rural;2017;54402.0
Kiribati;Urban;2017;61996.0
Kiribati;Total;2018;115847.0
Kiribati;Male;2018;56938.0
Kiribati;Female;2018;58904.0
Kiribati;Rural;2018;54403.0
Kiribati;Urban;2018;64010.99999999999
Kuwait;Total;2000;2045123.0
Kuwait;Male;2000;1195302.0
Kuwait;Female;2000;849821.0
Kuwait;Rural;2000;20507.0
Kuwait;Urban;2000;2030234.0
Kuwait;Total;2001;2103282.0
Kuwait;Male;2001;1232602.0
Kuwait;Female;2001;870671.0
Kuwait;Rural;2001;1938.0
Kuwait;Urban;2001;2107417.0
Kuwait;Total;2002;2136997.0
Kuwait;Male;2002;1256843.0
Kuwait;Female;2002;880148.0
Kuwait;Rural;2002;0.0
Kuwait;Urban;2002;2143833.0
Kuwait;Total;2003;2161626.0
Kuwait;Male;2003;1275633.0
Kuwait;Female;2003;885993.0
Kuwait;Rural;2003;0.0
Kuwait;Urban;2003;2169118.0
Kuwait;Total;2004;2200492.0
Kuwait;Male;2004;1300689.0
Kuwait;Female;2004;899809.0
Kuwait;Rural;2004;0.0
Kuwait;Urban;2004;2207939.0
Kuwait;Total;2005;2270198.0
Kuwait;Male;2005;1340475.0
Kuwait;Female;2005;929721.0
Kuwait;Rural;2005;0.0
Kuwait;Urban;2005;2276623.0
Kuwait;Total;2006;2373672.0
Kuwait;Male;2006;1396227.0
Kuwait;Female;2006;977434.0
Kuwait;Rural;2006;0.0
Kuwait;Urban;2006;2377258.0
Kuwait;Total;2007;2504019.0
Kuwait;Male;2007;1464802.0
Kuwait;Female;2007;1039223.9999999999
Kuwait;Rural;2007;0.0
Kuwait;Urban;2007;2503410.0
Kuwait;Total;2008;2656009.0
Kuwait;Male;2008;1544905.0
Kuwait;Female;2008;1111105.0
Kuwait;Rural;2008;0.0
Kuwait;Urban;2008;2652340.0
Kuwait;Total;2009;2821045.0
Kuwait;Male;2009;1634049.0
Kuwait;Female;2009;1186992.0
Kuwait;Rural;2009;0.0
Kuwait;Urban;2009;2818939.0
Kuwait;Total;2010;2991884.0
Kuwait;Male;2010;1729872.0
Kuwait;Female;2010;1262012.0
Kuwait;Rural;2010;0.0
Kuwait;Urban;2010;2998083.0
Kuwait;Total;2011;3168060.0
Kuwait;Male;2011;1832247.0
Kuwait;Female;2011;1335807.0
Kuwait;Rural;2011;0.0
Kuwait;Urban;2011;3191051.0
Kuwait;Total;2012;3348853.0
Kuwait;Male;2012;1940367.0
Kuwait;Female;2012;1408485.0
Kuwait;Rural;2012;0.0
Kuwait;Urban;2012;3395556.0
Kuwait;Total;2013;3526376.0
Kuwait;Male;2013;2050222.0000000002
Kuwait;Female;2013;1476160.0
Kuwait;Rural;2013;0.0
Kuwait;Urban;2013;3598385.0
Kuwait;Total;2014;3690941.0
Kuwait;Male;2014;2156738.0
Kuwait;Female;2014;1534201.0
Kuwait;Rural;2014;0.0
Kuwait;Urban;2014;3782450.0
Kuwait;Total;2015;3835591.0
Kuwait;Male;2015;2255989.0
Kuwait;Female;2015;1579599.0
Kuwait;Rural;2015;0.0
Kuwait;Urban;2015;3935794.0
Kuwait;Total;2016;3956875.0
Kuwait;Male;2016;2346661.0
Kuwait;Female;2016;1610201.0
Kuwait;Rural;2016;0.0
Kuwait;Urban;2016;4052584.0
Kuwait;Total;2017;4056099.0
Kuwait;Male;2017;2428715.0
Kuwait;Female;2017;1627387.0
Kuwait;Rural;2017;0.0
Kuwait;Urban;2017;4136528.0000000005
Kuwait;Total;2018;4137312.0
Kuwait;Male;2018;2501082.0
Kuwait;Female;2018;1636232.0
Kuwait;Rural;2018;0.0
Kuwait;Urban;2018;4197128.0
Kyrgyzstan;Total;2000;4920712.0
Kyrgyzstan;Male;2000;2432987.0
Kyrgyzstan;Female;2000;2487725.0
Kyrgyzstan;Rural;2000;3183803.0
Kyrgyzstan;Urban;2000;1736915.0
Kyrgyzstan;Total;2001;4962836.0
Kyrgyzstan;Male;2001;2455290.0
Kyrgyzstan;Female;2001;2507549.0
Kyrgyzstan;Rural;2001;3210973.0
Kyrgyzstan;Urban;2001;1751617.0
Kyrgyzstan;Total;2002;4991483.0
Kyrgyzstan;Male;2002;2471213.0
Kyrgyzstan;Female;2002;2520265.0
Kyrgyzstan;Rural;2002;3229231.0
Kyrgyzstan;Urban;2002;1761456.0
Kyrgyzstan;Total;2003;5013530.0
Kyrgyzstan;Male;2003;2483823.0
Kyrgyzstan;Female;2003;2529715.0
Kyrgyzstan;Rural;2003;3243275.0
Kyrgyzstan;Urban;2003;1768994.0
Kyrgyzstan;Total;2004;5039005.0
Kyrgyzstan;Male;2004;2497536.0
Kyrgyzstan;Female;2004;2541459.0
Kyrgyzstan;Rural;2004;3259958.0
Kyrgyzstan;Urban;2004;1777971.0
Kyrgyzstan;Total;2005;5075347.0
Kyrgyzstan;Male;2005;2515732.0
Kyrgyzstan;Female;2005;2559608.0
Kyrgyzstan;Rural;2005;3284272.0
Kyrgyzstan;Urban;2005;1791108.0
Kyrgyzstan;Total;2006;5124382.0
Kyrgyzstan;Male;2006;2539136.0
Kyrgyzstan;Female;2006;2585243.0
Kyrgyzstan;Rural;2006;3317581.0
Kyrgyzstan;Urban;2006;1809149.0
Kyrgyzstan;Total;2007;5184392.0
Kyrgyzstan;Male;2007;2567079.0
Kyrgyzstan;Female;2007;2617305.0
Kyrgyzstan;Rural;2007;3358424.0
Kyrgyzstan;Urban;2007;1831296.0
Kyrgyzstan;Total;2008;5254979.0
Kyrgyzstan;Male;2008;2599867.0
Kyrgyzstan;Female;2008;2655102.0
Kyrgyzstan;Rural;2008;3405472.0
Kyrgyzstan;Urban;2008;1856822.0
Kyrgyzstan;Total;2009;5334710.0
Kyrgyzstan;Male;2009;2637452.0
Kyrgyzstan;Female;2009;2697256.0
Kyrgyzstan;Rural;2009;3456349.0
Kyrgyzstan;Urban;2009;1884432.0
Kyrgyzstan;Total;2010;5422293.0
Kyrgyzstan;Male;2010;2679679.0
Kyrgyzstan;Female;2010;2742619.0
Kyrgyzstan;Rural;2010;3507918.0
Kyrgyzstan;Urban;2010;1914419.0
Kyrgyzstan;Total;2011;5517922.0
Kyrgyzstan;Male;2011;2726828.0
Kyrgyzstan;Female;2011;2791099.0
Kyrgyzstan;Rural;2011;3559886.0
Kyrgyzstan;Urban;2011;1946715.0
Kyrgyzstan;Total;2012;5621576.0
Kyrgyzstan;Male;2012;2778716.0
Kyrgyzstan;Female;2012;2842867.0
Kyrgyzstan;Rural;2012;3612530.0
Kyrgyzstan;Urban;2012;1981578.0
Kyrgyzstan;Total;2013;5731303.0
Kyrgyzstan;Male;2013;2834060.0
Kyrgyzstan;Female;2013;2897252.0
Kyrgyzstan;Rural;2013;3665102.0
Kyrgyzstan;Urban;2013;2018706.0
Kyrgyzstan;Total;2014;5844532.0
Kyrgyzstan;Male;2014;2891111.0
Kyrgyzstan;Female;2014;2953410.0
Kyrgyzstan;Rural;2014;3716797.0
Kyrgyzstan;Urban;2014;2057768.9999999998
Kyrgyzstan;Total;2015;5959121.0
Kyrgyzstan;Male;2015;2948492.0
Kyrgyzstan;Female;2015;3010634.0
Kyrgyzstan;Rural;2015;3766909.0
Kyrgyzstan;Urban;2015;2098492.0
Kyrgyzstan;Total;2016;6074330.0
Kyrgyzstan;Male;2016;3005717.0
Kyrgyzstan;Female;2016;3068610.0
Kyrgyzstan;Rural;2016;3814995.0
Kyrgyzstan;Urban;2016;2140739.0
Kyrgyzstan;Total;2017;6189733.0
Kyrgyzstan;Male;2017;3062700.0
Kyrgyzstan;Female;2017;3127027.0
Kyrgyzstan;Rural;2017;3860700.0
Kyrgyzstan;Urban;2017;2184417.0
Kyrgyzstan;Total;2018;6304030.0
Kyrgyzstan;Male;2018;3118925.0
Kyrgyzstan;Female;2018;3185100.0
Kyrgyzstan;Rural;2018;3903563.0
Kyrgyzstan;Urban;2018;2229369.0
Lao People's Democratic Republic;Total;2000;5323700.0
Lao People's Democratic Republic;Male;2000;2649923.0
Lao People's Democratic Republic;Female;2000;2673778.0
Lao People's Democratic Republic;Rural;2000;4158068.0
Lao People's Democratic Republic;Urban;2000;1171236.0
Lao People's Democratic Republic;Total;2001;5409582.0
Lao People's Democratic Republic;Male;2001;2689673.0
Lao People's Democratic Republic;Female;2001;2719911.0
Lao People's Democratic Republic;Rural;2001;4169569.0000000005
Lao People's Democratic Republic;Urban;2001;1244999.0
Lao People's Democratic Republic;Total;2002;5493246.0
Lao People's Democratic Republic;Male;2002;2727504.0
Lao People's Democratic Republic;Female;2002;2765743.0
Lao People's Democratic Republic;Rural;2002;4175524.9999999995
Lao People's Democratic Republic;Urban;2002;1321748.0
Lao People's Democratic Republic;Total;2003;5576640.0
Lao People's Democratic Republic;Male;2003;2764935.0
Lao People's Democratic Republic;Female;2003;2811705.0
Lao People's Democratic Republic;Rural;2003;4177698.9999999995
Lao People's Democratic Republic;Urban;2003;1401957.0
Lao People's Democratic Republic;Total;2004;5662208.0
Lao People's Democratic Republic;Male;2004;2803926.0
Lao People's Democratic Republic;Female;2004;2858273.0
Lao People's Democratic Republic;Rural;2004;4178087.9999999995
Lao People's Democratic Republic;Urban;2004;1486517.0
Lao People's Democratic Republic;Total;2005;5751676.0
Lao People's Democratic Republic;Male;2005;2845939.0
Lao People's Democratic Republic;Female;2005;2905736.0
Lao People's Democratic Republic;Rural;2005;4189729.0000000005
Lao People's Democratic Republic;Urban;2005;1564297.0
Lao People's Democratic Republic;Total;2006;5846074.0
Lao People's Democratic Republic;Male;2006;2891497.0
Lao People's Democratic Republic;Female;2006;2954578.0
Lao People's Democratic Republic;Rural;2006;4226291.0
Lao People's Democratic Republic;Urban;2006;1623065.0
Lao People's Democratic Republic;Total;2007;5944948.0
Lao People's Democratic Republic;Male;2007;2940296.0
Lao People's Democratic Republic;Female;2007;3004654.0
Lao People's Democratic Republic;Rural;2007;4265018.0
Lao People's Democratic Republic;Urban;2007;1684769.0
Lao People's Democratic Republic;Total;2008;6046620.0
Lao People's Democratic Republic;Male;2008;2991807.0
Lao People's Democratic Republic;Female;2008;3054823.0
Lao People's Democratic Republic;Rural;2008;4303532.0
Lao People's Democratic Republic;Urban;2008;1748658.0
Lao People's Democratic Republic;Total;2009;6148623.0
Lao People's Democratic Republic;Male;2009;3045093.0
Lao People's Democratic Republic;Female;2009;3103528.0
Lao People's Democratic Republic;Rural;2009;4338737.0
Lao People's Democratic Republic;Urban;2009;1813299.0
Lao People's Democratic Republic;Total;2010;6249165.0
Lao People's Democratic Republic;Male;2010;3099431.0
Lao People's Democratic Republic;Female;2010;3149737.0
Lao People's Democratic Republic;Rural;2010;4368384.0
Lao People's Democratic Republic;Urban;2010;1877890.0
Lao People's Democratic Republic;Total;2011;6347567.0
Lao People's Democratic Republic;Male;2011;3154710.0
Lao People's Democratic Republic;Female;2011;3192854.0
Lao People's Democratic Republic;Rural;2011;4391626.0
Lao People's Democratic Republic;Urban;2011;1941861.0
Lao People's Democratic Republic;Total;2012;6444530.0
Lao People's Democratic Republic;Male;2012;3210999.0
Lao People's Democratic Republic;Female;2012;3233528.0
Lao People's Democratic Republic;Rural;2012;4409554.0
Lao People's Democratic Republic;Urban;2012;2005615.0
Lao People's Democratic Republic;Total;2013;6541304.0
Lao People's Democratic Republic;Male;2013;3267829.0
Lao People's Democratic Republic;Female;2013;3273473.0
Lao People's Democratic Republic;Rural;2013;4424627.0
Lao People's Democratic Republic;Urban;2013;2069929.9999999998
Lao People's Democratic Republic;Total;2014;6639756.0
Lao People's Democratic Republic;Male;2014;3324639.0
Lao People's Democratic Republic;Female;2014;3315124.0
Lao People's Democratic Republic;Rural;2014;4439922.0
Lao People's Democratic Republic;Urban;2014;2136475.0
Lao People's Democratic Republic;Total;2015;6741164.0
Lao People's Democratic Republic;Male;2015;3381013.0
Lao People's Democratic Republic;Female;2015;3360147.0
Lao People's Democratic Republic;Rural;2015;4457637.0
Lao People's Democratic Republic;Urban;2015;2206330.0
Lao People's Democratic Republic;Total;2016;6845846.0
Lao People's Democratic Republic;Male;2016;3436670.0
Lao People's Democratic Republic;Female;2016;3409178.0
Lao People's Democratic Republic;Rural;2016;4478363.0
Lao People's Democratic Republic;Urban;2016;2279990.0
Lao People's Democratic Republic;Total;2017;6953035.0
Lao People's Democratic Republic;Male;2017;3491532.0
Lao People's Democratic Republic;Female;2017;3461499.0
Lao People's Democratic Republic;Rural;2017;4501174.0
Lao People's Democratic Republic;Urban;2017;2356986.0
Lao People's Democratic Republic;Total;2018;7061507.0
Lao People's Democratic Republic;Male;2018;3545623.0
Lao People's Democratic Republic;Female;2018;3515875.0
Lao People's Democratic Republic;Rural;2018;4524499.0
Lao People's Democratic Republic;Urban;2018;2436711.0
Latvia;Total;2000;2384164.0
Latvia;Male;2000;1095570.0
Latvia;Female;2000;1288580.0
Latvia;Rural;2000;761342.0
Latvia;Urban;2000;1622821.0
Latvia;Total;2001;2358693.0
Latvia;Male;2001;1083455.0
Latvia;Female;2001;1275234.0
Latvia;Rural;2001;755946.0
Latvia;Urban;2001;1602731.0
Latvia;Total;2002;2332530.0
Latvia;Male;2002;1070949.0
Latvia;Female;2002;1261579.0
Latvia;Rural;2002;749886.0
Latvia;Urban;2002;1582606.0
Latvia;Total;2003;2305848.0
Latvia;Male;2003;1058160.0
Latvia;Female;2003;1247685.0
Latvia;Rural;2003;742460.0
Latvia;Urban;2003;1563315.0
Latvia;Total;2004;2278921.0
Latvia;Male;2004;1045287.0
Latvia;Female;2004;1233635.0
Latvia;Rural;2004;731523.0
Latvia;Urban;2004;1547332.0
Latvia;Total;2005;2251993.0
Latvia;Male;2005;1032499.0
Latvia;Female;2005;1219497.0
Latvia;Rural;2005;720635.0
Latvia;Urban;2005;1531348.0
Latvia;Total;2006;2225066.0
Latvia;Male;2006;1019785.0
Latvia;Female;2006;1205278.0
Latvia;Rural;2006;712806.0
Latvia;Urban;2006;1512417.0
Latvia;Total;2007;2198089.0
Latvia;Male;2007;1007109.0
Latvia;Female;2007;1190980.0
Latvia;Rural;2007;705716.0
Latvia;Urban;2007;1492802.0
Latvia;Total;2008;2171259.0
Latvia;Male;2008;994559.0
Latvia;Female;2008;1176689.0
Latvia;Rural;2008;698617.0
Latvia;Urban;2008;1473264.0
Latvia;Total;2009;2144785.0
Latvia;Male;2009;982252.0
Latvia;Female;2009;1162532.0
Latvia;Rural;2009;690494.0
Latvia;Urban;2009;1454815.0
Latvia;Total;2010;2118861.0
Latvia;Male;2010;970265.0
Latvia;Female;2010;1148590.0
Latvia;Rural;2010;681390.0
Latvia;Urban;2010;1437458.0
Latvia;Total;2011;2093610.0000000002
Latvia;Male;2011;958650.0
Latvia;Female;2011;1134956.0
Latvia;Rural;2011;672334.0
Latvia;Urban;2011;1420159.0
Latvia;Total;2012;2069016.0
Latvia;Male;2012;947411.0
Latvia;Female;2012;1121607.0
Latvia;Rural;2012;663369.0
Latvia;Urban;2012;1403005.0
Latvia;Total;2013;2044957.0
Latvia;Male;2013;936519.0
Latvia;Female;2013;1108431.0
Latvia;Rural;2013;654589.0
Latvia;Urban;2013;1386195.0
Latvia;Total;2014;2021219.0
Latvia;Male;2014;925975.0
Latvia;Female;2014;1095245.0
Latvia;Rural;2014;646121.0
Latvia;Urban;2014;1370004.0
Latvia;Total;2015;1997674.0
Latvia;Male;2015;915727.0
Latvia;Female;2015;1081948.0
Latvia;Rural;2015;638051.0
Latvia;Urban;2015;1354612.0
Latvia;Total;2016;1974266.0
Latvia;Male;2016;905794.0
Latvia;Female;2016;1068471.0
Latvia;Rural;2016;630159.0
Latvia;Urban;2016;1340371.0
Latvia;Total;2017;1951097.0
Latvia;Male;2017;896181.0
Latvia;Female;2017;1054916.0
Latvia;Rural;2017;622436.0
Latvia;Urban;2017;1327234.0
Latvia;Total;2018;1928459.0
Latvia;Male;2018;886896.0
Latvia;Female;2018;1041565.0
Latvia;Rural;2018;614843.0
Latvia;Urban;2018;1315095.0
Lebanon;Total;2000;3842778.0
Lebanon;Male;2000;1914711.0
Lebanon;Female;2000;1928063.0
Lebanon;Rural;2000;452951.0
Lebanon;Urban;2000;2782415.0
Lebanon;Total;2001;3991001.0
Lebanon;Male;2001;1996494.0
Lebanon;Female;2001;1994505.0
Lebanon;Rural;2001;466411.0
Lebanon;Urban;2001;2893448.0
Lebanon;Total;2002;4182205.0
Lebanon;Male;2002;2102625.0
Lebanon;Female;2002;2079580.0
Lebanon;Rural;2002;484740.0
Lebanon;Urban;2002;3038097.0
Lebanon;Total;2003;4388375.0
Lebanon;Male;2003;2217412.0
Lebanon;Female;2003;2170966.0
Lebanon;Rural;2003;504674.0
Lebanon;Urban;2003;3196790.0
Lebanon;Total;2004;4569378.0
Lebanon;Male;2004;2318372.0
Lebanon;Female;2004;2251005.0
Lebanon;Rural;2004;521754.0
Lebanon;Urban;2004;3341513.0
Lebanon;Total;2005;4698763.0
Lebanon;Male;2005;2390556.0
Lebanon;Female;2005;2308205.0
Lebanon;Rural;2005;533172.0
Lebanon;Urban;2005;3453680.0
Lebanon;Total;2006;4759753.0
Lebanon;Male;2006;2425053.0
Lebanon;Female;2006;2334707.0
Lebanon;Rural;2006;537103.0
Lebanon;Urban;2006;3520247.0
Lebanon;Total;2007;4767344.0
Lebanon;Male;2007;2429879.0
Lebanon;Female;2007;2337468.0
Lebanon;Rural;2007;535295.0
Lebanon;Urban;2007;3551171.0
Lebanon;Total;2008;4764741.0
Lebanon;Male;2008;2427254.0
Lebanon;Female;2008;2337491.0
Lebanon;Rural;2008;532696.0
Lebanon;Urban;2008;3578351.0
Lebanon;Total;2009;4813026.0
Lebanon;Male;2009;2448762.0
Lebanon;Female;2009;2364264.0
Lebanon;Rural;2009;536000.0
Lebanon;Urban;2009;3647156.0
Lebanon;Total;2010;4953061.0
Lebanon;Male;2010;2515674.0
Lebanon;Female;2010;2437390.0
Lebanon;Rural;2010;549350.0
Lebanon;Urban;2010;3787791.0
Lebanon;Total;2011;5202026.0
Lebanon;Male;2011;2636642.0
Lebanon;Female;2011;2565380.0
Lebanon;Rural;2011;574302.0
Lebanon;Urban;2011;4014066.0
Lebanon;Total;2012;5537612.0
Lebanon;Male;2012;2800438.0
Lebanon;Female;2012;2737182.0
Lebanon;Rural;2012;607879.0
Lebanon;Urban;2012;4308525.0
Lebanon;Total;2013;5913022.0
Lebanon;Male;2013;2984100.0
Lebanon;Female;2013;2928916.0
Lebanon;Rural;2013;644202.0
Lebanon;Urban;2013;4631900.0
Lebanon;Total;2014;6261044.0
Lebanon;Male;2014;3154600.0
Lebanon;Female;2014;3106446.0
Lebanon;Rural;2014;675369.0
Lebanon;Urban;2014;4927910.0
Lebanon;Total;2015;6532678.0
Lebanon;Male;2015;3287820.0
Lebanon;Female;2015;3244861.0
Lebanon;Rural;2015;695996.0
Lebanon;Urban;2015;5155483.0
Lebanon;Total;2016;6714281.0
Lebanon;Male;2016;3377146.0
Lebanon;Female;2016;3337135.0
Lebanon;Rural;2016;704804.0
Lebanon;Urban;2016;5301864.0
Lebanon;Total;2017;6819373.0
Lebanon;Male;2017;3429311.0
Lebanon;Female;2017;3390062.0
Lebanon;Rural;2017;703805.0
Lebanon;Urban;2017;5378552.0
Lebanon;Total;2018;6859408.0
Lebanon;Male;2018;3449884.0
Lebanon;Female;2018;3409524.0
Lebanon;Rural;2018;695098.0
Lebanon;Urban;2018;5398411.0
Lesotho;Total;2000;2032804.0
Lesotho;Male;2000;976684.0
Lesotho;Female;2000;1056121.0
Lesotho;Rural;2000;1503411.0
Lesotho;Urban;2000;365288.0
Lesotho;Total;2001;2035740.0
Lesotho;Male;2001;977323.0
Lesotho;Female;2001;1058415.0
Lesotho;Rural;2001;1507504.0
Lesotho;Urban;2001;378451.0
Lesotho;Total;2002;2029829.0
Lesotho;Male;2002;975179.0
Lesotho;Female;2002;1054653.0
Lesotho;Rural;2002;1510496.0
Lesotho;Urban;2002;391816.0
Lesotho;Total;2003;2018348.0
Lesotho;Male;2003;971369.0
Lesotho;Female;2003;1046986.0000000001
Lesotho;Rural;2003;1512665.0
Lesotho;Urban;2003;405432.0
Lesotho;Total;2004;2005940.0
Lesotho;Male;2004;967346.0
Lesotho;Female;2004;1038607.0
Lesotho;Rural;2004;1514330.0
Lesotho;Urban;2004;419398.0
Lesotho;Total;2005;1996114.0
Lesotho;Male;2005;964204.0
Lesotho;Female;2005;1031911.0
Lesotho;Rural;2005;1515794.0
Lesotho;Urban;2005;433749.0
Lesotho;Total;2006;1989939.0
Lesotho;Male;2006;962394.0
Lesotho;Female;2006;1027539.0
Lesotho;Rural;2006;1517098.0
Lesotho;Urban;2006;448564.0
Lesotho;Total;2007;1986922.0
Lesotho;Male;2007;961930.0
Lesotho;Female;2007;1024996.0000000001
Lesotho;Rural;2007;1520337.0
Lesotho;Urban;2007;461950.0
Lesotho;Total;2008;1987129.0
Lesotho;Male;2008;962997.0
Lesotho;Female;2008;1024133.0
Lesotho;Rural;2008;1524036.0
Lesotho;Urban;2008;475894.0
Lesotho;Total;2009;1990131.0
Lesotho;Male;2009;965656.0
Lesotho;Female;2009;1024479.0
Lesotho;Rural;2009;1528685.0
Lesotho;Urban;2009;490524.0
Lesotho;Total;2010;1995581.0
Lesotho;Male;2010;969901.0
Lesotho;Female;2010;1025674.0
Lesotho;Rural;2010;1534536.0
Lesotho;Urban;2010;506015.0
Lesotho;Total;2011;2003788.0
Lesotho;Male;2011;975951.0
Lesotho;Female;2011;1027842.0000000001
Lesotho;Rural;2011;1541726.0
Lesotho;Urban;2011;522440.00000000006
Lesotho;Total;2012;2014994.0
Lesotho;Male;2012;983782.0
Lesotho;Female;2012;1031205.9999999999
Lesotho;Rural;2012;1552732.0
Lesotho;Urban;2012;537196.0
Lesotho;Total;2013;2028530.0
Lesotho;Male;2013;992872.0
Lesotho;Female;2013;1035656.0
Lesotho;Rural;2013;1564710.0
Lesotho;Urban;2013;552651.0
Lesotho;Total;2014;2043445.0
Lesotho;Male;2014;1002448.0
Lesotho;Female;2014;1041000.0
Lesotho;Rural;2014;1577102.0
Lesotho;Urban;2014;568683.0
Lesotho;Total;2015;2059021.0000000002
Lesotho;Male;2015;1011929.0
Lesotho;Female;2015;1047082.0000000001
Lesotho;Rural;2015;1589499.0
Lesotho;Urban;2015;585146.0
Lesotho;Total;2016;2075030.0000000002
Lesotho;Male;2016;1021145.0
Lesotho;Female;2016;1053896.0
Lesotho;Rural;2016;1601793.0
Lesotho;Urban;2016;602028.0
Lesotho;Total;2017;2091534.0
Lesotho;Male;2017;1030162.0
Lesotho;Female;2017;1061370.0
Lesotho;Rural;2017;1614034.0
Lesotho;Urban;2017;619305.0
Lesotho;Total;2018;2108328.0
Lesotho;Male;2018;1039049.0
Lesotho;Female;2018;1069278.0
Lesotho;Rural;2018;1625909.0
Lesotho;Urban;2018;637101.0
Liberia;Total;2000;2848456.0
Liberia;Male;2000;1420069.0
Liberia;Female;2000;1428378.0
Liberia;Rural;2000;1605791.0
Liberia;Urban;2000;1278731.0
Liberia;Total;2001;2953927.0
Liberia;Male;2001;1473500.0
Liberia;Female;2001;1480428.0
Liberia;Rural;2001;1654891.0
Liberia;Urban;2001;1336241.0
Liberia;Total;2002;3024729.0
Liberia;Male;2002;1509735.0
Liberia;Female;2002;1514992.0
Liberia;Rural;2002;1684052.0
Liberia;Urban;2002;1378811.0
Liberia;Total;2003;3077058.0
Liberia;Male;2003;1536817.0
Liberia;Female;2003;1540238.0
Liberia;Rural;2003;1702673.0
Liberia;Urban;2003;1413560.0
Liberia;Total;2004;3135651.0
Liberia;Male;2004;1566996.0
Liberia;Female;2004;1568658.0
Liberia;Rural;2004;1724596.0
Liberia;Urban;2004;1451818.0
Liberia;Total;2005;3218116.0
Liberia;Male;2005;1608994.0
Liberia;Female;2005;1609120.0
Liberia;Rural;2005;1759411.0
Liberia;Urban;2005;1501819.0
Liberia;Total;2006;3329211.0
Liberia;Male;2006;1665168.0
Liberia;Female;2006;1664043.0
Liberia;Rural;2006;1809583.0
Liberia;Urban;2006;1566255.0
Liberia;Total;2007;3461911.0
Liberia;Male;2007;1732039.0
Liberia;Female;2007;1729872.0
Liberia;Rural;2007;1870927.0
Liberia;Urban;2007;1642005.0
Liberia;Total;2008;3607860.0
Liberia;Male;2008;1805491.0
Liberia;Female;2008;1802372.0
Liberia;Rural;2008;1938155.0
Liberia;Urban;2008;1724838.0
Liberia;Total;2009;3754133.0
Liberia;Male;2009;1879141.0
Liberia;Female;2009;1874988.0
Liberia;Rural;2009;2003149.0
Liberia;Urban;2009;1808379.0
Liberia;Total;2010;3891356.0
Liberia;Male;2010;1948395.0
Liberia;Female;2010;1942962.0
Liberia;Rural;2010;2060391.9999999998
Liberia;Urban;2010;1887733.0
Liberia;Total;2011;4017443.0
Liberia;Male;2011;2012214.0
Liberia;Female;2011;2005232.0
Liberia;Rural;2011;2108635.0
Liberia;Urban;2011;1961532.0
Liberia;Total;2012;4135658.9999999995
Liberia;Male;2012;2072203.0
Liberia;Female;2012;2063458.9999999998
Liberia;Rural;2012;2150015.0
Liberia;Urban;2012;2031548.0
Liberia;Total;2013;4248334.0
Liberia;Male;2013;2129524.0
Liberia;Female;2013;2118813.0
Liberia;Rural;2013;2186655.0
Liberia;Urban;2013;2099636.0
Liberia;Total;2014;4359506.0
Liberia;Male;2014;2186166.0
Liberia;Female;2014;2173342.0
Liberia;Rural;2014;2221838.0
Liberia;Urban;2014;2168899.0
Liberia;Total;2015;4472230.0
Liberia;Male;2015;2243640.0
Liberia;Female;2015;2228589.0
Liberia;Rural;2015;2257906.0
Liberia;Urban;2015;2241715.0
Liberia;Total;2016;4586787.0
Liberia;Male;2016;2302083.0
Liberia;Female;2016;2284705.0
Liberia;Rural;2016;2295213.0
Liberia;Urban;2016;2318610.0
Liberia;Total;2017;4702226.0
Liberia;Male;2017;2361022.0
Liberia;Female;2017;2341202.0
Liberia;Rural;2017;2332953.0
Liberia;Urban;2017;2398953.0
Liberia;Total;2018;4818973.0
Liberia;Male;2018;2420654.0
Liberia;Female;2018;2398322.0
Liberia;Rural;2018;2370874.0
Liberia;Urban;2018;2482642.0
Libya;Total;2000;5357891.0
Libya;Male;2000;2780979.0
Libya;Female;2000;2576914.0
Libya;Rural;2000;1264648.0
Libya;Urban;2000;4091103.0
Libya;Total;2001;5443248.0
Libya;Male;2001;2821267.0
Libya;Female;2001;2621982.0
Libya;Rural;2001;1278407.0
Libya;Urban;2001;4162158.9999999995
Libya;Total;2002;5531089.0
Libya;Male;2002;2863225.0
Libya;Female;2002;2667872.0
Libya;Rural;2002;1291813.0
Libya;Urban;2002;4235702.0
Libya;Total;2003;5620547.0
Libya;Male;2003;2906061.0
Libya;Female;2003;2714484.0
Libya;Rural;2003;1304684.0
Libya;Urban;2003;4311268.0
Libya;Total;2004;5710154.0
Libya;Male;2004;2948555.0
Libya;Female;2004;2761608.0
Libya;Rural;2004;1316735.0
Libya;Urban;2004;4388024.0
Libya;Total;2005;5798614.0
Libya;Male;2005;2989680.0
Libya;Female;2005;2808935.0
Libya;Rural;2005;1327659.0
Libya;Urban;2005;4465029.0
Libya;Total;2006;5886872.0
Libya;Male;2006;3029857.0
Libya;Female;2006;2857017.0
Libya;Rural;2006;1337827.0
Libya;Urban;2006;4543608.0
Libya;Total;2007;5974787.0
Libya;Male;2007;3069170.0
Libya;Female;2007;2905616.0
Libya;Rural;2007;1347074.0
Libya;Urban;2007;4623288.0
Libya;Total;2008;6058748.0
Libya;Male;2008;3105960.0
Libya;Female;2008;2952780.0
Libya;Rural;2008;1353957.0
Libya;Urban;2008;4699121.0
Libya;Total;2009;6133984.0
Libya;Male;2009;3138059.0
Libya;Female;2009;2995928.0
Libya;Rural;2009;1356609.0
Libya;Urban;2009;4764444.0
Libya;Total;2010;6197663.0
Libya;Male;2010;3164248.0
Libya;Female;2010;3033419.0
Libya;Rural;2010;1353986.0
Libya;Urban;2010;4815154.0
Libya;Total;2011;6247439.0
Libya;Male;2011;3183328.0
Libya;Female;2011;3064110.0
Libya;Rural;2011;1345388.0
Libya;Urban;2011;4848113.0
Libya;Total;2012;6285748.0
Libya;Male;2012;3196569.0
Libya;Female;2012;3089182.0
Libya;Rural;2012;1331872.0
Libya;Urban;2012;4866386.0
Libya;Total;2013;6320360.0
Libya;Male;2013;3208236.0
Libya;Female;2013;3112114.0
Libya;Rural;2013;1316263.0
Libya;Urban;2013;4879707.0
Libya;Total;2014;6362037.0
Libya;Male;2014;3224186.0
Libya;Female;2014;3137853.0
Libya;Rural;2014;1302302.0
Libya;Urban;2014;4901806.0
Libya;Total;2015;6418315.0
Libya;Male;2015;3248490.0
Libya;Female;2015;3169825.0
Libya;Rural;2015;1292476.0
Libya;Urban;2015;4942479.0
Libya;Total;2016;6492162.0
Libya;Male;2016;3282817.0
Libya;Female;2016;3209343.0
Libya;Rural;2016;1287595.0
Libya;Urban;2016;5005658.0
Libya;Total;2017;6580724.0
Libya;Male;2017;3325600.0
Libya;Female;2017;3255123.0
Libya;Rural;2017;1286565.0
Libya;Urban;2017;5088051.0
Libya;Total;2018;6678559.0
Libya;Male;2018;3373758.0
Libya;Female;2018;3304807.0
Libya;Rural;2018;1287593.0
Libya;Urban;2018;5183363.0
Liechtenstein;Total;2000;33184.0
Liechtenstein;Rural;2000;28250.0
Liechtenstein;Urban;2000;5036.0
Liechtenstein;Total;2001;33552.0
Liechtenstein;Rural;2001;28633.0
Liechtenstein;Urban;2001;5038.0
Liechtenstein;Total;2002;33879.0
Liechtenstein;Rural;2002;28947.0
Liechtenstein;Urban;2002;5071.0
Liechtenstein;Total;2003;34175.0
Liechtenstein;Rural;2003;29224.0
Liechtenstein;Urban;2003;5097.0
Liechtenstein;Total;2004;34452.0
Liechtenstein;Rural;2004;29478.0
Liechtenstein;Urban;2004;5118.0
Liechtenstein;Total;2005;34713.0
Liechtenstein;Rural;2005;29715.0
Liechtenstein;Urban;2005;5137.0
Liechtenstein;Total;2006;34970.0
Liechtenstein;Rural;2006;29942.0
Liechtenstein;Urban;2006;5153.0
Liechtenstein;Total;2007;35217.0
Liechtenstein;Rural;2007;30155.0
Liechtenstein;Urban;2007;5167.0
Liechtenstein;Total;2008;35471.0
Liechtenstein;Rural;2008;30361.0
Liechtenstein;Urban;2008;5180.0
Liechtenstein;Total;2009;35727.0
Liechtenstein;Rural;2009;30573.0
Liechtenstein;Urban;2009;5193.0
Liechtenstein;Total;2010;35994.0
Liechtenstein;Rural;2010;30795.0
Liechtenstein;Urban;2010;5208.0
Liechtenstein;Total;2011;36293.0
Liechtenstein;Rural;2011;31038.0
Liechtenstein;Urban;2011;5226.0
Liechtenstein;Total;2012;36615.0
Liechtenstein;Rural;2012;31295.0
Liechtenstein;Urban;2012;5250.0
Liechtenstein;Total;2013;36934.0
Liechtenstein;Rural;2013;31554.0
Liechtenstein;Urban;2013;5280.0
Liechtenstein;Total;2014;37223.0
Liechtenstein;Rural;2014;31813.0
Liechtenstein;Urban;2014;5314.0
Liechtenstein;Total;2015;37470.0
Liechtenstein;Rural;2015;32052.999999999996
Liechtenstein;Urban;2015;5350.0
Liechtenstein;Total;2016;37658.0
Liechtenstein;Rural;2016;32278.0
Liechtenstein;Urban;2016;5388.0
Liechtenstein;Total;2017;37800.0
Liechtenstein;Rural;2017;32493.000000000004
Liechtenstein;Urban;2017;5429.0
Liechtenstein;Total;2018;37910.0
Liechtenstein;Rural;2018;32685.000000000004
Liechtenstein;Urban;2018;5470.0
Lithuania;Total;2000;3501839.0
Lithuania;Male;2000;1638985.0
Lithuania;Female;2000;1862857.0
Lithuania;Rural;2000;1156103.0
Lithuania;Urban;2000;2345732.0
Lithuania;Total;2001;3473625.0
Lithuania;Male;2001;1623474.0
Lithuania;Female;2001;1850149.0
Lithuania;Rural;2001;1149120.0
Lithuania;Urban;2001;2324497.0
Lithuania;Total;2002;3444763.0
Lithuania;Male;2002;1607749.0
Lithuania;Female;2002;1837028.0
Lithuania;Rural;2002;1142699.0
Lithuania;Urban;2002;2302055.0
Lithuania;Total;2003;3414365.0
Lithuania;Male;2003;1591290.0
Lithuania;Female;2003;1823077.0
Lithuania;Rural;2003;1135717.0
Lithuania;Urban;2003;2278635.0
Lithuania;Total;2004;3381131.0
Lithuania;Male;2004;1573382.0
Lithuania;Female;2004;1807752.0
Lithuania;Rural;2004;1127745.0
Lithuania;Urban;2004;2253373.0
Lithuania;Total;2005;3344268.0
Lithuania;Male;2005;1553573.0
Lithuania;Female;2005;1790686.0
Lithuania;Rural;2005;1115801.0
Lithuania;Urban;2005;2228451.0
Lithuania;Total;2006;3303335.0
Lithuania;Male;2006;1531620.0
Lithuania;Female;2006;1771709.0
Lithuania;Rural;2006;1099915.0
Lithuania;Urban;2006;2203756.0
Lithuania;Total;2007;3258980.0
Lithuania;Male;2007;1507927.0
Lithuania;Female;2007;1751057.0
Lithuania;Rural;2007;1083093.0
Lithuania;Urban;2007;2176998.0
Lithuania;Total;2008;3212865.0
Lithuania;Male;2008;1483537.0
Lithuania;Female;2008;1729330.0
Lithuania;Rural;2008;1065707.0
Lithuania;Urban;2008;2148920.0
Lithuania;Total;2009;3167265.0
Lithuania;Male;2009;1459874.0
Lithuania;Female;2009;1707396.0
Lithuania;Rural;2009;1050712.0
Lithuania;Urban;2009;2118060.0
Lithuania;Total;2010;3123816.0
Lithuania;Male;2010;1437954.0
Lithuania;Female;2010;1685871.0
Lithuania;Rural;2010;1038457.0000000001
Lithuania;Urban;2010;2085346.0
Lithuania;Total;2011;3083403.0
Lithuania;Male;2011;1418255.0
Lithuania;Female;2011;1665147.0
Lithuania;Rural;2011;1024337.0
Lithuania;Urban;2011;2055543.9999999998
Lithuania;Total;2012;3045561.0
Lithuania;Male;2012;1400486.0
Lithuania;Female;2012;1645075.0
Lithuania;Rural;2012;1006428.0
Lithuania;Urban;2012;2030818.0
Lithuania;Total;2013;3008934.0
Lithuania;Male;2013;1383905.0
Lithuania;Female;2013;1625033.0
Lithuania;Rural;2013;989541.0
Lithuania;Urban;2013;2007793.0
Lithuania;Total;2014;2971497.0
Lithuania;Male;2014;1367386.0
Lithuania;Female;2014;1604112.0
Lithuania;Rural;2014;974207.0
Lithuania;Urban;2014;1987639.0
Lithuania;Total;2015;2931880.0
Lithuania;Male;2015;1350137.0
Lithuania;Female;2015;1581735.0
Lithuania;Rural;2015;960792.0
Lithuania;Urban;2015;1971134.0
Lithuania;Total;2016;2889557.0
Lithuania;Male;2016;1331949.0
Lithuania;Female;2016;1557606.0
Lithuania;Rural;2016;949079.0
Lithuania;Urban;2016;1959170.0
Lithuania;Total;2017;2845414.0
Lithuania;Male;2017;1313179.0
Lithuania;Female;2017;1532240.0
Lithuania;Rural;2017;938898.0
Lithuania;Urban;2017;1951399.0
Lithuania;Total;2018;2801264.0
Lithuania;Male;2018;1294412.0
Lithuania;Female;2018;1506858.0
Lithuania;Rural;2018;929713.0
Lithuania;Urban;2018;1946762.0
Luxembourg;Total;2000;436103.0
Luxembourg;Male;2000;214787.0
Luxembourg;Female;2000;221319.0
Luxembourg;Rural;2000;68834.0
Luxembourg;Urban;2000;367269.0
Luxembourg;Total;2001;440198.0
Luxembourg;Male;2001;216878.0
Luxembourg;Female;2001;223319.0
Luxembourg;Rural;2001;66722.0
Luxembourg;Urban;2001;373476.0
Luxembourg;Total;2002;443726.0
Luxembourg;Male;2002;218667.0
Luxembourg;Female;2002;225060.0
Luxembourg;Rural;2002;65233.99999999999
Luxembourg;Urban;2002;378492.0
Luxembourg;Total;2003;447322.0
Luxembourg;Male;2003;220495.0
Luxembourg;Female;2003;226822.0
Luxembourg;Rural;2003;63775.0
Luxembourg;Urban;2003;383547.0
Luxembourg;Total;2004;451819.0
Luxembourg;Male;2004;222807.0
Luxembourg;Female;2004;229015.0
Luxembourg;Rural;2004;62457.0
Luxembourg;Urban;2004;389362.0
Luxembourg;Total;2005;457842.0
Luxembourg;Male;2005;225935.0
Luxembourg;Female;2005;231913.0
Luxembourg;Rural;2005;61360.0
Luxembourg;Urban;2005;396482.0
Luxembourg;Total;2006;465610.0
Luxembourg;Male;2006;229972.0
Luxembourg;Female;2006;235639.0
Luxembourg;Rural;2006;60480.0
Luxembourg;Urban;2006;405074.0
Luxembourg;Total;2007;474915.0
Luxembourg;Male;2007;234830.0
Luxembourg;Female;2007;240087.0
Luxembourg;Rural;2007;59770.0
Luxembourg;Urban;2007;414952.0
Luxembourg;Total;2008;485405.0
Luxembourg;Male;2008;240331.0
Luxembourg;Female;2008;245072.0
Luxembourg;Rural;2008;59185.0
Luxembourg;Urban;2008;425920.0
Luxembourg;Total;2009;496527.0
Luxembourg;Male;2009;246224.0
Luxembourg;Female;2009;250312.0
Luxembourg;Rural;2009;58668.0
Luxembourg;Urban;2009;437611.0
Luxembourg;Total;2010;507889.0
Luxembourg;Male;2010;252297.0
Luxembourg;Female;2010;255593.0
Luxembourg;Rural;2010;58167.0
Luxembourg;Urban;2010;449722.0
Luxembourg;Total;2011;519307.0
Luxembourg;Male;2011;258466.99999999997
Luxembourg;Female;2011;260845.00000000003
Luxembourg;Rural;2011;57681.0
Luxembourg;Urban;2011;462260.0
Luxembourg;Total;2012;530857.0
Luxembourg;Male;2012;264756.0
Luxembourg;Female;2012;266099.0
Luxembourg;Rural;2012;57239.0
Luxembourg;Urban;2012;475148.0
Luxembourg;Total;2013;542560.0
Luxembourg;Male;2013;271169.0
Luxembourg;Female;2013;271385.0
Luxembourg;Rural;2013;56792.0
Luxembourg;Urban;2013;487929.0
Luxembourg;Total;2014;554516.0
Luxembourg;Male;2014;277734.0
Luxembourg;Female;2014;276778.0
Luxembourg;Rural;2014;56277.0
Luxembourg;Urban;2014;500039.0
Luxembourg;Total;2015;566741.0
Luxembourg;Male;2015;284441.0
Luxembourg;Female;2015;282300.0
Luxembourg;Rural;2015;55660.0
Luxembourg;Urban;2015;511081.0
Luxembourg;Total;2016;579264.0
Luxembourg;Male;2016;291292.0
Luxembourg;Female;2016;287974.0
Luxembourg;Rural;2016;54927.0
Luxembourg;Urban;2016;520820.00000000006
Luxembourg;Total;2017;591910.0
Luxembourg;Male;2017;298197.0
Luxembourg;Female;2017;293717.0
Luxembourg;Rural;2017;54103.0
Luxembourg;Urban;2017;529352.0
Luxembourg;Total;2018;604245.0
Luxembourg;Male;2018;304906.0
Luxembourg;Female;2018;299338.0
Luxembourg;Rural;2018;53239.0
Luxembourg;Urban;2018;537082.0
Madagascar;Total;2000;15766806.0
Madagascar;Male;2000;7850485.0
Madagascar;Female;2000;7916321.0
Madagascar;Rural;2000;11490635.0
Madagascar;Urban;2000;4276171.0
Madagascar;Total;2001;16260932.0
Madagascar;Male;2001;8096108.0
Madagascar;Female;2001;8164825.0
Madagascar;Rural;2001;11806896.0
Madagascar;Urban;2001;4454036.0
Madagascar;Total;2002;16765116.999999998
Madagascar;Male;2002;8347056.000000001
Madagascar;Female;2002;8418066.0
Madagascar;Rural;2002;12127427.0
Madagascar;Urban;2002;4637690.0
Madagascar;Total;2003;17279141.0
Madagascar;Male;2003;8603150.0
Madagascar;Female;2003;8675989.0
Madagascar;Rural;2003;12452023.0
Madagascar;Urban;2003;4827118.0
Madagascar;Total;2004;17802997.0
Madagascar;Male;2004;8864314.0
Madagascar;Female;2004;8938678.0
Madagascar;Rural;2004;12780505.0
Madagascar;Urban;2004;5022492.0
Madagascar;Total;2005;18336724.0
Madagascar;Male;2005;9130493.0
Madagascar;Female;2005;9206229.0
Madagascar;Rural;2005;13053181.0
Madagascar;Urban;2005;5283543.0
Madagascar;Total;2006;18880269.0
Madagascar;Male;2006;9401627.0
Madagascar;Female;2006;9478638.0
Madagascar;Rural;2006;13324762.0
Madagascar;Urban;2006;5555506.0
Madagascar;Total;2007;19433530.0
Madagascar;Male;2007;9677684.0
Madagascar;Female;2007;9755836.0
Madagascar;Rural;2007;13595040.0
Madagascar;Urban;2007;5838483.0
Madagascar;Total;2008;19996473.0
Madagascar;Male;2008;9958741.0
Madagascar;Female;2008;10037735.0
Madagascar;Rural;2008;13863552.0
Madagascar;Urban;2008;6132917.0
Madagascar;Total;2009;20569117.0
Madagascar;Male;2009;10244892.0
Madagascar;Female;2009;10324223.0
Madagascar;Rural;2009;14130850.0
Madagascar;Urban;2009;6438271.0
Madagascar;Total;2010;21151640.0
Madagascar;Male;2010;10536295.0
Madagascar;Female;2010;10615345.0
Madagascar;Rural;2010;14396303.0
Madagascar;Urban;2010;6755337.0
Madagascar;Total;2011;21743967.0
Madagascar;Male;2011;10832943.0
Madagascar;Female;2011;10911027.0
Madagascar;Rural;2011;14659814.0
Madagascar;Urban;2011;7084135.0
Madagascar;Total;2012;22346645.0
Madagascar;Male;2012;11135051.0
Madagascar;Female;2012;11211590.0
Madagascar;Rural;2012;14921525.0
Madagascar;Urban;2012;7425048.0
Madagascar;Total;2013;22961255.0
Madagascar;Male;2013;11443331.0
Madagascar;Female;2013;11517928.0
Madagascar;Rural;2013;15182304.0
Madagascar;Urban;2013;7778842.0
Madagascar;Total;2014;23589888.0
Madagascar;Male;2014;11758685.0
Madagascar;Female;2014;11831212.0
Madagascar;Rural;2014;15443315.0
Madagascar;Urban;2014;8146486.0
Madagascar;Total;2015;24234088.0
Madagascar;Male;2015;12081791.0
Madagascar;Female;2015;12152289.0
Madagascar;Rural;2015;15705295.0
Madagascar;Urban;2015;8528793.0
Madagascar;Total;2016;24894370.0
Madagascar;Male;2016;12412889.0
Madagascar;Female;2016;12481481.0
Madagascar;Rural;2016;15968305.0
Madagascar;Urban;2016;8926246.0
Madagascar;Total;2017;25570512.0
Madagascar;Male;2017;12751850.0
Madagascar;Female;2017;12818661.0
Madagascar;Rural;2017;16231870.0
Madagascar;Urban;2017;9339025.0
Madagascar;Total;2018;26262313.0
Madagascar;Male;2018;13098600.0
Madagascar;Female;2018;13163713.0
Madagascar;Rural;2018;16495525.000000002
Madagascar;Urban;2018;9767285.0
Malawi;Total;2000;11148758.0
Malawi;Male;2000;5503577.0
Malawi;Female;2000;5645174.0
Malawi;Rural;2000;9714122.0
Malawi;Urban;2000;1662050.0
Malawi;Total;2001;11432000.0
Malawi;Male;2001;5638808.0
Malawi;Female;2001;5793193.0
Malawi;Rural;2001;9976835.0
Malawi;Urban;2001;1719028.0
Malawi;Total;2002;11713664.0
Malawi;Male;2002;5773715.0
Malawi;Female;2002;5939948.0
Malawi;Rural;2002;10237350.0
Malawi;Urban;2002;1776361.0
Malawi;Total;2003;12000181.0
Malawi;Male;2003;5911521.0
Malawi;Female;2003;6088662.0
Malawi;Rural;2003;10501614.0
Malawi;Urban;2003;1835073.0
Malawi;Total;2004;12301838.0
Malawi;Male;2004;6057272.0
Malawi;Female;2004;6244565.0
Malawi;Rural;2004;10779157.0
Malawi;Urban;2004;1896881.0
Malawi;Total;2005;12625952.0
Malawi;Male;2005;6214591.0
Malawi;Female;2005;6411359.0
Malawi;Rural;2005;11076729.0
Malawi;Urban;2005;1962982.0
Malawi;Total;2006;12973699.0
Malawi;Male;2006;6384079.0
Malawi;Female;2006;6589614.0
Malawi;Rural;2006;11395534.0
Malawi;Urban;2006;2033728.0
Malawi;Total;2007;13341806.0
Malawi;Male;2007;6564193.0
Malawi;Female;2007;6777615.0
Malawi;Rural;2007;11732355.0
Malawi;Urban;2007;2108614.0
Malawi;Total;2008;13727890.0
Malawi;Male;2008;6753765.0
Malawi;Female;2008;6974134.0
Malawi;Rural;2008;12084063.0
Malawi;Urban;2008;2187171.0
Malawi;Total;2009;14128155.0
Malawi;Male;2009;6950921.0
Malawi;Female;2009;7177240.0
Malawi;Rural;2009;12444330.0
Malawi;Urban;2009;2270272.0
Malawi;Total;2010;14539612.0
Malawi;Male;2010;7154190.0
Malawi;Female;2010;7385419.0
Malawi;Rural;2010;12809514.0
Malawi;Urban;2010;2357581.0
Malawi;Total;2011;14962115.0
Malawi;Male;2011;7363506.0
Malawi;Female;2011;7598612.0
Malawi;Rural;2011;13178480.0
Malawi;Urban;2011;2449138.0
Malawi;Total;2012;15396015.0
Malawi;Male;2012;7578989.0
Malawi;Female;2012;7817021.0
Malawi;Rural;2012;13551942.0
Malawi;Urban;2012;2545363.0
Malawi;Total;2013;15839286.0
Malawi;Male;2013;7799458.0
Malawi;Female;2013;8039829.0
Malawi;Rural;2013;13930476.0
Malawi;Urban;2013;2646671.0
Malawi;Total;2014;16289552.0
Malawi;Male;2014;8023484.0
Malawi;Female;2014;8266066.000000001
Malawi;Rural;2014;14315223.0
Malawi;Urban;2014;2753615.0
Malawi;Total;2015;16745303.0
Malawi;Male;2015;8250134.0
Malawi;Female;2015;8495171.0
Malawi;Rural;2015;14706907.0
Malawi;Urban;2015;2866700.0
Malawi;Total;2016;17205261.0
Malawi;Male;2016;8478682.0
Malawi;Female;2016;8726571.0
Malawi;Rural;2016;15105299.0
Malawi;Urban;2016;2986276.0
Malawi;Total;2017;17670196.0
Malawi;Male;2017;8709558.0
Malawi;Female;2017;8960635.0
Malawi;Rural;2017;15509514.0
Malawi;Urban;2017;3112590.0
Malawi;Total;2018;18143217.0
Malawi;Male;2018;8944330.0
Malawi;Female;2018;9198885.0
Malawi;Rural;2018;15918795.0
Malawi;Urban;2018;3245933.0
Malaysia;Total;2000;23194257.0
Malaysia;Male;2000;11818005.0
Malaysia;Female;2000;11376247.0
Malaysia;Rural;2000;8815954.0
Malaysia;Urban;2000;14369654.0
Malaysia;Total;2001;23709119.0
Malaysia;Male;2001;12090530.0
Malaysia;Female;2001;11618585.0
Malaysia;Rural;2001;8787057.0
Malaysia;Urban;2001;14911850.0
Malaysia;Total;2002;24208391.0
Malaysia;Male;2002;12358191.0
Malaysia;Female;2002;11850200.0
Malaysia;Rural;2002;8746392.0
Malaysia;Urban;2002;15452419.0
Malaysia;Total;2003;24698819.0
Malaysia;Male;2003;12624153.0
Malaysia;Female;2003;12074668.0
Malaysia;Rural;2003;8695421.0
Malaysia;Urban;2003;15993282.0
Malaysia;Total;2004;25190652.0
Malaysia;Male;2004;12893155.0
Malaysia;Female;2004;12297492.0
Malaysia;Rural;2004;8636297.0
Malaysia;Urban;2004;16537812.000000002
Malaysia;Total;2005;25690611.0
Malaysia;Male;2005;13168052.0
Malaysia;Female;2005;12522563.0
Malaysia;Rural;2005;8571839.0
Malaysia;Urban;2005;17087554.0
Malaysia;Total;2006;26201961.0
Malaysia;Male;2006;13450749.0
Malaysia;Female;2006;12751205.0
Malaysia;Rural;2006;8501085.0
Malaysia;Urban;2006;17642481.0
Malaysia;Total;2007;26720370.0
Malaysia;Male;2007;13738502.0
Malaysia;Female;2007;12981865.0
Malaysia;Rural;2007;8424428.0
Malaysia;Urban;2007;18201417.0
Malaysia;Total;2008;27236006.0
Malaysia;Male;2008;14023884.0
Malaysia;Female;2008;13212119.0
Malaysia;Rural;2008;8343387.000000001
Malaysia;Urban;2008;18767682.0
Malaysia;Total;2009;27735040.0
Malaysia;Male;2009;14296750.0
Malaysia;Female;2009;13438288.0
Malaysia;Rural;2009;8260981.0
Malaysia;Urban;2009;19344402.0
Malaysia;Total;2010;28208035.0
Malaysia;Male;2010;14550127.0
Malaysia;Female;2010;13657901.0
Malaysia;Rural;2010;8177340.0
Malaysia;Urban;2010;19934949.0
Malaysia;Total;2011;28650959.0
Malaysia;Male;2011;14780918.0
Malaysia;Female;2011;13870044.0
Malaysia;Rural;2011;8129924.0
Malaysia;Urban;2011;20505204.0
Malaysia;Total;2012;29068189.0
Malaysia;Male;2012;14992118.0
Malaysia;Female;2012;14076071.0
Malaysia;Rural;2012;8087429.0
Malaysia;Urban;2012;21083027.0
Malaysia;Total;2013;29468923.0
Malaysia;Male;2013;15190442.0
Malaysia;Female;2013;14278481.0
Malaysia;Rural;2013;8041475.0
Malaysia;Urban;2013;21665249.0
Malaysia;Total;2014;29866603.0
Malaysia;Male;2014;15385727.0
Malaysia;Female;2014;14480879.0
Malaysia;Rural;2014;7987242.0
Malaysia;Urban;2014;22240775.0
Malaysia;Total;2015;30270962.0
Malaysia;Male;2015;15585167.0
Malaysia;Female;2015;14685798.0
Malaysia;Rural;2015;7922592.0
Malaysia;Urban;2015;22800563.0
Malaysia;Total;2016;30684654.0
Malaysia;Male;2016;15790718.0
Malaysia;Female;2016;14893934.0
Malaysia;Rural;2016;7846716.0
Malaysia;Urban;2016;23340549.0
Malaysia;Total;2017;31104646.0
Malaysia;Male;2017;16000312.0
Malaysia;Female;2017;15104343.0
Malaysia;Rural;2017;7764814.0
Malaysia;Urban;2017;23859450.0
Malaysia;Total;2018;31528033.0
Malaysia;Male;2018;16212181.0
Malaysia;Female;2018;15315852.0
Malaysia;Rural;2018;7678728.0
Malaysia;Urban;2018;24363730.0
Maldives;Total;2000;279398.0
Maldives;Male;2000;141340.0
Maldives;Female;2000;138056.0
Maldives;Rural;2000;202701.0
Maldives;Urban;2000;77683.0
Maldives;Total;2001;286306.0
Maldives;Male;2001;145513.0
Maldives;Female;2001;140796.0
Maldives;Rural;2001;204194.0
Maldives;Urban;2001;82833.0
Maldives;Total;2002;294186.0
Maldives;Male;2002;150489.0
Maldives;Female;2002;143696.0
Maldives;Rural;2002;205915.0
Maldives;Urban;2002;88426.0
Maldives;Total;2003;302683.0
Maldives;Male;2003;155980.0
Maldives;Female;2003;146701.0
Maldives;Rural;2003;207762.0
Maldives;Urban;2003;94447.0
Maldives;Total;2004;311265.0
Maldives;Male;2004;161553.0
Maldives;Female;2004;149712.0
Maldives;Rural;2004;209566.0
Maldives;Urban;2004;100857.0
Maldives;Total;2005;319608.0
Maldives;Male;2005;166948.0
Maldives;Female;2005;152656.0
Maldives;Rural;2005;211230.0
Maldives;Urban;2005;107606.0
Maldives;Total;2006;327487.0
Maldives;Male;2006;171979.0
Maldives;Female;2006;155510.0
Maldives;Rural;2006;213467.0
Maldives;Urban;2006;113904.0
Maldives;Total;2007;335169.0
Maldives;Male;2007;176872.0
Maldives;Female;2007;158300.0
Maldives;Rural;2007;217772.0
Maldives;Urban;2007;118298.0
Maldives;Total;2008;343452.0
Maldives;Male;2008;182346.0
Maldives;Female;2008;161102.0
Maldives;Rural;2008;222180.0
Maldives;Urban;2008;122874.0
Maldives;Total;2009;353398.0
Maldives;Male;2009;189402.0
Maldives;Female;2009;163989.0
Maldives;Rural;2009;226807.0
Maldives;Urban;2009;127694.0
Maldives;Total;2010;365734.0
Maldives;Male;2010;198701.0
Maldives;Female;2010;167029.0
Maldives;Rural;2010;231706.0
Maldives;Urban;2010;132805.0
Maldives;Total;2011;380495.0
Maldives;Male;2011;210247.0
Maldives;Female;2011;170246.0
Maldives;Rural;2011;236899.0
Maldives;Urban;2011;138232.0
Maldives;Total;2012;397237.0
Maldives;Male;2012;223632.0
Maldives;Female;2012;173599.0
Maldives;Rural;2012;242277.0
Maldives;Urban;2012;143926.0
Maldives;Total;2013;415593.0
Maldives;Male;2013;238587.0
Maldives;Female;2013;177005.0
Maldives;Rural;2013;247637.0
Maldives;Urban;2013;149760.0
Maldives;Total;2014;435015.0
Maldives;Male;2014;254672.0
Maldives;Female;2014;180346.0
Maldives;Rural;2014;252679.0
Maldives;Urban;2014;155568.0
Maldives;Total;2015;454915.0
Maldives;Male;2015;271367.0
Maldives;Female;2015;183547.0
Maldives;Rural;2015;257196.00000000003
Maldives;Urban;2015;161207.0
Maldives;Total;2016;475512.0
Maldives;Male;2016;288938.0
Maldives;Female;2016;186567.0
Maldives;Rural;2016;261129.00000000003
Maldives;Urban;2016;166627.0
Maldives;Total;2017;496402.0
Maldives;Male;2017;306973.0
Maldives;Female;2017;189425.0
Maldives;Rural;2017;264503.0
Maldives;Urban;2017;171827.0
Maldives;Total;2018;515696.0
Maldives;Male;2018;323527.0
Maldives;Female;2018;192177.0
Maldives;Rural;2018;267408.0
Maldives;Urban;2018;176851.0
Mali;Total;2000;10946445.0
Mali;Male;2000;5428430.0
Mali;Female;2000;5518018.0
Mali;Rural;2000;7857672.0
Mali;Urban;2000;3110018.0
Mali;Total;2001;11271600.0
Mali;Male;2001;5593382.0
Mali;Female;2001;5678221.0
Mali;Rural;2001;8009704.0
Mali;Urban;2001;3283554.0
Mali;Total;2002;11616887.0
Mali;Male;2002;5768646.0
Mali;Female;2002;5848244.0
Mali;Rural;2002;8169810.0
Mali;Urban;2002;3469119.0
Mali;Total;2003;11982695.0
Mali;Male;2003;5954495.0
Mali;Female;2003;6028197.0
Mali;Rural;2003;8337868.0
Mali;Urban;2003;3667260.0
Mali;Total;2004;12369070.0
Mali;Male;2004;6151064.0
Mali;Female;2004;6218014.0
Mali;Rural;2004;8513241.0
Mali;Urban;2004;3878665.0
Mali;Total;2005;12775516.0
Mali;Male;2005;6358115.0
Mali;Female;2005;6417394.0
Mali;Rural;2005;8695429.0
Mali;Urban;2005;4103334.0
Mali;Total;2006;13203378.0
Mali;Male;2006;6576448.0
Mali;Female;2006;6626930.0
Mali;Rural;2006;8884418.0
Mali;Urban;2006;4342646.0
Mali;Total;2007;13651464.0
Mali;Male;2007;6805329.0
Mali;Female;2007;6846126.0
Mali;Rural;2007;9078960.0
Mali;Urban;2007;4596646.0
Mali;Total;2008;14113577.0
Mali;Male;2008;7041275.0
Mali;Female;2008;7072303.0
Mali;Rural;2008;9274295.0
Mali;Urban;2008;4863921.0
Mali;Total;2009;14581429.0
Mali;Male;2009;7279572.0
Mali;Female;2009;7301855.0
Mali;Rural;2009;9465102.0
Mali;Urban;2009;5141495.0
Mali;Total;2010;15049353.0
Mali;Male;2010;7517023.0
Mali;Female;2010;7532329.0
Mali;Rural;2010;9648158.0
Mali;Urban;2010;5426927.0
Mali;Total;2011;15514590.0
Mali;Male;2011;7752072.0
Mali;Female;2011;7762521.0
Mali;Rural;2011;9822006.0
Mali;Urban;2011;5718983.0
Mali;Total;2012;15979496.0
Mali;Male;2012;7986050.0
Mali;Female;2012;7993442.0
Mali;Rural;2012;9988283.0
Mali;Urban;2012;6018387.0
Mali;Total;2013;16449854.0
Mali;Male;2013;8222327.999999999
Mali;Female;2013;8227526.0
Mali;Rural;2013;10150619.0
Mali;Urban;2013;6327199.0
Mali;Total;2014;16934214.0
Mali;Male;2014;8465828.0
Mali;Female;2014;8468385.0
Mali;Rural;2014;10314127.0
Mali;Urban;2014;6648719.0
Mali;Total;2015;17438778.0
Mali;Male;2015;8720125.0
Mali;Female;2015;8718647.0
Mali;Rural;2015;10482312.0
Mali;Urban;2015;6985593.0
Mali;Total;2016;17965443.0
Mali;Male;2016;8986333.0
Mali;Female;2016;8979115.0
Mali;Rural;2016;10655945.0
Mali;Urban;2016;7338892.0
Mali;Total;2017;18512430.0
Mali;Male;2017;9263399.0
Mali;Female;2017;9249030.0
Mali;Rural;2017;10833712.0
Mali;Urban;2017;7708268.0
Mali;Total;2018;19077749.0
Mali;Male;2018;9550134.0
Mali;Female;2018;9527621.0
Mali;Rural;2018;11014386.0
Mali;Urban;2018;8093320.0
Malta;Total;2000;393645.0
Malta;Male;2000;195264.0
Malta;Female;2000;198385.0
Malta;Rural;2000;30274.0
Malta;Urban;2000;366394.0
Malta;Total;2001;396328.0
Malta;Male;2001;196649.0
Malta;Female;2001;199675.0
Malta;Rural;2001;29376.0
Malta;Urban;2001;369779.0
Malta;Total;2002;398718.0
Malta;Male;2002;197847.0
Malta;Female;2002;200873.0
Malta;Rural;2002;28474.0
Malta;Urban;2002;372829.0
Malta;Total;2003;400859.0
Malta;Male;2003;198881.0
Malta;Female;2003;201977.0
Malta;Rural;2003;27580.0
Malta;Urban;2003;375631.0
Malta;Total;2004;402817.0
Malta;Male;2004;199813.0
Malta;Female;2004;203007.0
Malta;Rural;2004;26703.0
Malta;Urban;2004;378304.0
Malta;Total;2005;404653.0
Malta;Male;2005;200690.0
Malta;Female;2005;203969.0
Malta;Rural;2005;25851.0
Malta;Urban;2005;380936.0
Malta;Total;2006;406328.0
Malta;Male;2006;201484.0
Malta;Female;2006;204846.0
Malta;Rural;2006;25398.0
Malta;Urban;2006;383165.0
Malta;Total;2007;407852.0
Malta;Male;2007;202201.0
Malta;Female;2007;205653.0
Malta;Rural;2007;25207.0
Malta;Urban;2007;385117.0
Malta;Total;2008;409491.0
Malta;Male;2008;203009.0
Malta;Female;2008;206484.0
Malta;Rural;2008;25019.0
Malta;Urban;2008;387109.0
Malta;Total;2009;411552.0
Malta;Male;2009;204108.0
Malta;Female;2009;207451.0
Malta;Rural;2009;24840.0
Malta;Urban;2009;389205.0
Malta;Total;2010;414253.0
Malta;Male;2010;205608.0
Malta;Female;2010;208649.0
Malta;Rural;2010;24669.0
Malta;Urban;2010;391441.0
Malta;Total;2011;417714.0
Malta;Male;2011;207607.0
Malta;Female;2011;210113.0
Malta;Rural;2011;24510.0
Malta;Urban;2011;393857.0
Malta;Total;2012;421809.0
Malta;Male;2012;210019.0
Malta;Female;2012;211790.0
Malta;Rural;2012;24360.0
Malta;Urban;2012;396429.0
Malta;Total;2013;426151.0
Malta;Male;2013;212594.0
Malta;Female;2013;213550.0
Malta;Rural;2013;24213.0
Malta;Urban;2013;399033.0
Malta;Total;2014;430197.0
Malta;Male;2014;214993.0
Malta;Female;2014;215197.0
Malta;Rural;2014;24058.0
Malta;Urban;2014;401512.0
Malta;Total;2015;433559.0
Malta;Male;2015;216971.0
Malta;Female;2015;216588.0
Malta;Rural;2015;23888.0
Malta;Urban;2015;403728.0
Malta;Total;2016;436097.0
Malta;Male;2016;218439.0
Malta;Female;2016;217660.0
Malta;Rural;2016;23701.0
Malta;Urban;2016;405661.0
Malta;Total;2017;437933.0
Malta;Male;2017;219465.0
Malta;Female;2017;218470.0
Malta;Rural;2017;23498.0
Malta;Urban;2017;407337.0
Malta;Total;2018;439248.0
Malta;Male;2018;220184.0
Malta;Female;2018;219071.0
Malta;Rural;2018;23280.0
Malta;Urban;2018;408809.0
Marshall Islands;Total;2000;50753.0
Marshall Islands;Rural;2000;16388.0
Marshall Islands;Urban;2000;35771.0
Marshall Islands;Total;2001;51422.0
Marshall Islands;Rural;2001;16123.999999999998
Marshall Islands;Urban;2001;36059.0
Marshall Islands;Total;2002;52370.0
Marshall Islands;Rural;2002;15847.0
Marshall Islands;Urban;2002;36311.0
Marshall Islands;Total;2003;53456.0
Marshall Islands;Rural;2003;15567.0
Marshall Islands;Urban;2003;36549.0
Marshall Islands;Total;2004;54476.0
Marshall Islands;Rural;2004;15290.0
Marshall Islands;Urban;2004;36784.0
Marshall Islands;Total;2005;55258.0
Marshall Islands;Rural;2005;15024.0
Marshall Islands;Urban;2005;37031.0
Marshall Islands;Total;2006;55767.0
Marshall Islands;Rural;2006;14772.0
Marshall Islands;Urban;2006;37306.0
Marshall Islands;Total;2007;56051.0
Marshall Islands;Rural;2007;14533.0
Marshall Islands;Urban;2007;37604.0
Marshall Islands;Total;2008;56174.0
Marshall Islands;Rural;2008;14301.0
Marshall Islands;Urban;2008;37917.0
Marshall Islands;Total;2009;56250.0
Marshall Islands;Rural;2009;14078.0
Marshall Islands;Urban;2009;38242.0
Marshall Islands;Total;2010;56366.0
Marshall Islands;Rural;2010;13857.0
Marshall Islands;Urban;2010;38568.0
Marshall Islands;Total;2011;56531.0
Marshall Islands;Rural;2011;13641.0
Marshall Islands;Urban;2011;38901.0
Marshall Islands;Total;2012;56717.0
Marshall Islands;Rural;2012;13430.0
Marshall Islands;Urban;2012;39233.0
Marshall Islands;Total;2013;56938.0
Marshall Islands;Rural;2013;13227.0
Marshall Islands;Urban;2013;39566.0
Marshall Islands;Total;2014;57179.0
Marshall Islands;Rural;2014;13021.0
Marshall Islands;Urban;2014;39877.0
Marshall Islands;Total;2015;57439.0
Marshall Islands;Rural;2015;12819.0
Marshall Islands;Urban;2015;40175.0
Marshall Islands;Total;2016;57735.0
Marshall Islands;Rural;2016;12615.0
Marshall Islands;Urban;2016;40451.0
Marshall Islands;Total;2017;58058.0
Marshall Islands;Rural;2017;12413.0
Marshall Islands;Urban;2017;40714.0
Marshall Islands;Total;2018;58413.0
Marshall Islands;Rural;2018;12212.0
Marshall Islands;Urban;2018;40955.0
Martinique;Total;2000;387004.0
Martinique;Male;2000;181786.0
Martinique;Female;2000;205230.0
Martinique;Rural;2000;39811.0
Martinique;Urban;2000;347193.0
Martinique;Total;2001;389987.0
Martinique;Male;2001;182796.0
Martinique;Female;2001;207188.0
Martinique;Rural;2001;40402.0
Martinique;Urban;2001;349571.0
Martinique;Total;2002;392500.0
Martinique;Male;2002;183695.0
Martinique;Female;2002;208805.0
Martinique;Rural;2002;40952.0
Martinique;Urban;2002;351533.0
Martinique;Total;2003;394534.0
Martinique;Male;2003;184417.0
Martinique;Female;2003;210117.0
Martinique;Rural;2003;41456.0
Martinique;Urban;2003;353052.0
Martinique;Total;2004;396103.0
Martinique;Male;2004;184918.0
Martinique;Female;2004;211188.0
Martinique;Rural;2004;41912.0
Martinique;Urban;2004;354112.0
Martinique;Total;2005;397190.0
Martinique;Male;2005;185141.0
Martinique;Female;2005;212050.0
Martinique;Rural;2005;42318.0
Martinique;Urban;2005;354729.0
Martinique;Total;2006;397847.0
Martinique;Male;2006;185080.0
Martinique;Female;2006;212770.0
Martinique;Rural;2006;42675.0
Martinique;Urban;2006;354890.0
Martinique;Total;2007;398046.0
Martinique;Male;2007;184752.0
Martinique;Female;2007;213296.0
Martinique;Rural;2007;42943.0
Martinique;Urban;2007;354634.0
Martinique;Total;2008;397668.0
Martinique;Male;2008;184152.0
Martinique;Female;2008;213512.0
Martinique;Rural;2008;43125.0
Martinique;Urban;2008;353982.0
Martinique;Total;2009;396565.0
Martinique;Male;2009;183307.0
Martinique;Female;2009;213254.0
Martinique;Rural;2009;43224.0
Martinique;Urban;2009;352980.0
Martinique;Total;2010;394663.0
Martinique;Male;2010;182233.0
Martinique;Female;2010;212433.0
Martinique;Rural;2010;43244.0
Martinique;Urban;2010;351666.0
Martinique;Total;2011;391878.0
Martinique;Male;2011;180914.0
Martinique;Female;2011;210972.0
Martinique;Rural;2011;43183.0
Martinique;Urban;2011;350026.0
Martinique;Total;2012;388357.0
Martinique;Male;2012;179388.0
Martinique;Female;2012;208978.0
Martinique;Rural;2012;43048.0
Martinique;Urban;2012;348116.0
Martinique;Total;2013;384576.0
Martinique;Male;2013;177802.0
Martinique;Female;2013;206779.0
Martinique;Rural;2013;42869.0
Martinique;Urban;2013;346181.0
Martinique;Total;2014;381138.0
Martinique;Male;2014;176346.0
Martinique;Female;2014;204796.0
Martinique;Rural;2014;42683.0
Martinique;Urban;2014;344521.0
Martinique;Total;2015;378478.0
Martinique;Male;2015;175149.0
Martinique;Female;2015;203334.0
Martinique;Rural;2015;42516.0
Martinique;Urban;2015;343326.0
Martinique;Total;2016;376791.0
Martinique;Male;2016;174270.0
Martinique;Female;2016;202519.0
Martinique;Rural;2016;42382.0
Martinique;Urban;2016;342721.0
Martinique;Total;2017;375948.0
Martinique;Male;2017;173682.0
Martinique;Female;2017;202264.0
Martinique;Rural;2017;42271.0
Martinique;Urban;2017;342625.0
Martinique;Total;2018;375673.0
Martinique;Male;2018;173293.0
Martinique;Female;2018;202379.0
Martinique;Rural;2018;42167.0
Martinique;Urban;2018;342898.0
Mauritania;Total;2000;2630219.0
Mauritania;Male;2000;1307875.0
Mauritania;Female;2000;1322342.0
Mauritania;Rural;2000;1677325.0
Mauritania;Urban;2000;1032034.0000000001
Mauritania;Total;2001;2702400.0
Mauritania;Male;2001;1344669.0
Mauritania;Female;2001;1357736.0
Mauritania;Rural;2001;1713052.0
Mauritania;Urban;2001;1077677.0
Mauritania;Total;2002;2778099.0
Mauritania;Male;2002;1383149.0
Mauritania;Female;2002;1394948.0
Mauritania;Rural;2002;1738864.0
Mauritania;Urban;2002;1134364.0
Mauritania;Total;2003;2857148.0
Mauritania;Male;2003;1423277.0
Mauritania;Female;2003;1433873.0
Mauritania;Rural;2003;1763883.0
Mauritania;Urban;2003;1193234.0
Mauritania;Total;2004;2939247.0
Mauritania;Male;2004;1464936.0
Mauritania;Female;2004;1474310.0
Mauritania;Rural;2004;1788286.0
Mauritania;Urban;2004;1254537.0
Mauritania;Total;2005;3024194.0
Mauritania;Male;2005;1508076.0
Mauritania;Female;2005;1516122.0
Mauritania;Rural;2005;1812352.0
Mauritania;Urban;2005;1318368.0
Mauritania;Total;2006;3111906.0
Mauritania;Male;2006;1552649.0
Mauritania;Female;2006;1559259.0
Mauritania;Rural;2006;1835828.0
Mauritania;Urban;2006;1384825.0
Mauritania;Total;2007;3202517.0
Mauritania;Male;2007;1598694.0
Mauritania;Female;2007;1603818.0
Mauritania;Rural;2007;1858724.0
Mauritania;Urban;2007;1453941.0
Mauritania;Total;2008;3296238.0
Mauritania;Male;2008;1646338.0
Mauritania;Female;2008;1649899.0
Mauritania;Rural;2008;1881382.0
Mauritania;Urban;2008;1526159.0
Mauritania;Total;2009;3393409.0
Mauritania;Male;2009;1695724.0
Mauritania;Female;2009;1697684.0
Mauritania;Rural;2009;1904408.0
Mauritania;Urban;2009;1601880.0
Mauritania;Total;2010;3494195.0
Mauritania;Male;2010;1746942.0
Mauritania;Female;2010;1747258.0
Mauritania;Rural;2010;1927922.0
Mauritania;Urban;2010;1681621.0
Mauritania;Total;2011;3598648.0
Mauritania;Male;2011;1800006.0
Mauritania;Female;2011;1798640.0
Mauritania;Rural;2011;1952048.0
Mauritania;Urban;2011;1765624.0
Mauritania;Total;2012;3706555.0
Mauritania;Male;2012;1854815.0
Mauritania;Female;2012;1851740.0
Mauritania;Rural;2012;1976397.0
Mauritania;Urban;2012;1853842.0
Mauritania;Total;2013;3817494.0
Mauritania;Male;2013;1911187.0
Mauritania;Female;2013;1906310.0
Mauritania;Rural;2013;2000466.0
Mauritania;Urban;2013;1945704.0
Mauritania;Total;2014;3930896.0
Mauritania;Male;2014;1968829.0
Mauritania;Female;2014;1962065.0
Mauritania;Rural;2014;2023713.0
Mauritania;Urban;2014;2040207.0
Mauritania;Total;2015;4046301.0
Mauritania;Male;2015;2027548.0
Mauritania;Female;2015;2018756.0
Mauritania;Rural;2015;2045642.0
Mauritania;Urban;2015;2136699.0
Mauritania;Total;2016;4163533.0000000005
Mauritania;Male;2016;2087250.0
Mauritania;Female;2016;2076282.0000000002
Mauritania;Rural;2016;2066106.0000000002
Mauritania;Urban;2016;2234912.0
Mauritania;Total;2017;4282570.0
Mauritania;Male;2017;2147920.0
Mauritania;Female;2017;2134662.0
Mauritania;Rural;2017;2085277.9999999998
Mauritania;Urban;2017;2334906.0
Mauritania;Total;2018;4403313.0
Mauritania;Male;2018;2209465.0
Mauritania;Female;2018;2193847.0
Mauritania;Rural;2018;2103324.0
Mauritania;Urban;2018;2436744.0
Mauritius;Total;2000;1185145.0
Mauritius;Male;2000;587693.0
Mauritius;Female;2000;597454.0
Mauritius;Rural;2000;679440.0
Mauritius;Urban;2000;505705.0
Mauritius;Total;2001;1193917.0
Mauritius;Male;2001;591742.0
Mauritius;Female;2001;602169.0
Mauritius;Rural;2001;685803.0
Mauritius;Urban;2001;508114.0
Mauritius;Total;2002;1201812.0
Mauritius;Male;2002;595522.0
Mauritius;Female;2002;606283.0
Mauritius;Rural;2002;691683.0
Mauritius;Urban;2002;510129.0
Mauritius;Total;2003;1208994.0
Mauritius;Male;2003;599080.0
Mauritius;Female;2003;609912.0
Mauritius;Rural;2003;697168.0
Mauritius;Urban;2003;511826.0
Mauritius;Total;2004;1215677.0
Mauritius;Male;2004;602431.0
Mauritius;Female;2004;613237.0
Mauritius;Rural;2004;702381.0
Mauritius;Urban;2004;513296.00000000006
Mauritius;Total;2005;1222003.0
Mauritius;Male;2005;605620.0
Mauritius;Female;2005;616390.0
Mauritius;Rural;2005;707398.0
Mauritius;Urban;2005;514605.0
Mauritius;Total;2006;1228089.0
Mauritius;Male;2006;608662.0
Mauritius;Female;2006;619427.0
Mauritius;Rural;2006;712296.0
Mauritius;Urban;2006;515802.0
Mauritius;Total;2007;1233889.0
Mauritius;Male;2007;611566.0
Mauritius;Female;2007;622324.0
Mauritius;Rural;2007;717043.0
Mauritius;Urban;2007;516868.00000000006
Mauritius;Total;2008;1239262.0
Mauritius;Male;2008;614252.0
Mauritius;Female;2008;625010.0
Mauritius;Rural;2008;721553.0
Mauritius;Urban;2008;517740.0
Mauritius;Total;2009;1243991.0
Mauritius;Male;2009;616611.0
Mauritius;Female;2009;627385.0
Mauritius;Rural;2009;725690.0
Mauritius;Urban;2009;518333.99999999994
Mauritius;Total;2010;1247955.0
Mauritius;Male;2010;618578.0
Mauritius;Female;2010;629375.0
Mauritius;Rural;2010;729371.0
Mauritius;Urban;2010;518583.99999999994
Mauritius;Total;2011;1251080.0
Mauritius;Male;2011;620125.0
Mauritius;Female;2011;630949.0
Mauritius;Rural;2011;732554.0
Mauritius;Urban;2011;518469.00000000006
Mauritius;Total;2012;1253488.0
Mauritius;Male;2012;621297.0
Mauritius;Female;2012;632192.0
Mauritius;Rural;2012;735323.0
Mauritius;Urban;2012;518048.0
Mauritius;Total;2013;1255452.0
Mauritius;Male;2013;622206.0
Mauritius;Female;2013;633252.0
Mauritius;Rural;2013;737839.0
Mauritius;Urban;2013;517451.0
Mauritius;Total;2014;1257355.0
Mauritius;Male;2014;622996.0
Mauritius;Female;2014;634355.0
Mauritius;Rural;2014;740367.0
Mauritius;Urban;2014;516852.0
Mauritius;Total;2015;1259456.0
Mauritius;Male;2015;623795.0
Mauritius;Female;2015;635662.0
Mauritius;Rural;2015;743079.0
Mauritius;Urban;2015;516376.99999999994
Mauritius;Total;2016;1261865.0
Mauritius;Male;2016;624628.0
Mauritius;Female;2016;637242.0
Mauritius;Rural;2016;745793.0
Mauritius;Urban;2016;516339.00000000006
Mauritius;Total;2017;1264499.0
Mauritius;Male;2017;625478.0
Mauritius;Female;2017;639019.0
Mauritius;Rural;2017;748440.0
Mauritius;Urban;2017;516698.0
Mauritius;Total;2018;1267185.0
Mauritius;Male;2018;626279.0
Mauritius;Female;2018;640905.0
Mauritius;Rural;2018;750928.0
Mauritius;Urban;2018;517386.99999999994
Mayotte;Total;2000;150331.0
Mayotte;Male;2000;76060.0
Mayotte;Female;2000;74271.0
Mayotte;Rural;2000;78577.0
Mayotte;Urban;2000;71754.0
Mayotte;Total;2001;155754.0
Mayotte;Male;2001;78458.0
Mayotte;Female;2001;77298.0
Mayotte;Rural;2001;79437.0
Mayotte;Urban;2001;76317.0
Mayotte;Total;2002;161205.0
Mayotte;Male;2002;80746.0
Mayotte;Female;2002;80458.0
Mayotte;Rural;2002;80169.0
Mayotte;Urban;2002;81036.0
Mayotte;Total;2003;166721.0
Mayotte;Male;2003;83005.0
Mayotte;Female;2003;83710.0
Mayotte;Rural;2003;82816.0
Mayotte;Urban;2003;83905.0
Mayotte;Total;2004;172339.0
Mayotte;Male;2004;85324.0
Mayotte;Female;2004;87021.0
Mayotte;Rural;2004;85688.0
Mayotte;Urban;2004;86651.0
Mayotte;Total;2005;178098.0
Mayotte;Male;2005;87776.0
Mayotte;Female;2005;90327.0
Mayotte;Rural;2005;88636.0
Mayotte;Urban;2005;89462.0
Mayotte;Total;2006;184031.0
Mayotte;Male;2006;90393.0
Mayotte;Female;2006;93633.0
Mayotte;Rural;2006;91676.0
Mayotte;Urban;2006;92355.0
Mayotte;Total;2007;190096.0
Mayotte;Male;2007;93153.0
Mayotte;Female;2007;96945.0
Mayotte;Rural;2007;94788.0
Mayotte;Urban;2007;95310.0
Mayotte;Total;2008;196274.0
Mayotte;Male;2008;96036.0
Mayotte;Female;2008;100233.0
Mayotte;Rural;2008;98570.0
Mayotte;Urban;2008;97709.0
Mayotte;Total;2009;202499.0
Mayotte;Male;2009;99005.0
Mayotte;Female;2009;103489.0
Mayotte;Rural;2009;102532.0
Mayotte;Urban;2009;99971.0
Mayotte;Total;2010;208718.0
Mayotte;Male;2010;102033.0
Mayotte;Female;2010;106683.0
Mayotte;Rural;2010;106542.0
Mayotte;Urban;2010;102176.0
Mayotte;Total;2011;214928.0
Mayotte;Male;2011;105112.0
Mayotte;Female;2011;109825.0
Mayotte;Rural;2011;110597.0
Mayotte;Urban;2011;104326.0
Mayotte;Total;2012;221142.0
Mayotte;Male;2012;108258.0
Mayotte;Female;2012;112889.0
Mayotte;Rural;2012;114701.0
Mayotte;Urban;2012;106421.0
Mayotte;Total;2013;227378.0
Mayotte;Male;2013;111440.0
Mayotte;Female;2013;115936.0
Mayotte;Rural;2013;118870.0
Mayotte;Urban;2013;108481.0
Mayotte;Total;2014;233654.0
Mayotte;Male;2014;114654.0
Mayotte;Female;2014;119004.0
Mayotte;Rural;2014;123044.0
Mayotte;Urban;2014;110594.0
Mayotte;Total;2015;240020.0
Mayotte;Male;2015;117875.0
Mayotte;Female;2015;122136.0
Mayotte;Rural;2015;127237.0
Mayotte;Urban;2015;112783.0
Mayotte;Total;2016;246450.0
Mayotte;Male;2016;121113.0
Mayotte;Female;2016;125347.0
Mayotte;Rural;2016;131439.0
Mayotte;Urban;2016;115050.0
Mayotte;Total;2017;252957.0
Mayotte;Male;2017;124348.0
Mayotte;Female;2017;128614.0
Mayotte;Rural;2017;135644.0
Mayotte;Urban;2017;117401.0
Mayotte;Total;2018;259531.0
Mayotte;Male;2018;127594.0
Mayotte;Female;2018;131932.0
Mayotte;Rural;2018;139845.0
Mayotte;Urban;2018;119837.0
Mexico;Total;2000;98899845.0
Mexico;Male;2000;48558034.0
Mexico;Female;2000;50341811.0
Mexico;Rural;2000;25712262.0
Mexico;Urban;2000;76007411.0
Mexico;Total;2001;100298153.0
Mexico;Male;2001;49208752.0
Mexico;Female;2001;51089400.0
Mexico;Rural;2001;25720596.0
Mexico;Urban;2001;77346472.0
Mexico;Total;2002;101684758.0
Mexico;Male;2002;49841883.0
Mexico;Female;2002;51842881.0
Mexico;Rural;2002;25708164.0
Mexico;Urban;2002;78647444.0
Mexico;Total;2003;103081020.0
Mexico;Male;2003;50475626.0
Mexico;Female;2003;52605394.0
Mexico;Rural;2003;25689517.0
Mexico;Urban;2003;79950936.0
Mexico;Total;2004;104514932.0
Mexico;Male;2004;51134956.0
Mexico;Female;2004;53379978.0
Mexico;Rural;2004;25682103.0
Mexico;Urban;2004;81313480.0
Mexico;Total;2005;106005203.0
Mexico;Male;2005;51836847.0
Mexico;Female;2005;54168352.0
Mexico;Rural;2005;25698905.0
Mexico;Urban;2005;82773323.0
Mexico;Total;2006;107560153.0
Mexico;Male;2006;52588297.0
Mexico;Female;2006;54971858.0
Mexico;Rural;2006;25744268.0
Mexico;Urban;2006;84348110.0
Mexico;Total;2007;109170502.0
Mexico;Male;2007;53381477.0
Mexico;Female;2007;55789026.0
Mexico;Rural;2007;25812028.0
Mexico;Urban;2007;86024318.0
Mexico;Total;2008;110815271.0
Mexico;Male;2008;54200255.0
Mexico;Female;2008;56615017.0
Mexico;Rural;2008;25890431.0
Mexico;Urban;2008;87771378.0
Mexico;Total;2009;112463887.0
Mexico;Male;2009;55020935.0
Mexico;Female;2009;57442951.0
Mexico;Rural;2009;25966026.0
Mexico;Urban;2009;89539202.0
Mexico;Total;2010;114092963.0
Mexico;Male;2010;55825784.0
Mexico;Female;2010;58267177.0
Mexico;Rural;2010;26026826.0
Mexico;Urban;2010;91292115.0
Mexico;Total;2011;115695473.0
Mexico;Male;2011;56609424.0
Mexico;Female;2011;59086044.0
Mexico;Rural;2011;26068110.0
Mexico;Urban;2011;93021907.0
Mexico;Total;2012;117274155.0
Mexico;Male;2012;57375324.0
Mexico;Female;2012;59898832.0
Mexico;Rural;2012;26092527.0
Mexico;Urban;2012;94735780.0
Mexico;Total;2013;118827161.0
Mexico;Male;2013;58125266.0
Mexico;Female;2013;60701892.0
Mexico;Rural;2013;26100980.0
Mexico;Urban;2013;96434989.0
Mexico;Total;2014;120355128.0
Mexico;Male;2014;58863834.0
Mexico;Female;2014;61491303.0
Mexico;Rural;2014;26095704.0
Mexico;Urban;2014;98125896.0
Mexico;Total;2015;121858258.0
Mexico;Male;2015;59594171.0
Mexico;Female;2015;62264080.0
Mexico;Rural;2015;26078248.0
Mexico;Urban;2015;99812701.0
Mexico;Total;2016;123333376.0
Mexico;Male;2016;60315359.0
Mexico;Female;2016;63018020.0
Mexico;Rural;2016;26048191.0
Mexico;Urban;2016;101492232.0
Mexico;Total;2017;124777324.0
Mexico;Male;2017;61024503.0
Mexico;Female;2017;63752823.0
Mexico;Rural;2017;26004525.0
Mexico;Urban;2017;103158751.0
Mexico;Total;2018;126190788.0
Mexico;Male;2018;61720819.0
Mexico;Female;2018;64469963.0
Mexico;Rural;2018;25947576.0
Mexico;Urban;2018;104811498.0
Micronesia (Federated States of);Total;2000;107402.0
Micronesia (Federated States of);Male;2000;54369.0
Micronesia (Federated States of);Female;2000;53036.0
Micronesia (Federated States of);Rural;2000;83442.0
Micronesia (Federated States of);Urban;2000;23990.0
Micronesia (Federated States of);Total;2001;107173.0
Micronesia (Federated States of);Male;2001;54246.0
Micronesia (Federated States of);Female;2001;52924.0
Micronesia (Federated States of);Rural;2001;83235.0
Micronesia (Federated States of);Urban;2001;23930.0
Micronesia (Federated States of);Total;2002;107030.0
Micronesia (Federated States of);Male;2002;54214.0
Micronesia (Federated States of);Female;2002;52813.0
Micronesia (Federated States of);Rural;2002;83094.0
Micronesia (Federated States of);Urban;2002;23889.0
Micronesia (Federated States of);Total;2003;106901.0
Micronesia (Federated States of);Male;2003;54217.0
Micronesia (Federated States of);Female;2003;52685.0
Micronesia (Federated States of);Rural;2003;82964.0
Micronesia (Federated States of);Urban;2003;23852.0
Micronesia (Federated States of);Total;2004;106625.0
Micronesia (Federated States of);Male;2004;54146.0
Micronesia (Federated States of);Female;2004;52478.0
Micronesia (Federated States of);Rural;2004;82778.0
Micronesia (Federated States of);Urban;2004;23799.0
Micronesia (Federated States of);Total;2005;106129.0
Micronesia (Federated States of);Male;2005;53939.0
Micronesia (Federated States of);Female;2005;52196.0
Micronesia (Federated States of);Rural;2005;82482.0
Micronesia (Federated States of);Urban;2005;23714.0
Micronesia (Federated States of);Total;2006;105371.0
Micronesia (Federated States of);Male;2006;53566.0
Micronesia (Federated States of);Female;2006;51808.0
Micronesia (Federated States of);Rural;2006;82091.0
Micronesia (Federated States of);Urban;2006;23593.0
Micronesia (Federated States of);Total;2007;104444.0
Micronesia (Federated States of);Male;2007;53075.0
Micronesia (Federated States of);Female;2007;51367.0
Micronesia (Federated States of);Rural;2007;81627.0
Micronesia (Federated States of);Urban;2007;23451.0
Micronesia (Federated States of);Total;2008;103543.0
Micronesia (Federated States of);Male;2008;52597.0
Micronesia (Federated States of);Female;2008;50952.0
Micronesia (Federated States of);Rural;2008;81168.0
Micronesia (Federated States of);Urban;2008;23310.0
Micronesia (Federated States of);Total;2009;102975.0
Micronesia (Federated States of);Male;2009;52277.0
Micronesia (Federated States of);Female;2009;50694.0
Micronesia (Federated States of);Rural;2009;80772.0
Micronesia (Federated States of);Urban;2009;23188.0
Micronesia (Federated States of);Total;2010;102911.0
Micronesia (Federated States of);Male;2010;52241.0
Micronesia (Federated States of);Female;2010;50675.0
Micronesia (Federated States of);Rural;2010;80511.0
Micronesia (Federated States of);Urban;2010;23105.0
Micronesia (Federated States of);Total;2011;103450.0
Micronesia (Federated States of);Male;2011;52511.0
Micronesia (Federated States of);Female;2011;50937.0
Micronesia (Federated States of);Rural;2011;80390.0
Micronesia (Federated States of);Urban;2011;23078.0
Micronesia (Federated States of);Total;2012;104506.0
Micronesia (Federated States of);Male;2012;53060.0
Micronesia (Federated States of);Female;2012;51446.0
Micronesia (Federated States of);Rural;2012;80397.0
Micronesia (Federated States of);Urban;2012;23106.0
Micronesia (Federated States of);Total;2013;105926.0
Micronesia (Federated States of);Male;2013;53800.0
Micronesia (Federated States of);Female;2013;52122.0
Micronesia (Federated States of);Rural;2013;80519.0
Micronesia (Federated States of);Urban;2013;23183.0
Micronesia (Federated States of);Total;2014;107446.0
Micronesia (Federated States of);Male;2014;54589.0
Micronesia (Federated States of);Female;2014;52855.0
Micronesia (Federated States of);Rural;2014;80716.0
Micronesia (Federated States of);Urban;2014;23299.0
Micronesia (Federated States of);Total;2015;108895.0
Micronesia (Federated States of);Male;2015;55343.0
Micronesia (Federated States of);Female;2015;53543.0
Micronesia (Federated States of);Rural;2015;80981.0
Micronesia (Federated States of);Urban;2015;23452.0
Micronesia (Federated States of);Total;2016;110215.0
Micronesia (Federated States of);Male;2016;56026.0
Micronesia (Federated States of);Female;2016;54189.0
Micronesia (Federated States of);Rural;2016;81299.0
Micronesia (Federated States of);Urban;2016;23638.0
Micronesia (Federated States of);Total;2017;111459.0
Micronesia (Federated States of);Male;2017;56668.0
Micronesia (Federated States of);Female;2017;54793.0
Micronesia (Federated States of);Rural;2017;81683.0
Micronesia (Federated States of);Urban;2017;23861.0
Micronesia (Federated States of);Total;2018;112640.0
Micronesia (Federated States of);Male;2018;57272.0
Micronesia (Federated States of);Female;2018;55368.0
Micronesia (Federated States of);Rural;2018;82110.0
Micronesia (Federated States of);Urban;2018;24117.0
Monaco;Total;2000;32147.0
Monaco;Rural;2000;0.0
Monaco;Urban;2000;32082.0
Monaco;Total;2001;32470.0
Monaco;Rural;2001;0.0
Monaco;Urban;2001;32360.0
Monaco;Total;2002;32806.0
Monaco;Rural;2002;0.0
Monaco;Urban;2002;32628.999999999996
Monaco;Total;2003;33153.0
Monaco;Rural;2003;0.0
Monaco;Urban;2003;32933.0
Monaco;Total;2004;33500.0
Monaco;Rural;2004;0.0
Monaco;Urban;2004;33314.0
Monaco;Total;2005;33843.0
Monaco;Rural;2005;0.0
Monaco;Urban;2005;33793.0
Monaco;Total;2006;34190.0
Monaco;Rural;2006;0.0
Monaco;Urban;2006;34408.0
Monaco;Total;2007;34525.0
Monaco;Rural;2007;0.0
Monaco;Urban;2007;35111.0
Monaco;Total;2008;34872.0
Monaco;Rural;2008;0.0
Monaco;Urban;2008;35853.0
Monaco;Total;2009;35226.0
Monaco;Rural;2009;0.0
Monaco;Urban;2009;36534.0
Monaco;Total;2010;35612.0
Monaco;Rural;2010;0.0
Monaco;Urban;2010;37094.0
Monaco;Total;2011;36024.0
Monaco;Rural;2011;0.0
Monaco;Urban;2011;37497.0
Monaco;Total;2012;36460.0
Monaco;Rural;2012;0.0
Monaco;Urban;2012;37783.0
Monaco;Total;2013;36901.0
Monaco;Rural;2013;0.0
Monaco;Urban;2013;37971.0
Monaco;Total;2014;37322.0
Monaco;Rural;2014;0.0
Monaco;Urban;2014;38132.0
Monaco;Total;2015;37718.0
Monaco;Rural;2015;0.0
Monaco;Urban;2015;38307.0
Monaco;Total;2016;38070.0
Monaco;Rural;2016;0.0
Monaco;Urban;2016;38499.0
Monaco;Total;2017;38392.0
Monaco;Rural;2017;0.0
Monaco;Urban;2017;38695.0
Monaco;Total;2018;38682.0
Monaco;Rural;2018;0.0
Monaco;Urban;2018;38897.0
Mongolia;Total;2000;2397418.0
Mongolia;Male;2000;1195603.0
Mongolia;Female;2000;1201814.0
Mongolia;Rural;2000;1027711.0
Mongolia;Urban;2000;1369725.0
Mongolia;Total;2001;2419588.0
Mongolia;Male;2001;1206871.0
Mongolia;Female;2001;1212723.0
Mongolia;Rural;2001;1010938.0
Mongolia;Urban;2001;1408838.0
Mongolia;Total;2002;2443271.0
Mongolia;Male;2002;1218267.0
Mongolia;Female;2002;1224994.0
Mongolia;Rural;2002;994464.0
Mongolia;Urban;2002;1449195.0
Mongolia;Total;2003;2468762.0
Mongolia;Male;2003;1230139.0
Mongolia;Female;2003;1238626.0
Mongolia;Rural;2003;978385.0
Mongolia;Urban;2003;1490901.0
Mongolia;Total;2004;2496391.0
Mongolia;Male;2004;1242912.0
Mongolia;Female;2004;1253482.0
Mongolia;Rural;2004;962707.0
Mongolia;Urban;2004;1534125.0
Mongolia;Total;2005;2526424.0
Mongolia;Male;2005;1256920.0
Mongolia;Female;2005;1269509.0
Mongolia;Rural;2005;947564.0
Mongolia;Urban;2005;1578882.0
Mongolia;Total;2006;2558856.0
Mongolia;Male;2006;1272209.0
Mongolia;Female;2006;1286645.0
Mongolia;Rural;2006;932771.0
Mongolia;Urban;2006;1625241.0
Mongolia;Total;2007;2593820.0
Mongolia;Male;2007;1288798.0
Mongolia;Female;2007;1305021.0
Mongolia;Rural;2007;918387.0
Mongolia;Urban;2007;1673283.0
Mongolia;Total;2008;2631898.0
Mongolia;Male;2008;1306944.0
Mongolia;Female;2008;1324955.0
Mongolia;Rural;2008;904588.0
Mongolia;Urban;2008;1723543.0
Mongolia;Total;2009;2673796.0
Mongolia;Male;2009;1326945.0
Mongolia;Female;2009;1346849.0
Mongolia;Rural;2009;891731.0
Mongolia;Urban;2009;1776558.0
Mongolia;Total;2010;2719896.0
Mongolia;Male;2010;1348960.0
Mongolia;Female;2010;1370942.0
Mongolia;Rural;2010;879794.0
Mongolia;Urban;2010;1832856.0
Mongolia;Total;2011;2770361.0
Mongolia;Male;2011;1373060.0
Mongolia;Female;2011;1397297.0
Mongolia;Rural;2011;884714.0
Mongolia;Urban;2011;1876802.0
Mongolia;Total;2012;2824698.0
Mongolia;Male;2012;1399039.0
Mongolia;Female;2012;1425659.0
Mongolia;Rural;2012;899714.0
Mongolia;Urban;2012;1914512.0
Mongolia;Total;2013;2881791.0
Mongolia;Male;2013;1426337.0
Mongolia;Female;2013;1455446.0
Mongolia;Rural;2013;915345.0
Mongolia;Urban;2013;1953762.0
Mongolia;Total;2014;2940108.0
Mongolia;Male;2014;1454226.0
Mongolia;Female;2014;1485885.0
Mongolia;Rural;2014;930872.0
Mongolia;Urban;2014;1993024.0
Mongolia;Total;2015;2998439.0
Mongolia;Male;2015;1482075.0
Mongolia;Female;2015;1516358.0
Mongolia;Rural;2015;945754.0
Mongolia;Urban;2015;2031123.0
Mongolia;Total;2016;3056364.0
Mongolia;Male;2016;1509700.0
Mongolia;Female;2016;1546658.0
Mongolia;Rural;2016;959785.0
Mongolia;Urban;2016;2067612.9999999998
Mongolia;Total;2017;3113786.0
Mongolia;Male;2017;1537060.0
Mongolia;Female;2017;1576728.0
Mongolia;Rural;2017;973037.0
Mongolia;Urban;2017;2102610.0
Mongolia;Total;2018;3170216.0
Mongolia;Male;2018;1563881.0
Mongolia;Female;2018;1606333.0
Mongolia;Rural;2018;985062.0
Mongolia;Urban;2018;2136710.0
Montenegro;Total;2006;617860.0
Montenegro;Male;2006;304195.0
Montenegro;Female;2006;313668.0
Montenegro;Rural;2006;229817.0
Montenegro;Urban;2006;388015.0
Montenegro;Total;2007;619555.0
Montenegro;Male;2007;305207.0
Montenegro;Female;2007;314347.0
Montenegro;Rural;2007;228348.0
Montenegro;Urban;2007;391136.0
Montenegro;Total;2008;621320.0
Montenegro;Male;2008;306341.0
Montenegro;Female;2008;314971.0
Montenegro;Rural;2008;226898.0
Montenegro;Urban;2008;394307.0
Montenegro;Total;2009;622939.0
Montenegro;Male;2009;307402.0
Montenegro;Female;2009;315531.0
Montenegro;Rural;2009;225423.0
Montenegro;Urban;2009;397429.0
Montenegro;Total;2010;624275.0
Montenegro;Male;2010;308279.0
Montenegro;Female;2010;316000.0
Montenegro;Rural;2010;223866.0
Montenegro;Urban;2010;400419.0
Montenegro;Total;2011;625270.0
Montenegro;Male;2011;308908.0
Montenegro;Female;2011;316363.0
Montenegro;Rural;2011;222219.0
Montenegro;Urban;2011;403247.0
Montenegro;Total;2012;625925.0
Montenegro;Male;2012;309315.0
Montenegro;Female;2012;316616.0
Montenegro;Rural;2012;220462.0
Montenegro;Urban;2012;405924.0
Montenegro;Total;2013;626345.0
Montenegro;Male;2013;309563.0
Montenegro;Female;2013;316779.0
Montenegro;Rural;2013;218623.0
Montenegro;Urban;2013;408471.0
Montenegro;Total;2014;626645.0
Montenegro;Male;2014;309734.0
Montenegro;Female;2014;316916.0
Montenegro;Rural;2014;216730.0
Montenegro;Urban;2014;410944.0
Montenegro;Total;2015;626956.0
Montenegro;Male;2015;309909.0
Montenegro;Female;2015;317048.0
Montenegro;Rural;2015;214802.0
Montenegro;Urban;2015;413376.0
Montenegro;Total;2016;627264.0
Montenegro;Male;2016;310093.0
Montenegro;Female;2016;317178.0
Montenegro;Rural;2016;212843.0
Montenegro;Urban;2016;415772.0
Montenegro;Total;2017;627563.0
Montenegro;Male;2017;310256.0
Montenegro;Female;2017;317307.0
Montenegro;Rural;2017;210847.0
Montenegro;Urban;2017;418113.0
Montenegro;Total;2018;627809.0
Montenegro;Male;2018;310392.0
Montenegro;Female;2018;317411.0
Montenegro;Rural;2018;208816.0
Montenegro;Urban;2018;420403.0
Montserrat;Total;2000;4929.0
Montserrat;Rural;2000;4852.0
Montserrat;Urban;2000;103.0
Montserrat;Total;2001;4530.0
Montserrat;Rural;2001;4077.0
Montserrat;Urban;2001;428.0
Montserrat;Total;2002;4425.0
Montserrat;Rural;2002;3962.0
Montserrat;Urban;2002;414.0
Montserrat;Total;2003;4535.0
Montserrat;Rural;2003;4050.0
Montserrat;Urban;2003;421.0
Montserrat;Total;2004;4705.0
Montserrat;Rural;2004;4208.0
Montserrat;Urban;2004;436.0
Montserrat;Total;2005;4835.0
Montserrat;Rural;2005;4332.0
Montserrat;Urban;2005;446.0
Montserrat;Total;2006;4892.0
Montserrat;Rural;2006;4395.0
Montserrat;Urban;2006;451.0
Montserrat;Total;2007;4910.0
Montserrat;Rural;2007;4436.0
Montserrat;Urban;2007;453.0
Montserrat;Total;2008;4901.0
Montserrat;Rural;2008;4455.0
Montserrat;Urban;2008;453.0
Montserrat;Total;2009;4891.0
Montserrat;Rural;2009;4471.0
Montserrat;Urban;2009;452.0
Montserrat;Total;2010;4899.0
Montserrat;Rural;2010;4492.0
Montserrat;Urban;2010;452.0
Montserrat;Total;2011;4917.0
Montserrat;Rural;2011;4539.0
Montserrat;Urban;2011;455.0
Montserrat;Total;2012;4930.0
Montserrat;Rural;2012;4574.0
Montserrat;Urban;2012;457.0
Montserrat;Total;2013;4944.0
Montserrat;Rural;2013;4609.0
Montserrat;Urban;2013;459.0
Montserrat;Total;2014;4957.0
Montserrat;Rural;2014;4637.0
Montserrat;Urban;2014;461.0
Montserrat;Total;2015;4967.0
Montserrat;Rural;2015;4661.0
Montserrat;Urban;2015;463.0
Montserrat;Total;2016;4981.0
Montserrat;Rural;2016;4686.0
Montserrat;Urban;2016;466.0
Montserrat;Total;2017;4984.0
Montserrat;Rural;2017;4709.0
Montserrat;Urban;2017;468.0
Montserrat;Total;2018;4993.0
Montserrat;Rural;2018;4731.0
Montserrat;Urban;2018;472.0
Morocco;Total;2000;28793679.0
Morocco;Male;2000;14268731.0
Morocco;Female;2000;14524941.0
Morocco;Rural;2000;13462682.0
Morocco;Urban;2000;15386939.0
Morocco;Total;2001;29126330.0
Morocco;Male;2001;14423684.0
Morocco;Female;2001;14702639.0
Morocco;Rural;2001;13522209.0
Morocco;Urban;2001;15659623.0
Morocco;Total;2002;29454768.0
Morocco;Male;2002;14577127.0
Morocco;Female;2002;14877638.0
Morocco;Rural;2002;13578750.0
Morocco;Urban;2002;15933618.0
Morocco;Total;2003;29782884.0
Morocco;Male;2003;14730678.0
Morocco;Female;2003;15052206.0
Morocco;Rural;2003;13633701.0
Morocco;Urban;2003;16210236.0
Morocco;Total;2004;30115214.0
Morocco;Male;2004;14886096.0
Morocco;Female;2004;15229100.0
Morocco;Rural;2004;13688174.0
Morocco;Urban;2004;16491111.0
Morocco;Total;2005;30455561.0
Morocco;Male;2005;15045104.0
Morocco;Female;2005;15410459.0
Morocco;Rural;2005;13681416.0
Morocco;Urban;2005;16839654.0
Morocco;Total;2006;30804683.0
Morocco;Male;2006;15207578.0
Morocco;Female;2006;15597111.0
Morocco;Rural;2006;13660936.0
Morocco;Urban;2006;17208410.0
Morocco;Total;2007;31163673.0
Morocco;Male;2007;15374596.0
Morocco;Female;2007;15789074.0
Morocco;Rural;2007;13640554.0
Morocco;Urban;2007;17585327.0
Morocco;Total;2008;31536811.0
Morocco;Male;2008;15550344.0
Morocco;Female;2008;15986463.0
Morocco;Rural;2008;13622608.0
Morocco;Urban;2008;17974247.0
Morocco;Total;2009;31929087.0
Morocco;Male;2009;15740013.0
Morocco;Female;2009;16189074.0
Morocco;Rural;2009;13610904.0
Morocco;Urban;2009;18378993.0
Morocco;Total;2010;32343389.0
Morocco;Male;2010;15946819.0
Morocco;Female;2010;16396564.999999998
Morocco;Rural;2010;13606337.0
Morocco;Urban;2010;18803302.0
Morocco;Total;2011;32781853.000000004
Morocco;Male;2011;16172843.0
Morocco;Female;2011;16609017.0
Morocco;Rural;2011;13609908.0
Morocco;Urban;2011;19248915.0
Morocco;Total;2012;33241900.0
Morocco;Male;2012;16415741.999999998
Morocco;Female;2012;16826156.0
Morocco;Rural;2012;13619442.0
Morocco;Urban;2012;19714347.0
Morocco;Total;2013;33715703.0
Morocco;Male;2013;16668892.0
Morocco;Female;2013;17046813.0
Morocco;Rural;2013;13631417.0
Morocco;Urban;2013;20193352.0
Morocco;Total;2014;34192357.0
Morocco;Male;2014;16922959.0
Morocco;Female;2014;17269399.0
Morocco;Rural;2014;13639438.0
Morocco;Urban;2014;20678644.0
Morocco;Total;2015;34663603.0
Morocco;Male;2015;17171039.0
Morocco;Female;2015;17492569.0
Morocco;Rural;2015;13639728.0
Morocco;Urban;2015;21163594.0
Morocco;Total;2016;35126283.0
Morocco;Male;2016;17410483.0
Morocco;Female;2016;17715791.0
Morocco;Rural;2016;13630788.0
Morocco;Urban;2016;21645998.0
Morocco;Total;2017;35581255.0
Morocco;Male;2017;17642593.0
Morocco;Female;2017;17938664.0
Morocco;Rural;2017;13613878.0
Morocco;Urban;2017;22125702.0
Morocco;Total;2018;36029093.0
Morocco;Male;2018;17869042.0
Morocco;Female;2018;18160047.0
Morocco;Rural;2018;13589062.0
Morocco;Urban;2018;22602743.0
Mozambique;Total;2000;17711927.0
Mozambique;Male;2000;8469139.0
Mozambique;Female;2000;9242786.0
Mozambique;Rural;2000;12810292.0
Mozambique;Urban;2000;5257395.0
Mozambique;Total;2001;18221888.0
Mozambique;Male;2001;8721329.0
Mozambique;Female;2001;9500555.0
Mozambique;Rural;2001;13146513.0
Mozambique;Urban;2001;5442245.0
Mozambique;Total;2002;18764155.0
Mozambique;Male;2002;8990042.0
Mozambique;Female;2002;9774105.0
Mozambique;Rural;2002;13501744.0
Mozambique;Urban;2002;5637914.0
Mozambique;Total;2003;19331100.0
Mozambique;Male;2003;9271281.0
Mozambique;Female;2003;10059816.0
Mozambique;Rural;2003;13873191.0
Mozambique;Urban;2003;5843407.0
Mozambique;Total;2004;19910552.0
Mozambique;Male;2004;9558746.0
Mozambique;Female;2004;10351803.0
Mozambique;Rural;2004;14255830.0
Mozambique;Urban;2004;6056875.0
Mozambique;Total;2005;20493925.0
Mozambique;Male;2005;9848006.0
Mozambique;Female;2005;10645921.0
Mozambique;Rural;2005;14646262.0
Mozambique;Urban;2005;6276808.0
Mozambique;Total;2006;21080110.0
Mozambique;Male;2006;10138375.0
Mozambique;Female;2006;10941733.0
Mozambique;Rural;2006;15044085.0
Mozambique;Urban;2006;6503378.0
Mozambique;Total;2007;21673316.0
Mozambique;Male;2007;10431938.0
Mozambique;Female;2007;11241381.0
Mozambique;Rural;2007;15451006.0
Mozambique;Urban;2007;6737381.0
Mozambique;Total;2008;22276596.0
Mozambique;Male;2008;10730317.0
Mozambique;Female;2008;11546279.0
Mozambique;Rural;2008;15802686.0
Mozambique;Urban;2008;7044072.0
Mozambique;Total;2009;22894710.0
Mozambique;Male;2009;11036074.0
Mozambique;Female;2009;11858644.0
Mozambique;Rural;2009;16154357.0
Mozambique;Urban;2009;7369706.0
Mozambique;Total;2010;23531574.0
Mozambique;Male;2010;11351293.0
Mozambique;Female;2010;12180274.0
Mozambique;Rural;2010;16511748.0
Mozambique;Urban;2010;7709657.0
Mozambique;Total;2011;24187494.0
Mozambique;Male;2011;11676141.0
Mozambique;Female;2011;12511359.0
Mozambique;Rural;2011;16874793.0
Mozambique;Urban;2011;8064212.0
Mozambique;Total;2012;24862664.0
Mozambique;Male;2012;12010643.0
Mozambique;Female;2012;12852030.0
Mozambique;Rural;2012;17242761.0
Mozambique;Urban;2012;8433845.0
Mozambique;Total;2013;25560755.0
Mozambique;Male;2013;12356719.0
Mozambique;Female;2013;13204033.0
Mozambique;Rural;2013;17615928.0
Mozambique;Urban;2013;8818444.0
Mozambique;Total;2014;26286191.0
Mozambique;Male;2014;12716664.0
Mozambique;Female;2014;13569528.0
Mozambique;Rural;2014;17993425.0
Mozambique;Urban;2014;9218957.0
Mozambique;Total;2015;27042002.0
Mozambique;Male;2015;13092038.0
Mozambique;Female;2015;13949963.0
Mozambique;Rural;2015;18375089.0
Mozambique;Urban;2015;9635602.0
Mozambique;Total;2016;27829938.0
Mozambique;Male;2016;13483761.0
Mozambique;Female;2016;14346169.0
Mozambique;Rural;2016;18760441.0
Mozambique;Urban;2016;10069035.0
Mozambique;Total;2017;28649018.0
Mozambique;Male;2017;13891296.0
Mozambique;Female;2017;14757711.0
Mozambique;Rural;2017;19149788.0
Mozambique;Urban;2017;10519046.0
Mozambique;Total;2018;29496004.0
Mozambique;Male;2018;14312882.0
Mozambique;Female;2018;15183127.0
Mozambique;Rural;2018;19542053.0
Mozambique;Urban;2018;10986620.0
Myanmar;Total;2000;46719701.0
Myanmar;Male;2000;22629738.0
Myanmar;Female;2000;24089960.0
Myanmar;Rural;2000;33637935.0
Myanmar;Urban;2000;12457527.0
Myanmar;Total;2001;47225120.0
Myanmar;Male;2001;22863845.0
Myanmar;Female;2001;24361274.0
Myanmar;Rural;2001;33941554.0
Myanmar;Urban;2001;12686440.0
Myanmar;Total;2002;47702171.0
Myanmar;Male;2002;23088026.0
Myanmar;Female;2002;24614137.0
Myanmar;Rural;2002;34228006.0
Myanmar;Urban;2002;12912214.0
Myanmar;Total;2003;48148902.0
Myanmar;Male;2003;23299378.0
Myanmar;Female;2003;24849529.0
Myanmar;Rural;2003;34492260.0
Myanmar;Urban;2003;13132634.0
Myanmar;Total;2004;48564484.0
Myanmar;Male;2004;23494534.0
Myanmar;Female;2004;25069955.0
Myanmar;Rural;2004;34728333.0
Myanmar;Urban;2004;13345374.0
Myanmar;Total;2005;48949924.0
Myanmar;Male;2005;23671965.0
Myanmar;Female;2005;25277966.0
Myanmar;Rural;2005;34933870.0
Myanmar;Urban;2005;13548744.0
Myanmar;Total;2006;49301050.0
Myanmar;Male;2006;23828900.0
Myanmar;Female;2006;25472149.0
Myanmar;Rural;2006;35105021.0
Myanmar;Urban;2006;13741453.0
Myanmar;Total;2007;49621475.0
Myanmar;Male;2007;23968105.0
Myanmar;Female;2007;25653374.0
Myanmar;Rural;2007;35246670.0
Myanmar;Urban;2007;13924916.0
Myanmar;Total;2008;49929642.0
Myanmar;Male;2008;24100378.0
Myanmar;Female;2008;25829264.0
Myanmar;Rural;2008;35374487.0
Myanmar;Urban;2008;14105265.0
Myanmar;Total;2009;50250367.0
Myanmar;Male;2009;24240435.0
Myanmar;Female;2009;26009931.0
Myanmar;Rural;2009;35510138.0
Myanmar;Urban;2009;14290552.0
Myanmar;Total;2010;50600818.0
Myanmar;Male;2010;24398508.0
Myanmar;Female;2010;26202319.0
Myanmar;Rural;2010;35668447.0
Myanmar;Urban;2010;14487449.0
Myanmar;Total;2011;50990617.0
Myanmar;Male;2011;24579872.0
Myanmar;Female;2011;26410740.0
Myanmar;Rural;2011;35854775.0
Myanmar;Urban;2011;14698256.0
Myanmar;Total;2012;51413704.0
Myanmar;Male;2012;24780911.0
Myanmar;Female;2012;26632792.0
Myanmar;Rural;2012;36064794.0
Myanmar;Urban;2012;14921720.0
Myanmar;Total;2013;51852468.0
Myanmar;Male;2013;24992008.0
Myanmar;Female;2013;26860456.0
Myanmar;Rural;2013;36292944.0
Myanmar;Urban;2013;15155252.0
Myanmar;Total;2014;52280824.0
Myanmar;Male;2014;25198879.0
Myanmar;Female;2014;27081937.0
Myanmar;Rural;2014;36528875.0
Myanmar;Urban;2014;15395307.0
Myanmar;Total;2015;52680726.0
Myanmar;Male;2015;25391577.0
Myanmar;Female;2015;27289147.0
Myanmar;Rural;2015;36757132.0
Myanmar;Urban;2015;15646537.0
Myanmar;Total;2016;53045201.0
Myanmar;Male;2016;25566371.0
Myanmar;Female;2016;27478828.0
Myanmar;Rural;2016;36976382.0
Myanmar;Urban;2016;15908841.0
Myanmar;Total;2017;53382523.0
Myanmar;Male;2017;25727603.0
Myanmar;Female;2017;27654918.0
Myanmar;Rural;2017;37187526.0
Myanmar;Urban;2017;16183083.0
Myanmar;Total;2018;53708320.0
Myanmar;Male;2018;25883168.0
Myanmar;Female;2018;27825150.0
Myanmar;Rural;2018;37387374.0
Myanmar;Urban;2018;16468361.0
Namibia;Total;2000;1794571.0
Namibia;Male;2000;865298.0
Namibia;Female;2000;929285.0
Namibia;Rural;2000;1284412.0
Namibia;Urban;2000;614845.0
Namibia;Total;2001;1823672.0
Namibia;Male;2001;879289.0
Namibia;Female;2001;944378.0
Namibia;Rural;2001;1297490.0
Namibia;Urban;2001;636106.0
Namibia;Total;2002;1851523.0
Namibia;Male;2002;892729.0
Namibia;Female;2002;958790.0
Namibia;Rural;2002;1299607.0
Namibia;Urban;2002;662540.0
Namibia;Total;2003;1879117.0
Namibia;Male;2003;906107.0
Namibia;Female;2003;973006.0
Namibia;Rural;2003;1297022.0
Namibia;Urban;2003;689513.0
Namibia;Total;2004;1907745.0
Namibia;Male;2004;920049.0
Namibia;Female;2004;987688.0
Namibia;Rural;2004;1292615.0
Namibia;Urban;2004;716613.0
Namibia;Total;2005;1938320.0
Namibia;Male;2005;935004.0
Namibia;Female;2005;1003312.0
Namibia;Rural;2005;1287768.0
Namibia;Urban;2005;744428.0
Namibia;Total;2006;1971317.0
Namibia;Male;2006;951209.0
Namibia;Female;2006;1020109.0
Namibia;Rural;2006;1282581.0
Namibia;Urban;2006;773153.0
Namibia;Total;2007;2006514.0
Namibia;Male;2007;968554.0
Namibia;Female;2007;1037962.0
Namibia;Rural;2007;1277117.0
Namibia;Urban;2007;802798.0
Namibia;Total;2008;2043394.0
Namibia;Male;2008;986752.0
Namibia;Female;2008;1056630.0
Namibia;Rural;2008;1272323.0
Namibia;Urban;2008;834052.0
Namibia;Total;2009;2081043.9999999998
Namibia;Male;2009;1005348.0
Namibia;Female;2009;1075691.0
Namibia;Rural;2009;1269370.0
Namibia;Urban;2009;867670.0
Namibia;Total;2010;2118874.0
Namibia;Male;2010;1024015.0000000001
Namibia;Female;2010;1094862.0
Namibia;Rural;2010;1268790.0
Namibia;Urban;2010;904380.0
Namibia;Total;2011;2156698.0
Namibia;Male;2011;1042644.0
Namibia;Female;2011;1114054.0
Namibia;Rural;2011;1270945.0
Namibia;Urban;2011;944676.0
Namibia;Total;2012;2194783.0
Namibia;Male;2012;1061377.0
Namibia;Female;2012;1133400.0
Namibia;Rural;2012;1274757.0
Namibia;Urban;2012;989177.0
Namibia;Total;2013;2233508.0
Namibia;Male;2013;1080421.0
Namibia;Female;2013;1153085.0
Namibia;Rural;2013;1279729.0
Namibia;Urban;2013;1036790.9999999999
Namibia;Total;2014;2273423.0
Namibia;Male;2014;1100048.0
Namibia;Female;2014;1173378.0
Namibia;Rural;2014;1284455.0
Namibia;Urban;2014;1086537.0
Namibia;Total;2015;2314904.0
Namibia;Male;2015;1120450.0
Namibia;Female;2015;1194451.0
Namibia;Rural;2015;1287973.0
Namibia;Urban;2015;1137588.0
Namibia;Total;2016;2358044.0
Namibia;Male;2016;1141681.0
Namibia;Female;2016;1216363.0
Namibia;Rural;2016;1290418.0
Namibia;Urban;2016;1189295.0
Namibia;Total;2017;2402633.0
Namibia;Male;2017;1163627.0
Namibia;Female;2017;1238996.0
Namibia;Rural;2017;1292108.0
Namibia;Urban;2017;1241686.0
Namibia;Total;2018;2448301.0
Namibia;Male;2018;1186111.0
Namibia;Female;2018;1262189.0
Namibia;Rural;2018;1293060.0
Namibia;Urban;2018;1294741.0
Nauru;Total;2000;10337.0
Nauru;Rural;2000;0.0
Nauru;Urban;2000;10037.0
Nauru;Total;2001;10215.0
Nauru;Rural;2001;0.0
Nauru;Urban;2001;10052.0
Nauru;Total;2002;10102.0
Nauru;Rural;2002;0.0
Nauru;Urban;2002;10080.0
Nauru;Total;2003;9994.0
Nauru;Rural;2003;0.0
Nauru;Urban;2003;10106.0
Nauru;Total;2004;9902.0
Nauru;Rural;2004;0.0
Nauru;Urban;2004;10126.0
Nauru;Total;2005;9849.0
Nauru;Rural;2005;0.0
Nauru;Urban;2005;10114.0
Nauru;Total;2006;9828.0
Nauru;Rural;2006;0.0
Nauru;Urban;2006;10071.0
Nauru;Total;2007;9842.0
Nauru;Rural;2007;0.0
Nauru;Urban;2007;10002.0
Nauru;Total;2008;9891.0
Nauru;Rural;2008;0.0
Nauru;Urban;2008;9947.0
Nauru;Total;2009;9939.0
Nauru;Rural;2009;0.0
Nauru;Urban;2009;9945.0
Nauru;Total;2010;10005.0
Nauru;Rural;2010;0.0
Nauru;Urban;2010;10025.0
Nauru;Total;2011;10070.0
Nauru;Rural;2011;0.0
Nauru;Urban;2011;10208.0
Nauru;Total;2012;10140.0
Nauru;Rural;2012;0.0
Nauru;Urban;2012;10478.0
Nauru;Total;2013;10209.0
Nauru;Rural;2013;0.0
Nauru;Urban;2013;10790.0
Nauru;Total;2014;10289.0
Nauru;Rural;2014;0.0
Nauru;Urban;2014;11070.0
Nauru;Total;2015;10383.0
Nauru;Rural;2015;0.0
Nauru;Urban;2015;11260.0
Nauru;Total;2016;10475.0
Nauru;Rural;2016;0.0
Nauru;Urban;2016;11347.0
Nauru;Total;2017;10573.0
Nauru;Rural;2017;0.0
Nauru;Urban;2017;11359.0
Nauru;Total;2018;10670.0
Nauru;Rural;2018;0.0
Nauru;Urban;2018;11312.0
Nepal;Total;2000;23941110.0
Nepal;Male;2000;11919749.0
Nepal;Female;2000;12021350.0
Nepal;Rural;2000;20560410.0
Nepal;Urban;2000;3180501.0
Nepal;Total;2001;24347106.0
Nepal;Male;2001;12103281.0
Nepal;Female;2001;12243832.0
Nepal;Rural;2001;20791897.0
Nepal;Urban;2001;3369880.0
Nepal;Total;2002;24725627.0
Nepal;Male;2002;12281800.0
Nepal;Female;2002;12443825.0
Nepal;Rural;2002;21068143.0
Nepal;Urban;2002;3498199.0
Nepal;Total;2003;25080872.0
Nepal;Male;2003;12455707.0
Nepal;Female;2003;12625173.0
Nepal;Rural;2003;21323411.0
Nepal;Urban;2003;3627212.0
Nepal;Total;2004;25419344.0
Nepal;Male;2004;12625020.0
Nepal;Female;2004;12794317.0
Nepal;Rural;2004;21553302.0
Nepal;Urban;2004;3756147.0
Nepal;Total;2005;25744500.0
Nepal;Male;2005;12787936.0
Nepal;Female;2005;12956564.0
Nepal;Rural;2005;21756151.0
Nepal;Urban;2005;3884136.0
Nepal;Total;2006;26066693.0
Nepal;Male;2006;12953793.0
Nepal;Female;2006;13112894.0
Nepal;Rural;2006;21929706.0
Nepal;Urban;2006;4010912.0
Nepal;Total;2007;26382581.0
Nepal;Male;2007;13119210.0
Nepal;Female;2007;13263376.0
Nepal;Rural;2007;22078011.0
Nepal;Urban;2007;4136836.0000000005
Nepal;Total;2008;26666576.0
Nepal;Male;2008;13255035.0
Nepal;Female;2008;13411546.0
Nepal;Rural;2008;22211953.0
Nepal;Urban;2008;4263906.0
Nepal;Total;2009;26883535.0
Nepal;Male;2009;13322031.0
Nepal;Female;2009;13561500.0
Nepal;Rural;2009;22346548.0
Nepal;Urban;2009;4394555.0
Nepal;Total;2010;27013212.0
Nepal;Male;2010;13296610.0
Nepal;Female;2010;13716597.0
Nepal;Rural;2010;22491798.0
Nepal;Urban;2010;4531339.0
Nepal;Total;2011;27041220.0
Nepal;Male;2011;13163821.0
Nepal;Female;2011;13877399.0
Nepal;Rural;2011;22651895.0
Nepal;Urban;2011;4675252.0
Nepal;Total;2012;26989163.0
Nepal;Male;2012;12944612.0
Nepal;Female;2012;14044548.0
Nepal;Rural;2012;22822896.0
Nepal;Urban;2012;4827029.0
Nepal;Total;2013;26916793.0
Nepal;Male;2013;12695455.0
Nepal;Female;2013;14221340.0
Nepal;Rural;2013;22999677.0
Nepal;Urban;2013;4985633.0
Nepal;Total;2014;26905978.0
Nepal;Male;2014;12494455.0
Nepal;Female;2014;14411527.0
Nepal;Rural;2014;23173611.0
Nepal;Urban;2014;5149630.0
Nepal;Total;2015;27015031.0
Nepal;Male;2015;12397963.0
Nepal;Female;2015;14617070.0
Nepal;Rural;2015;23338483.0
Nepal;Urban;2015;5317799.0
Nepal;Total;2016;27263433.0
Nepal;Male;2016;12423456.0
Nepal;Female;2016;14839974.0
Nepal;Rural;2016;23492872.0
Nepal;Urban;2016;5489899.0
Nepal;Total;2017;27632681.0
Nepal;Male;2017;12554958.0
Nepal;Female;2017;15077724.0
Nepal;Rural;2017;23638570.0
Nepal;Urban;2017;5666428.0
Nepal;Total;2018;28095714.0
Nepal;Male;2018;12773619.0
Nepal;Female;2018;15322093.0
Nepal;Rural;2018;23776364.0
Nepal;Urban;2018;5847671.0
Netherlands;Total;2000;15926188.0
Netherlands;Male;2000;7888740.0
Netherlands;Female;2000;8037448.0
Netherlands;Rural;2000;3695706.0
Netherlands;Urban;2000;12230482.0
Netherlands;Total;2001;16018114.0
Netherlands;Male;2001;7935343.0
Netherlands;Female;2001;8082769.0
Netherlands;Rural;2001;3551153.0
Netherlands;Urban;2001;12466961.0
Netherlands;Total;2002;16110355.0
Netherlands;Male;2002;7982573.0
Netherlands;Female;2002;8127782.0
Netherlands;Rural;2002;3364924.0
Netherlands;Urban;2002;12745431.0
Netherlands;Total;2003;16200951.0
Netherlands;Male;2003;8029370.0
Netherlands;Female;2003;8171578.0
Netherlands;Rural;2003;3184995.0
Netherlands;Urban;2003;13015956.0
Netherlands;Total;2004;16287182.0
Netherlands;Male;2004;8074227.0
Netherlands;Female;2004;8212956.0
Netherlands;Rural;2004;3010783.0
Netherlands;Urban;2004;13276399.0
Netherlands;Total;2005;16367158.0
Netherlands;Male;2005;8116075.0
Netherlands;Female;2005;8251077.999999999
Netherlands;Rural;2005;2842946.0
Netherlands;Urban;2005;13524212.0
Netherlands;Total;2006;16440097.000000002
Netherlands;Male;2006;8154564.0
Netherlands;Female;2006;8285527.0
Netherlands;Rural;2006;2690294.0
Netherlands;Urban;2006;13749928.0
Netherlands;Total;2007;16506654.999999998
Netherlands;Male;2007;8190040.0
Netherlands;Female;2007;8316611.999999999
Netherlands;Rural;2007;2552168.0
Netherlands;Urban;2007;13954888.0
Netherlands;Total;2008;16568104.0
Netherlands;Male;2008;8223000.0
Netherlands;Female;2008;8345105.0
Netherlands;Rural;2008;2418707.0
Netherlands;Urban;2008;14150027.0
Netherlands;Total;2009;16626373.0
Netherlands;Male;2009;8254242.0
Netherlands;Female;2009;8372137.000000001
Netherlands;Rural;2009;2279916.0
Netherlands;Urban;2009;14347010.0
Netherlands;Total;2010;16682917.000000002
Netherlands;Male;2010;8284404.0
Netherlands;Female;2010;8398523.0
Netherlands;Rural;2010;2146443.0
Netherlands;Urban;2010;14536474.0
Netherlands;Total;2011;16738193.0
Netherlands;Male;2011;8313584.000000001
Netherlands;Female;2011;8424607.0
Netherlands;Rural;2011;2028656.0
Netherlands;Urban;2011;14708346.0
Netherlands;Total;2012;16791840.0
Netherlands;Male;2012;8341690.000000001
Netherlands;Female;2012;8450160.0
Netherlands;Rural;2012;1915976.0
Netherlands;Urban;2012;14873119.0
Netherlands;Total;2013;16843502.0
Netherlands;Male;2013;8368806.000000001
Netherlands;Female;2013;8474706.0
Netherlands;Rural;2013;1820817.0
Netherlands;Urban;2013;15018882.0
Netherlands;Total;2014;16892523.0
Netherlands;Male;2014;8395012.0
Netherlands;Female;2014;8497505.0
Netherlands;Rural;2014;1741230.0
Netherlands;Urban;2014;15148126.0
Netherlands;Total;2015;16938499.0
Netherlands;Male;2015;8420387.0
Netherlands;Female;2015;8518105.0
Netherlands;Rural;2015;1664620.0
Netherlands;Urban;2015;15273879.0
Netherlands;Total;2016;16981295.0
Netherlands;Male;2016;8444976.0
Netherlands;Female;2016;8536309.0
Netherlands;Rural;2016;1590832.0
Netherlands;Urban;2016;15396498.0
Netherlands;Total;2017;17021347.0
Netherlands;Male;2017;8468840.0
Netherlands;Female;2017;8552503.0
Netherlands;Rural;2017;1520119.0
Netherlands;Urban;2017;15515819.0
Netherlands;Total;2018;17059560.0
Netherlands;Male;2018;8492088.0
Netherlands;Female;2018;8567472.0
Netherlands;Rural;2018;1453872.0
Netherlands;Urban;2018;15630587.0
Netherlands Antilles (former);Total;2000;215459.0
Netherlands Antilles (former);Male;2000;62046.0
Netherlands Antilles (former);Female;2000;70101.0
Netherlands Antilles (former);Rural;2000;15822.0
Netherlands Antilles (former);Urban;2000;162489.0
Netherlands Antilles (former);Total;2001;214832.0
Netherlands Antilles (former);Male;2001;61217.0
Netherlands Antilles (former);Female;2001;69188.0
Netherlands Antilles (former);Rural;2001;15274.0
Netherlands Antilles (former);Urban;2001;161130.0
Netherlands Antilles (former);Total;2002;214774.0
Netherlands Antilles (former);Male;2002;60617.0
Netherlands Antilles (former);Female;2002;68465.0
Netherlands Antilles (former);Rural;2002;15235.0
Netherlands Antilles (former);Urban;2002;159662.0
Netherlands Antilles (former);Total;2003;215551.0
Netherlands Antilles (former);Male;2003;60332.0
Netherlands Antilles (former);Female;2003;68090.0
Netherlands Antilles (former);Rural;2003;15279.0
Netherlands Antilles (former);Urban;2003;158836.0
Netherlands Antilles (former);Total;2004;217500.0
Netherlands Antilles (former);Male;2004;60441.0
Netherlands Antilles (former);Female;2004;68272.0
Netherlands Antilles (former);Rural;2004;15483.0
Netherlands Antilles (former);Urban;2004;159032.0
Netherlands Antilles (former);Total;2005;220768.0
Netherlands Antilles (former);Male;2005;60999.0
Netherlands Antilles (former);Female;2005;69137.0
Netherlands Antilles (former);Rural;2005;15885.0
Netherlands Antilles (former);Urban;2005;160443.0
Netherlands Antilles (former);Total;2006;225554.0
Netherlands Antilles (former);Male;2006;62043.0
Netherlands Antilles (former);Female;2006;70769.0
Netherlands Antilles (former);Rural;2006;16520.0
Netherlands Antilles (former);Urban;2006;163232.0
Netherlands Antilles (former);Total;2007;231665.0
Netherlands Antilles (former);Male;2007;63522.0
Netherlands Antilles (former);Female;2007;73057.0
Netherlands Antilles (former);Rural;2007;17365.0
Netherlands Antilles (former);Urban;2007;167221.0
Netherlands Antilles (former);Total;2008;238470.0
Netherlands Antilles (former);Male;2008;65266.00000000001
Netherlands Antilles (former);Female;2008;75738.0
Netherlands Antilles (former);Rural;2008;18333.0
Netherlands Antilles (former);Urban;2008;171987.0
Netherlands Antilles (former);Total;2009;245157.0
Netherlands Antilles (former);Male;2009;67001.0
Netherlands Antilles (former);Female;2009;78363.0
Netherlands Antilles (former);Rural;2009;19306.0
Netherlands Antilles (former);Urban;2009;176905.0
Netherlands Antilles (former);Total;2010;251116.0
Netherlands Antilles (former);Male;2010;68550.0
Netherlands Antilles (former);Female;2010;80638.0
Netherlands Antilles (former);Rural;2010;20190.0
Netherlands Antilles (former);Urban;2010;181482.0
Netherlands Antilles (former);Total;2011;256154.99999999997
Netherlands Antilles (former);Male;2011;69847.0
Netherlands Antilles (former);Female;2011;82462.0
Netherlands Antilles (former);Rural;2011;20955.0
Netherlands Antilles (former);Urban;2011;185608.0
Netherlands Antilles (former);Total;2012;260348.0
Netherlands Antilles (former);Male;2012;70924.0
Netherlands Antilles (former);Female;2012;83888.0
Netherlands Antilles (former);Rural;2012;21599.0
Netherlands Antilles (former);Urban;2012;189363.0
Netherlands Antilles (former);Total;2013;263872.0
Netherlands Antilles (former);Male;2013;71806.0
Netherlands Antilles (former);Female;2013;84984.0
Netherlands Antilles (former);Rural;2013;22137.0
Netherlands Antilles (former);Urban;2013;192703.0
Netherlands Antilles (former);Total;2014;267006.0
Netherlands Antilles (former);Male;2014;72561.0
Netherlands Antilles (former);Female;2014;85871.0
Netherlands Antilles (former);Rural;2014;22605.0
Netherlands Antilles (former);Urban;2014;195675.0
Netherlands Antilles (former);Total;2015;269936.0
Netherlands Antilles (former);Male;2015;73231.0
Netherlands Antilles (former);Female;2015;86619.0
Netherlands Antilles (former);Rural;2015;23027.0
Netherlands Antilles (former);Urban;2015;198303.0
Netherlands Antilles (former);Total;2016;272693.0
Netherlands Antilles (former);Male;2016;73822.0
Netherlands Antilles (former);Female;2016;87233.0
Netherlands Antilles (former);Rural;2016;23404.0
Netherlands Antilles (former);Urban;2016;200523.0
Netherlands Antilles (former);Total;2017;275186.0
Netherlands Antilles (former);Male;2017;74299.0
Netherlands Antilles (former);Female;2017;87687.0
Netherlands Antilles (former);Rural;2017;23724.0
Netherlands Antilles (former);Urban;2017;202333.0
Netherlands Antilles (former);Total;2018;277483.0
Netherlands Antilles (former);Male;2018;74711.0
Netherlands Antilles (former);Female;2018;88042.0
Netherlands Antilles (former);Rural;2018;23992.0
Netherlands Antilles (former);Urban;2018;203839.0
New Caledonia;Total;2000;217269.0
New Caledonia;Male;2000;109831.0
New Caledonia;Female;2000;107432.0
New Caledonia;Rural;2000;81064.0
New Caledonia;Urban;2000;131807.0
New Caledonia;Total;2001;221493.0
New Caledonia;Male;2001;111816.0
New Caledonia;Female;2001;109683.0
New Caledonia;Rural;2001;81876.0
New Caledonia;Urban;2001;135164.0
New Caledonia;Total;2002;225482.0
New Caledonia;Male;2002;113749.0
New Caledonia;Female;2002;111733.0
New Caledonia;Rural;2002;82616.0
New Caledonia;Urban;2002;138472.0
New Caledonia;Total;2003;229244.0
New Caledonia;Male;2003;115618.0
New Caledonia;Female;2003;113633.0
New Caledonia;Rural;2003;83289.0
New Caledonia;Urban;2003;141737.0
New Caledonia;Total;2004;232883.0
New Caledonia;Male;2004;117438.0
New Caledonia;Female;2004;115443.0
New Caledonia;Rural;2004;83906.0
New Caledonia;Urban;2004;144977.0
New Caledonia;Total;2005;236442.0
New Caledonia;Male;2005;119218.0
New Caledonia;Female;2005;117223.0
New Caledonia;Rural;2005;83849.0
New Caledonia;Urban;2005;148837.0
New Caledonia;Total;2006;239930.0
New Caledonia;Male;2006;120949.0
New Caledonia;Female;2006;118975.0
New Caledonia;Rural;2006;83608.0
New Caledonia;Urban;2006;152827.0
New Caledonia;Total;2007;243331.0
New Caledonia;Male;2007;122636.0
New Caledonia;Female;2007;120696.0
New Caledonia;Rural;2007;83310.0
New Caledonia;Urban;2007;156819.0
New Caledonia;Total;2008;246695.0
New Caledonia;Male;2008;124298.0
New Caledonia;Female;2008;122398.0
New Caledonia;Rural;2008;82963.0
New Caledonia;Urban;2008;160823.0
New Caledonia;Total;2009;250085.0
New Caledonia;Male;2009;125996.0
New Caledonia;Female;2009;124086.0
New Caledonia;Rural;2009;82578.0
New Caledonia;Urban;2009;164835.0
New Caledonia;Total;2010;253527.0
New Caledonia;Male;2010;127734.0
New Caledonia;Female;2010;125795.0
New Caledonia;Rural;2010;82585.0
New Caledonia;Urban;2010;168452.0
New Caledonia;Total;2011;257053.99999999997
New Caledonia;Male;2011;129539.99999999999
New Caledonia;Female;2011;127526.0
New Caledonia;Rural;2011;82599.0
New Caledonia;Urban;2011;172058.0
New Caledonia;Total;2012;260653.00000000003
New Caledonia;Male;2012;131386.0
New Caledonia;Female;2012;129270.99999999999
New Caledonia;Rural;2012;82585.0
New Caledonia;Urban;2012;175690.0
New Caledonia;Total;2013;264242.0
New Caledonia;Male;2013;133227.0
New Caledonia;Female;2013;131012.0
New Caledonia;Rural;2013;82550.0
New Caledonia;Urban;2013;179339.0
New Caledonia;Total;2014;267739.0
New Caledonia;Male;2014;135004.0
New Caledonia;Female;2014;132728.0
New Caledonia;Rural;2014;82487.0
New Caledonia;Urban;2014;183010.0
New Caledonia;Total;2015;271065.0
New Caledonia;Male;2015;136673.0
New Caledonia;Female;2015;134389.0
New Caledonia;Rural;2015;82397.0
New Caledonia;Urban;2015;186694.0
New Caledonia;Total;2016;274191.0
New Caledonia;Male;2016;138200.0
New Caledonia;Female;2016;135990.0
New Caledonia;Rural;2016;82290.0
New Caledonia;Urban;2016;190387.0
New Caledonia;Total;2017;277150.0
New Caledonia;Male;2017;139618.0
New Caledonia;Female;2017;137541.0
New Caledonia;Rural;2017;82170.0
New Caledonia;Urban;2017;194085.0
New Caledonia;Total;2018;279993.0
New Caledonia;Male;2018;140942.0
New Caledonia;Female;2018;139044.0
New Caledonia;Rural;2018;82034.0
New Caledonia;Urban;2018;197787.0
New Zealand;Total;2000;3858999.0
New Zealand;Male;2000;1893983.0
New Zealand;Female;2000;1965009.0
New Zealand;Rural;2000;539447.0
New Zealand;Urban;2000;3319552.0
New Zealand;Total;2001;3907933.0
New Zealand;Male;2001;1916651.0
New Zealand;Female;2001;1991290.0
New Zealand;Rural;2001;543196.0
New Zealand;Urban;2001;3364737.0
New Zealand;Total;2002;3963206.0
New Zealand;Male;2002;1942622.0
New Zealand;Female;2002;2020580.0
New Zealand;Rural;2002;548484.0
New Zealand;Urban;2002;3414722.0
New Zealand;Total;2003;4022069.0
New Zealand;Male;2003;1970665.0
New Zealand;Female;2003;2051409.0
New Zealand;Rural;2003;554208.0
New Zealand;Urban;2003;3467861.0
New Zealand;Total;2004;4080438.0
New Zealand;Male;2004;1998827.0
New Zealand;Female;2004;2081594.0
New Zealand;Rural;2004;559799.0
New Zealand;Urban;2004;3520639.0
New Zealand;Total;2005;4135354.9999999995
New Zealand;Male;2005;2025748.0
New Zealand;Female;2005;2109605.0
New Zealand;Rural;2005;564865.0
New Zealand;Urban;2005;3570490.0
New Zealand;Total;2006;4185888.0
New Zealand;Male;2006;2050985.0000000002
New Zealand;Female;2006;2134897.0
New Zealand;Rural;2006;569292.0
New Zealand;Urban;2006;3616625.0
New Zealand;Total;2007;4233046.0
New Zealand;Male;2007;2075014.0000000002
New Zealand;Female;2007;2158032.0
New Zealand;Rural;2007;578237.0
New Zealand;Urban;2007;3654914.0
New Zealand;Total;2008;4278155.0
New Zealand;Male;2008;2098313.0
New Zealand;Female;2008;2179843.0
New Zealand;Rural;2008;586969.0
New Zealand;Urban;2008;3691356.0
New Zealand;Total;2009;4323337.0
New Zealand;Male;2009;2121716.0
New Zealand;Female;2009;2201622.0
New Zealand;Rural;2009;595754.0
New Zealand;Urban;2009;3727728.0
New Zealand;Total;2010;4370062.0
New Zealand;Male;2010;2145763.0
New Zealand;Female;2010;2224297.0
New Zealand;Rural;2010;604805.0
New Zealand;Urban;2010;3765257.0
New Zealand;Total;2011;4418678.0
New Zealand;Male;2011;2170580.0
New Zealand;Female;2011;2248094.0
New Zealand;Rural;2011;614145.0
New Zealand;Urban;2011;3804220.0
New Zealand;Total;2012;4468457.0
New Zealand;Male;2012;2195834.0
New Zealand;Female;2012;2272628.0
New Zealand;Rural;2012;618306.0
New Zealand;Urban;2012;3849437.0
New Zealand;Total;2013;4518515.0
New Zealand;Male;2013;2221055.0
New Zealand;Female;2013;2297464.0
New Zealand;Rural;2013;622479.0
New Zealand;Urban;2013;3895048.0
New Zealand;Total;2014;4567527.0
New Zealand;Male;2014;2245589.0
New Zealand;Female;2014;2321933.0
New Zealand;Rural;2014;626516.0
New Zealand;Urban;2014;3940184.0
New Zealand;Total;2015;4614532.0
New Zealand;Male;2015;2268961.0
New Zealand;Female;2015;2345566.0
New Zealand;Rural;2015;630320.0
New Zealand;Urban;2015;3984212.0
New Zealand;Total;2016;4659265.0
New Zealand;Male;2016;2291016.0
New Zealand;Female;2016;2368249.0
New Zealand;Rural;2016;633866.0
New Zealand;Urban;2016;4026967.0
New Zealand;Total;2017;4702034.0
New Zealand;Male;2017;2311898.0
New Zealand;Female;2017;2390131.0
New Zealand;Rural;2017;636894.0
New Zealand;Urban;2017;4068924.0
New Zealand;Total;2018;4743131.0
New Zealand;Male;2018;2331829.0
New Zealand;Female;2018;2411302.0
New Zealand;Rural;2018;639408.0
New Zealand;Urban;2018;4110189.9999999995
Nicaragua;Total;2000;5069302.0
Nicaragua;Male;2000;2507313.0
Nicaragua;Female;2000;2561997.0
Nicaragua;Rural;2000;2252737.0
Nicaragua;Urban;2000;2774059.0
Nicaragua;Total;2001;5145366.0
Nicaragua;Male;2001;2543944.0
Nicaragua;Female;2001;2601423.0
Nicaragua;Rural;2001;2278271.0
Nicaragua;Urban;2001;2822479.0
Nicaragua;Total;2002;5219328.0
Nicaragua;Male;2002;2579416.0
Nicaragua;Female;2002;2639908.0
Nicaragua;Rural;2002;2302257.0
Nicaragua;Urban;2002;2869477.0
Nicaragua;Total;2003;5292118.0
Nicaragua;Male;2003;2614216.0
Nicaragua;Female;2003;2677899.0
Nicaragua;Rural;2003;2325221.0
Nicaragua;Urban;2003;2915658.0
Nicaragua;Total;2004;5364935.0
Nicaragua;Male;2004;2648955.0
Nicaragua;Female;2004;2715975.0
Nicaragua;Rural;2004;2347830.0
Nicaragua;Urban;2004;2961873.0
Nicaragua;Total;2005;5438690.0
Nicaragua;Male;2005;2684139.0
Nicaragua;Female;2005;2754553.0
Nicaragua;Rural;2005;2370424.0
Nicaragua;Urban;2005;3008904.0
Nicaragua;Total;2006;5513763.0
Nicaragua;Male;2006;2719920.0
Nicaragua;Female;2006;2793837.0
Nicaragua;Rural;2006;2390923.0
Nicaragua;Urban;2006;3059288.0
Nicaragua;Total;2007;5590055.0
Nicaragua;Male;2007;2756297.0
Nicaragua;Female;2007;2833769.0
Nicaragua;Rural;2007;2411595.0
Nicaragua;Urban;2007;3110511.0
Nicaragua;Total;2008;5667432.0
Nicaragua;Male;2008;2793295.0
Nicaragua;Female;2008;2874141.0
Nicaragua;Rural;2008;2432201.0
Nicaragua;Urban;2008;3162305.0
Nicaragua;Total;2009;5745526.0
Nicaragua;Male;2009;2830905.0
Nicaragua;Female;2009;2914633.0
Nicaragua;Rural;2009;2452422.0
Nicaragua;Urban;2009;3214159.0
Nicaragua;Total;2010;5824065.0
Nicaragua;Male;2010;2869080.0
Nicaragua;Female;2010;2954978.0
Nicaragua;Rural;2010;2471956.0
Nicaragua;Urban;2010;3265767.0
Nicaragua;Total;2011;5903039.0
Nicaragua;Male;2011;2907877.0
Nicaragua;Female;2011;2995158.0
Nicaragua;Rural;2011;2490775.0
Nicaragua;Urban;2011;3317045.0
Nicaragua;Total;2012;5982526.0
Nicaragua;Male;2012;2947287.0
Nicaragua;Female;2012;3035243.0
Nicaragua;Rural;2012;2508971.0
Nicaragua;Urban;2012;3368137.0
Nicaragua;Total;2013;6062457.0
Nicaragua;Male;2013;2987133.0
Nicaragua;Female;2013;3075329.0
Nicaragua;Rural;2013;2526665.0
Nicaragua;Urban;2013;3419082.0
Nicaragua;Total;2014;6142731.0
Nicaragua;Male;2014;3027167.0
Nicaragua;Female;2014;3115567.0
Nicaragua;Rural;2014;2543925.0
Nicaragua;Urban;2014;3470072.0
Nicaragua;Total;2015;6223240.0
Nicaragua;Male;2015;3067180.0
Nicaragua;Female;2015;3156054.0
Nicaragua;Rural;2015;2560844.0
Nicaragua;Urban;2015;3521191.0
Nicaragua;Total;2016;6303974.0
Nicaragua;Male;2016;3107130.0
Nicaragua;Female;2016;3196840.0
Nicaragua;Rural;2016;2577435.0
Nicaragua;Urban;2016;3572493.0
Nicaragua;Total;2017;6384846.0
Nicaragua;Male;2017;3146999.0
Nicaragua;Female;2017;3237844.0
Nicaragua;Rural;2017;2592801.0
Nicaragua;Urban;2017;3624780.0
Nicaragua;Total;2018;6465501.0
Nicaragua;Male;2018;3186671.0
Nicaragua;Female;2018;3278831.0
Nicaragua;Rural;2018;2606772.0
Nicaragua;Urban;2018;3677985.0
Niger;Total;2000;11331557.0
Niger;Male;2000;5613223.0
Niger;Female;2000;5718338.0
Niger;Rural;2000;9515369.0
Niger;Urban;2000;1837604.0
Niger;Total;2001;11751365.0
Niger;Male;2001;5827746.0
Niger;Female;2001;5923618.0
Niger;Rural;2001;9857911.0
Niger;Urban;2001;1914065.0
Niger;Total;2002;12189983.0
Niger;Male;2002;6051840.0
Niger;Female;2002;6138148.0
Niger;Rural;2002;10221895.0
Niger;Urban;2002;1984107.0
Niger;Total;2003;12647984.0
Niger;Male;2003;6285689.0
Niger;Female;2003;6362294.0
Niger;Rural;2003;10600022.0
Niger;Urban;2003;2056848.0
Niger;Total;2004;13125916.0
Niger;Male;2004;6529466.0
Niger;Female;2004;6596448.0
Niger;Rural;2004;10994331.0
Niger;Urban;2004;2132681.0
Niger;Total;2005;13624467.0
Niger;Male;2005;6783454.0
Niger;Female;2005;6841020.0
Niger;Rural;2005;11406515.0
Niger;Urban;2005;2211934.0
Niger;Total;2006;14143971.0
Niger;Male;2006;7047747.0
Niger;Female;2006;7096222.0
Niger;Rural;2006;11837319.0
Niger;Urban;2006;2294745.0
Niger;Total;2007;14685399.0
Niger;Male;2007;7322915.0
Niger;Female;2007;7362489.0
Niger;Rural;2007;12287148.0
Niger;Urban;2007;2381190.0
Niger;Total;2008;15250908.0
Niger;Male;2008;7610198.0
Niger;Female;2008;7640715.0
Niger;Rural;2008;12757057.0
Niger;Urban;2008;2471468.0
Niger;Total;2009;15843133.0
Niger;Male;2009;7911177.0
Niger;Female;2009;7931954.0
Niger;Rural;2009;13248124.0
Niger;Urban;2009;2565789.0
Niger;Total;2010;16464025.000000002
Niger;Male;2010;8227012.000000001
Niger;Female;2010;8237013.000000001
Niger;Rural;2010;13761257.0
Niger;Urban;2010;2664321.0
Niger;Total;2011;17114766.0
Niger;Male;2011;8558352.0
Niger;Female;2011;8556418.0
Niger;Rural;2011;14297394.0
Niger;Urban;2011;2767242.0
Niger;Total;2012;17795210.0
Niger;Male;2012;8905048.0
Niger;Female;2012;8890161.0
Niger;Rural;2012;14856997.0
Niger;Urban;2012;2874637.0
Niger;Total;2013;18504281.0
Niger;Male;2013;9266489.0
Niger;Female;2013;9237798.0
Niger;Rural;2013;15439900.0
Niger;Urban;2013;2986472.0
Niger;Total;2014;19240179.0
Niger;Male;2014;9641594.0
Niger;Female;2014;9598588.0
Niger;Rural;2014;16042540.0
Niger;Urban;2014;3105679.0
Niger;Total;2015;20001663.0
Niger;Male;2015;10029627.0
Niger;Female;2015;9972036.0
Niger;Rural;2015;16664382.000000002
Niger;Urban;2015;3232583.0
Niger;Total;2016;20788798.0
Niger;Male;2016;10430601.0
Niger;Female;2016;10358188.0
Niger;Rural;2016;17305349.0
Niger;Urban;2016;3367638.0
Niger;Total;2017;21602382.0
Niger;Male;2017;10844944.0
Niger;Female;2017;10757444.0
Niger;Rural;2017;17965903.0
Niger;Urban;2017;3511445.0
Niger;Total;2018;22442822.0
Niger;Male;2018;11272809.0
Niger;Female;2018;11170022.0
Niger;Rural;2018;18646683.0
Niger;Urban;2018;3664692.0
Nigeria;Total;2000;122283850.0
Nigeria;Male;2000;61648374.0
Nigeria;Female;2000;60635479.0
Nigeria;Rural;2000;79724569.0
Nigeria;Urban;2000;42627440.0
Nigeria;Total;2001;125394046.0
Nigeria;Male;2001;63236351.0
Nigeria;Female;2001;62157695.0
Nigeria;Rural;2001;80711492.0
Nigeria;Urban;2001;44751942.0
Nigeria;Total;2002;128596076.0
Nigeria;Male;2002;64871990.0
Nigeria;Female;2002;63724089.0
Nigeria;Rural;2002;81692471.0
Nigeria;Urban;2002;46974239.0
Nigeria;Total;2003;131900631.0
Nigeria;Male;2003;66560634.99999999
Nigeria;Female;2003;65339999.0
Nigeria;Rural;2003;82673013.0
Nigeria;Urban;2003;49299520.0
Nigeria;Total;2004;135320422.0
Nigeria;Male;2004;68308666.0
Nigeria;Female;2004;67011754.0
Nigeria;Rural;2004;83656546.0
Nigeria;Urban;2004;51737070.0
Nigeria;Total;2005;138865016.0
Nigeria;Male;2005;70120845.0
Nigeria;Female;2005;68744169.0
Nigeria;Rural;2005;84650560.0
Nigeria;Urban;2005;54288918.0
Nigeria;Total;2006;142538308.0
Nigeria;Male;2006;71999058.0
Nigeria;Female;2006;70539247.0
Nigeria;Rural;2006;85649313.0
Nigeria;Urban;2006;56964781.0
Nigeria;Total;2007;146339977.0
Nigeria;Male;2007;73943002.0
Nigeria;Female;2007;72396969.0
Nigeria;Rural;2007;86650758.0
Nigeria;Urban;2007;59766266.0
Nigeria;Total;2008;150269623.0
Nigeria;Male;2008;75952297.0
Nigeria;Female;2008;74317325.0
Nigeria;Rural;2008;87649227.0
Nigeria;Urban;2008;62698163.0
Nigeria;Total;2009;154324933.0
Nigeria;Male;2009;78025550.0
Nigeria;Female;2009;76299389.0
Nigeria;Rural;2009;88645241.0
Nigeria;Urban;2009;65756940.0
Nigeria;Total;2010;158503197.0
Nigeria;Male;2010;80161191.0
Nigeria;Female;2010;78342012.0
Nigeria;Rural;2010;89628433.0
Nigeria;Urban;2010;68949828.0
Nigeria;Total;2011;162805077.0
Nigeria;Male;2011;82359450.0
Nigeria;Female;2011;80445630.0
Nigeria;Rural;2011;90614743.0
Nigeria;Urban;2011;72262333.0
Nigeria;Total;2012;167228794.0
Nigeria;Male;2012;84619358.0
Nigeria;Female;2012;82609445.0
Nigeria;Rural;2012;91602273.0
Nigeria;Urban;2012;75695011.0
Nigeria;Total;2013;171765816.0
Nigeria;Male;2013;86936474.0
Nigeria;Female;2013;84829345.0
Nigeria;Rural;2013;92584883.0
Nigeria;Urban;2013;79244420.0
Nigeria;Total;2014;176404934.0
Nigeria;Male;2014;89305034.0
Nigeria;Female;2014;87099897.0
Nigeria;Rural;2014;93555299.0
Nigeria;Urban;2014;82905203.0
Nigeria;Total;2015;181137448.0
Nigeria;Male;2015;91720564.0
Nigeria;Female;2015;89416890.0
Nigeria;Rural;2015;94508650.0
Nigeria;Urban;2015;86673094.0
Nigeria;Total;2016;185960241.0
Nigeria;Male;2016;94181382.0
Nigeria;Female;2016;91778862.0
Nigeria;Rural;2016;95443463.0
Nigeria;Urban;2016;90546177.0
Nigeria;Total;2017;190873244.0
Nigeria;Male;2017;96687405.0
Nigeria;Female;2017;94185842.0
Nigeria;Rural;2017;96361295.0
Nigeria;Urban;2017;94525016.0
Nigeria;Total;2018;195874683.0
Nigeria;Male;2018;99237728.0
Nigeria;Female;2018;96636957.0
Nigeria;Rural;2018;97264436.0
Nigeria;Urban;2018;98610801.0
Niue;Total;2000;1899.0
Niue;Rural;2000;1271.0
Niue;Urban;2000;628.0
Niue;Total;2001;1854.0
Niue;Rural;2001;1234.0
Niue;Urban;2001;620.0
Niue;Total;2002;1791.0
Niue;Rural;2002;1183.0
Niue;Urban;2002;606.0
Niue;Total;2003;1755.0
Niue;Rural;2003;1153.0
Niue;Urban;2003;602.0
Niue;Total;2004;1715.0
Niue;Rural;2004;1119.0
Niue;Urban;2004;596.0
Niue;Total;2005;1683.0
Niue;Rural;2005;1090.0
Niue;Urban;2005;593.0
Niue;Total;2006;1661.0
Niue;Rural;2006;1069.0
Niue;Urban;2006;593.0
Niue;Total;2007;1643.0
Niue;Rural;2007;1051.0
Niue;Urban;2007;600.0
Niue;Total;2008;1635.0
Niue;Rural;2008;1030.0
Niue;Urban;2008;609.0
Niue;Total;2009;1628.0
Niue;Rural;2009;1016.0
Niue;Urban;2009;620.0
Niue;Total;2010;1618.0
Niue;Rural;2010;1000.0
Niue;Urban;2010;630.0
Niue;Total;2011;1620.0
Niue;Rural;2011;987.0
Niue;Urban;2011;643.0
Niue;Total;2012;1610.0
Niue;Rural;2012;970.0
Niue;Urban;2012;653.0
Niue;Total;2013;1612.0
Niue;Rural;2013;957.0
Niue;Urban;2013;666.0
Niue;Total;2014;1609.0
Niue;Rural;2014;940.0
Niue;Urban;2014;676.0
Niue;Total;2015;1619.0
Niue;Rural;2015;936.0
Niue;Urban;2015;693.0
Niue;Total;2016;1614.0
Niue;Rural;2016;921.0
Niue;Urban;2016;703.0
Niue;Total;2017;1609.0
Niue;Rural;2017;905.0
Niue;Urban;2017;713.0
Niue;Total;2018;1620.0
Niue;Rural;2018;897.0
Niue;Urban;2018;727.0
North Macedonia;Total;2000;2034819.0
North Macedonia;Male;2000;1019342.0
North Macedonia;Female;2000;1015481.0
North Macedonia;Rural;2000;843475.0
North Macedonia;Urban;2000;1191344.0
North Macedonia;Total;2001;2042842.0
North Macedonia;Male;2001;1022887.0
North Macedonia;Female;2001;1019957.0
North Macedonia;Rural;2001;851059.0
North Macedonia;Urban;2001;1191783.0
North Macedonia;Total;2002;2048928.0
North Macedonia;Male;2002;1025412.0
North Macedonia;Female;2002;1023518.0
North Macedonia;Rural;2002;857876.0
North Macedonia;Urban;2002;1191052.0
North Macedonia;Total;2003;2053426.0
North Macedonia;Male;2003;1027133.0
North Macedonia;Female;2003;1026292.9999999999
North Macedonia;Rural;2003;864058.0
North Macedonia;Urban;2003;1189368.0
North Macedonia;Total;2004;2057047.9999999998
North Macedonia;Male;2004;1028489.0
North Macedonia;Female;2004;1028555.0000000001
North Macedonia;Rural;2004;869899.0
North Macedonia;Urban;2004;1187148.0
North Macedonia;Total;2005;2060273.0000000002
North Macedonia;Male;2005;1029767.0
North Macedonia;Female;2005;1030512.9999999999
North Macedonia;Rural;2005;874955.0
North Macedonia;Urban;2005;1185317.0
North Macedonia;Total;2006;2063130.9999999998
North Macedonia;Male;2006;1030983.9999999999
North Macedonia;Female;2006;1032147.9999999999
North Macedonia;Rural;2006;879256.0
North Macedonia;Urban;2006;1183889.0
North Macedonia;Total;2007;2065426.0
North Macedonia;Male;2007;1032021.0
North Macedonia;Female;2007;1033387.0
North Macedonia;Rural;2007;882700.0
North Macedonia;Urban;2007;1182758.0
North Macedonia;Total;2008;2067313.0
North Macedonia;Male;2008;1032976.0000000001
North Macedonia;Female;2008;1034333.0000000001
North Macedonia;Rural;2008;885353.0
North Macedonia;Urban;2008;1182025.0
North Macedonia;Total;2009;2069039.0000000002
North Macedonia;Male;2009;1033923.0
North Macedonia;Female;2009;1035107.0
North Macedonia;Rural;2009;887291.0
North Macedonia;Urban;2009;1181802.0
North Macedonia;Total;2010;2070741.0
North Macedonia;Male;2010;1034925.0
North Macedonia;Female;2010;1035811.9999999999
North Macedonia;Rural;2010;888570.0
North Macedonia;Urban;2010;1182169.0
North Macedonia;Total;2011;2072487.0
North Macedonia;Male;2011;1036009.0
North Macedonia;Female;2011;1036474.9999999999
North Macedonia;Rural;2011;889216.0
North Macedonia;Urban;2011;1183167.0
North Macedonia;Total;2012;2074277.9999999998
North Macedonia;Male;2012;1037175.9999999999
North Macedonia;Female;2012;1037098.9999999999
North Macedonia;Rural;2012;889234.0
North Macedonia;Urban;2012;1184802.0
North Macedonia;Total;2013;2076067.0
North Macedonia;Male;2013;1038356.0
North Macedonia;Female;2013;1037709.0000000001
North Macedonia;Rural;2013;888639.0
North Macedonia;Urban;2013;1187100.0
North Macedonia;Total;2014;2077775.0
North Macedonia;Male;2014;1039453.0
North Macedonia;Female;2014;1038327.0
North Macedonia;Rural;2014;887432.0
North Macedonia;Urban;2014;1190063.0
North Macedonia;Total;2015;2079328.0
North Macedonia;Male;2015;1040400.0000000001
North Macedonia;Female;2015;1038935.0
North Macedonia;Rural;2015;885614.0
North Macedonia;Urban;2015;1193694.0
North Macedonia;Total;2016;2080743.0
North Macedonia;Male;2016;1041178.0000000001
North Macedonia;Female;2016;1039568.0
North Macedonia;Rural;2016;883198.0
North Macedonia;Urban;2016;1198008.0
North Macedonia;Total;2017;2081996.0
North Macedonia;Male;2017;1041785.0000000001
North Macedonia;Female;2017;1040211.0
North Macedonia;Rural;2017;880172.0
North Macedonia;Urban;2017;1202988.0
North Macedonia;Total;2018;2082956.9999999998
North Macedonia;Male;2018;1042176.9999999999
North Macedonia;Female;2018;1040780.0
North Macedonia;Rural;2018;876488.0
North Macedonia;Urban;2018;1208563.0
Northern Mariana Islands;Total;2000;57453.0
Northern Mariana Islands;Rural;2000;6804.0
Northern Mariana Islands;Urban;2000;62290.0
Northern Mariana Islands;Total;2001;58321.0
Northern Mariana Islands;Rural;2001;6776.0
Northern Mariana Islands;Urban;2001;62612.0
Northern Mariana Islands;Total;2002;58420.0
Northern Mariana Islands;Rural;2002;6659.0
Northern Mariana Islands;Urban;2002;62104.0
Northern Mariana Islands;Total;2003;57947.0
Northern Mariana Islands;Rural;2003;6474.0
Northern Mariana Islands;Urban;2003;60948.0
Northern Mariana Islands;Total;2004;57246.0
Northern Mariana Islands;Rural;2004;6252.0
Northern Mariana Islands;Urban;2004;59411.0
Northern Mariana Islands;Total;2005;56542.0
Northern Mariana Islands;Rural;2005;6019.0
Northern Mariana Islands;Urban;2005;57725.0
Northern Mariana Islands;Total;2006;55882.0
Northern Mariana Islands;Rural;2006;5776.0
Northern Mariana Islands;Urban;2006;55912.0
Northern Mariana Islands;Total;2007;55219.0
Northern Mariana Islands;Rural;2007;5525.0
Northern Mariana Islands;Urban;2007;53988.0
Northern Mariana Islands;Total;2008;54625.0
Northern Mariana Islands;Rural;2008;5287.0
Northern Mariana Islands;Urban;2008;52144.0
Northern Mariana Islands;Total;2009;54193.0
Northern Mariana Islands;Rural;2009;5082.0
Northern Mariana Islands;Urban;2009;50592.0
Northern Mariana Islands;Total;2010;53971.0
Northern Mariana Islands;Rural;2010;4926.0
Northern Mariana Islands;Urban;2010;49498.0
Northern Mariana Islands;Total;2011;54012.0
Northern Mariana Islands;Rural;2011;4826.0
Northern Mariana Islands;Urban;2011;48960.0
Northern Mariana Islands;Total;2012;54311.0
Northern Mariana Islands;Rural;2012;4777.0
Northern Mariana Islands;Urban;2012;48941.0
Northern Mariana Islands;Total;2013;54784.0
Northern Mariana Islands;Rural;2013;4761.0
Northern Mariana Islands;Urban;2013;49275.0
Northern Mariana Islands;Total;2014;55305.0
Northern Mariana Islands;Rural;2014;4754.0
Northern Mariana Islands;Urban;2014;49714.0
Northern Mariana Islands;Total;2015;55780.0
Northern Mariana Islands;Rural;2015;4738.0
Northern Mariana Islands;Urban;2015;50078.0
Northern Mariana Islands;Total;2016;56188.0
Northern Mariana Islands;Rural;2016;4708.0
Northern Mariana Islands;Urban;2016;50315.0
Northern Mariana Islands;Total;2017;56562.0
Northern Mariana Islands;Rural;2017;4671.0
Northern Mariana Islands;Urban;2017;50473.0
Northern Mariana Islands;Total;2018;56882.0
Northern Mariana Islands;Rural;2018;4626.0
Northern Mariana Islands;Urban;2018;50568.0
Norway;Total;2000;4499367.0
Norway;Male;2000;2229011.0
Norway;Female;2000;2270364.0
Norway;Rural;2000;1078958.0
Norway;Urban;2000;3420409.0
Norway;Total;2001;4523145.0
Norway;Male;2001;2241139.0
Norway;Female;2001;2282000.0
Norway;Rural;2001;1068456.0
Norway;Urban;2001;3454689.0
Norway;Total;2002;4546019.0
Norway;Male;2002;2252645.0
Norway;Female;2002;2293372.0
Norway;Rural;2002;1057720.0
Norway;Urban;2002;3488299.0
Norway;Total;2003;4570106.0
Norway;Male;2003;2264873.0
Norway;Female;2003;2305223.0
Norway;Rural;2003;1047270.0
Norway;Urban;2003;3522836.0
Norway;Total;2004;4598214.0
Norway;Male;2004;2279648.0
Norway;Female;2004;2318562.0
Norway;Rural;2004;1039256.0000000001
Norway;Urban;2004;3558958.0
Norway;Total;2005;4632364.0
Norway;Male;2005;2298246.0
Norway;Female;2005;2334113.0
Norway;Rural;2005;1034154.0
Norway;Urban;2005;3598210.0
Norway;Total;2006;4672994.0
Norway;Male;2006;2320990.0
Norway;Female;2006;2351996.0
Norway;Rural;2006;1030404.0
Norway;Urban;2006;3642666.0
Norway;Total;2007;4719402.0
Norway;Male;2007;2347402.0
Norway;Female;2007;2372001.0
Norway;Rural;2007;1027294.0000000001
Norway;Urban;2007;3692354.0
Norway;Total;2008;4771019.0
Norway;Male;2008;2376973.0
Norway;Female;2008;2394041.0
Norway;Rural;2008;1024598.9999999999
Norway;Urban;2008;3746810.0
Norway;Total;2009;4826848.0
Norway;Male;2009;2408910.0
Norway;Female;2009;2417937.0
Norway;Rural;2009;1022628.0
Norway;Urban;2009;3804552.0
Norway;Total;2010;4885878.0
Norway;Male;2010;2442442.0
Norway;Female;2010;2443436.0
Norway;Rural;2010;1021067.0
Norway;Urban;2010;3864811.0
Norway;Total;2011;4948330.0
Norway;Male;2011;2477639.0
Norway;Female;2011;2470696.0
Norway;Rural;2011;1016484.0
Norway;Urban;2011;3931111.0
Norway;Total;2012;5013709.0
Norway;Male;2012;2514265.0
Norway;Female;2012;2499451.0
Norway;Rural;2012;1008706.0
Norway;Urban;2012;4003301.0
Norway;Total;2013;5079455.0
Norway;Male;2013;2550933.0
Norway;Female;2013;2528527.0
Norway;Rural;2013;1000906.0
Norway;Urban;2013;4076195.0
Norway;Total;2014;5142265.0
Norway;Male;2014;2585876.0
Norway;Female;2014;2556393.0
Norway;Rural;2014;992506.0
Norway;Urban;2014;4147805.0000000005
Norway;Total;2015;5199836.0
Norway;Male;2015;2617868.0
Norway;Female;2015;2581959.0
Norway;Rural;2015;983228.0
Norway;Urban;2015;4216608.0
Norway;Total;2016;5250949.0
Norway;Male;2016;2646258.0
Norway;Female;2016;2604692.0
Norway;Rural;2016;972918.0
Norway;Urban;2016;4281776.0
Norway;Total;2017;5296326.0
Norway;Male;2017;2671385.0
Norway;Female;2017;2624939.0
Norway;Rural;2017;961814.0
Norway;Urban;2017;4343569.0
Norway;Total;2018;5337962.0
Norway;Male;2018;2694355.0
Norway;Female;2018;2643605.0
Norway;Rural;2018;950323.0
Norway;Urban;2018;4403040.0
Oman;Total;2000;2267973.0
Oman;Male;2000;1273247.0
Oman;Female;2000;994726.0
Oman;Rural;2000;644819.0
Oman;Urban;2000;1623172.0
Oman;Total;2001;2294962.0
Oman;Male;2001;1280919.0
Oman;Female;2001;1014040.0
Oman;Rural;2001;652896.0
Oman;Urban;2001;1641891.0
Oman;Total;2002;2334858.0
Oman;Male;2002;1301261.0
Oman;Female;2002;1033598.9999999999
Oman;Rural;2002;664600.0
Oman;Urban;2002;1669685.0
Oman;Total;2003;2386166.0
Oman;Male;2003;1333035.0
Oman;Female;2003;1053129.0
Oman;Rural;2003;679589.0
Oman;Urban;2003;1705666.0
Oman;Total;2004;2445517.0
Oman;Male;2004;1373279.0
Oman;Female;2004;1072245.0
Oman;Rural;2004;688770.0
Oman;Urban;2004;1755981.0
Oman;Total;2005;2511251.0
Oman;Male;2005;1420351.0
Oman;Female;2005;1090903.0
Oman;Rural;2005;693105.0
Oman;Urban;2005;1818164.0
Oman;Total;2006;2580758.0
Oman;Male;2006;1472259.0
Oman;Female;2006;1108494.0
Oman;Rural;2006;698251.0
Oman;Urban;2006;1884740.0
Oman;Total;2007;2657158.0
Oman;Male;2007;1531393.0
Oman;Female;2007;1125769.0
Oman;Rural;2007;704911.0
Oman;Urban;2007;1957851.0
Oman;Total;2008;2750963.0
Oman;Male;2008;1605372.0
Oman;Female;2008;1145584.0
Oman;Rural;2008;715134.0
Oman;Urban;2008;2043880.0
Oman;Total;2009;2876186.0
Oman;Male;2009;1704412.0
Oman;Female;2009;1171774.0
Oman;Rural;2009;731574.0
Oman;Urban;2009;2151368.0
Oman;Total;2010;3041434.0
Oman;Male;2010;1834548.0
Oman;Female;2010;1206887.0
Oman;Rural;2010;755463.0
Oman;Urban;2010;2285997.0
Oman;Total;2011;3251108.0
Oman;Male;2011;1999076.0
Oman;Female;2011;1252026.0
Oman;Rural;2011;771005.0
Oman;Urban;2011;2466263.0
Oman;Total;2012;3498029.0
Oman;Male;2012;2192184.0
Oman;Female;2012;1305847.0
Oman;Rural;2012;777340.0
Oman;Urban;2012;2687304.0
Oman;Total;2013;3764806.0
Oman;Male;2013;2399526.0
Oman;Female;2013;1365279.0
Oman;Rural;2013;783774.0
Oman;Urban;2013;2927707.0
Oman;Total;2014;4027260.0
Oman;Male;2014;2601347.0
Oman;Female;2014;1425908.0
Oman;Rural;2014;786430.0
Oman;Urban;2014;3174495.0
Oman;Total;2015;4267348.0
Oman;Male;2015;2782946.0
Oman;Female;2015;1484395.0
Oman;Rural;2015;783245.0
Oman;Urban;2015;3416565.0
Oman;Total;2016;4479219.0
Oman;Male;2016;2939430.0
Oman;Female;2016;1539787.0
Oman;Rural;2016;774333.0
Oman;Urban;2016;3650429.0
Oman;Total;2017;4665928.0
Oman;Male;2017;3073360.0
Oman;Female;2017;1592566.0
Oman;Rural;2017;762220.0
Oman;Urban;2017;3874042.0
Oman;Total;2018;4829473.0
Oman;Male;2018;3186774.0
Oman;Female;2018;1642702.0
Oman;Rural;2018;746740.0
Oman;Urban;2018;4083206.0
Pakistan;Total;2000;142343578.0
Pakistan;Male;2000;73473693.0
Pakistan;Female;2000;68869890.0
Pakistan;Rural;2000;92835896.0
Pakistan;Urban;2000;45687389.0
Pakistan;Total;2001;145978402.0
Pakistan;Male;2001;75336518.0
Pakistan;Female;2001;70641890.0
Pakistan;Rural;2001;94617502.0
Pakistan;Urban;2001;46983935.0
Pakistan;Total;2002;149549700.0
Pakistan;Male;2002;77167820.0
Pakistan;Female;2002;72381875.0
Pakistan;Rural;2002;96368659.0
Pakistan;Urban;2002;48285484.0
Pakistan;Total;2003;153093373.0
Pakistan;Male;2003;78984832.0
Pakistan;Female;2003;74108539.0
Pakistan;Rural;2003;98104460.0
Pakistan;Urban;2003;49598941.0
Pakistan;Total;2004;156664697.0
Pakistan;Male;2004;80814409.0
Pakistan;Female;2004;75850289.0
Pakistan;Rural;2004;99845050.0
Pakistan;Urban;2004;50935250.0
Pakistan;Total;2005;160304008.0
Pakistan;Male;2005;82676228.0
Pakistan;Female;2005;77627779.0
Pakistan;Rural;2005;101607860.0
Pakistan;Urban;2005;52301807.0
Pakistan;Total;2006;164022627.0
Pakistan;Male;2006;84575681.0
Pakistan;Female;2006;79446945.0
Pakistan;Rural;2006;103392912.0
Pakistan;Urban;2006;53701081.0
Pakistan;Total;2007;167808105.0
Pakistan;Male;2007;86506754.0
Pakistan;Female;2007;81301352.0
Pakistan;Rural;2007;105200045.0
Pakistan;Urban;2007;55132929.0
Pakistan;Total;2008;171648986.0
Pakistan;Male;2008;88464386.0
Pakistan;Female;2008;83184598.0
Pakistan;Rural;2008;107040193.0
Pakistan;Urban;2008;56604410.0
Pakistan;Total;2009;175525609.0
Pakistan;Male;2009;90439737.0
Pakistan;Female;2009;85085873.0
Pakistan;Rural;2009;108927738.0
Pakistan;Urban;2009;58121842.0
Pakistan;Total;2010;179424641.0
Pakistan;Male;2010;92426989.0
Pakistan;Female;2010;86997654.0
Pakistan;Rural;2010;110868669.0
Pakistan;Urban;2010;59691513.0
Pakistan;Total;2011;183340174.0
Pakistan;Male;2011;94423091.0
Pakistan;Female;2011;88917077.0
Pakistan;Rural;2011;112867839.0
Pakistan;Urban;2011;61316426.0
Pakistan;Total;2012;187280129.0
Pakistan;Male;2012;96432134.0
Pakistan;Female;2012;90847991.0
Pakistan;Rural;2012;114917348.0
Pakistan;Urban;2012;62994185.0
Pakistan;Total;2013;191260806.0
Pakistan;Male;2013;98463549.0
Pakistan;Female;2013;92797250.0
Pakistan;Rural;2013;116999097.0
Pakistan;Urban;2013;64713498.0
Pakistan;Total;2014;195305013.0
Pakistan;Male;2014;100530360.0
Pakistan;Female;2014;94774652.0
Pakistan;Rural;2014;119084632.0
Pakistan;Urban;2014;66461625.0
Pakistan;Total;2015;199426964.0
Pakistan;Male;2015;102640691.0
Pakistan;Female;2015;96786262.0
Pakistan;Rural;2015;121153730.0
Pakistan;Urban;2015;68226783.0
Pakistan;Total;2016;203631353.0
Pakistan;Male;2016;104797415.0
Pakistan;Female;2016;98833941.0
Pakistan;Rural;2016;123198205.0
Pakistan;Urban;2016;70005271.0
Pakistan;Total;2017;207906209.0
Pakistan;Male;2017;106993868.0
Pakistan;Female;2017;100912342.0
Pakistan;Rural;2017;125220255.0
Pakistan;Urban;2017;71795700.0
Pakistan;Total;2018;212228286.0
Pakistan;Male;2018;109216763.0
Pakistan;Female;2018;103011525.0
Pakistan;Rural;2018;127183388.0
Pakistan;Urban;2018;73630430.0
Palau;Total;2000;19105.0
Palau;Rural;2000;5688.0
Palau;Urban;2000;13487.0
Palau;Total;2001;19386.0
Palau;Rural;2001;5803.0
Palau;Urban;2001;13601.0
Palau;Total;2002;19637.0
Palau;Rural;2002;5902.0
Palau;Urban;2002;13672.0
Palau;Total;2003;19809.0
Palau;Rural;2003;5989.0
Palau;Urban;2003;13711.0
Palau;Total;2004;19867.0
Palau;Rural;2004;5865.0
Palau;Urban;2004;13939.0
Palau;Total;2005;19781.0
Palau;Rural;2005;5743.0
Palau;Urban;2005;14163.0
Palau;Total;2006;19540.0
Palau;Rural;2006;5621.0
Palau;Urban;2006;14391.0
Palau;Total;2007;19158.0
Palau;Rural;2007;5501.0
Palau;Urban;2007;14615.0
Palau;Total;2008;18704.0
Palau;Rural;2008;5383.0
Palau;Urban;2008;14845.0
Palau;Total;2009;18285.0
Palau;Rural;2009;5267.0
Palau;Urban;2009;15075.0
Palau;Total;2010;17955.0
Palau;Rural;2010;5155.0
Palau;Urban;2010;15315.0
Palau;Total;2011;17745.0
Palau;Rural;2011;5044.0
Palau;Urban;2011;15555.0
Palau;Total;2012;17640.0
Palau;Rural;2012;4942.0
Palau;Urban;2012;15816.0
Palau;Total;2013;17606.0
Palau;Rural;2013;4841.0
Palau;Urban;2013;16079.0
Palau;Total;2014;17626.0
Palau;Rural;2014;4743.0
Palau;Urban;2014;16351.0
Palau;Total;2015;17665.0
Palau;Rural;2015;4650.0
Palau;Urban;2015;16638.0
Palau;Total;2016;17725.0
Palau;Rural;2016;4564.0
Palau;Urban;2016;16939.0
Palau;Total;2017;17808.0
Palau;Rural;2017;4484.0
Palau;Urban;2017;17245.0
Palau;Total;2018;17907.0
Palau;Rural;2018;4408.0
Palau;Urban;2018;17556.0
Palestine;Total;2000;3224003.0
Palestine;Male;2000;1636790.0
Palestine;Female;2000;1587219.0
Palestine;Rural;2000;903438.0
Palestine;Urban;2000;2319571.0
Palestine;Total;2001;3309910.0
Palestine;Male;2001;1680612.0
Palestine;Female;2001;1629296.0
Palestine;Rural;2001;920182.0
Palestine;Urban;2001;2388568.0
Palestine;Total;2002;3380164.0
Palestine;Male;2002;1716518.0
Palestine;Female;2002;1663643.0
Palestine;Rural;2002;932313.0
Palestine;Urban;2002;2446736.0
Palestine;Total;2003;3441865.0
Palestine;Male;2003;1748046.0
Palestine;Female;2003;1693822.0
Palestine;Rural;2003;941833.0
Palestine;Urban;2003;2498966.0
Palestine;Total;2004;3505323.0
Palestine;Male;2004;1780354.0
Palestine;Female;2004;1724966.0
Palestine;Rural;2004;951516.0
Palestine;Urban;2004;2552525.0
Palestine;Total;2005;3577961.0
Palestine;Male;2005;1817154.0
Palestine;Female;2005;1760802.0
Palestine;Rural;2005;963377.0
Palestine;Urban;2005;2612793.0
Palestine;Total;2006;3662422.0
Palestine;Male;2006;1859760.0
Palestine;Female;2006;1802661.0
Palestine;Rural;2006;977912.0
Palestine;Urban;2006;2681451.0
Palestine;Total;2007;3756460.0
Palestine;Male;2007;1907067.0
Palestine;Female;2007;1849392.0
Palestine;Rural;2007;994598.0
Palestine;Urban;2007;2757268.0
Palestine;Total;2008;3856679.0
Palestine;Male;2008;1957441.0
Palestine;Female;2008;1899251.0
Palestine;Rural;2008;1013008.0
Palestine;Urban;2008;2839302.0
Palestine;Total;2009;3957670.0
Palestine;Male;2009;2008263.0
Palestine;Female;2009;1949421.0
Palestine;Rural;2009;1032117.9999999999
Palestine;Urban;2009;2925866.0
Palestine;Total;2010;4055631.0
Palestine;Male;2010;2057690.0
Palestine;Female;2010;1997942.0
Palestine;Rural;2010;1051314.0
Palestine;Urban;2010;3015515.0
Palestine;Total;2011;4149649.0000000005
Palestine;Male;2011;2105320.0
Palestine;Female;2011;2044334.0
Palestine;Rural;2011;1070580.0
Palestine;Urban;2011;3108295.0
Palestine;Total;2012;4241573.0
Palestine;Male;2012;2152043.0
Palestine;Female;2012;2089529.0
Palestine;Rural;2012;1090093.0
Palestine;Urban;2012;3204867.0
Palestine;Total;2013;4333523.0
Palestine;Male;2013;2198849.0
Palestine;Female;2013;2134672.0
Palestine;Rural;2013;1109698.0
Palestine;Urban;2013;3304946.0
Palestine;Total;2014;4428639.0
Palestine;Male;2014;2247213.0
Palestine;Female;2014;2181421.0
Palestine;Rural;2014;1129234.0
Palestine;Urban;2014;3408191.0
Palestine;Total;2015;4529166.0
Palestine;Male;2015;2298185.0
Palestine;Female;2015;2230975.0
Palestine;Rural;2015;1148560.0
Palestine;Urban;2015;3514324.0
Palestine;Total;2016;4635654.0
Palestine;Male;2016;2352012.0
Palestine;Female;2016;2283632.0
Palestine;Rural;2016;1167567.0
Palestine;Urban;2016;3623138.0
Palestine;Total;2017;4747227.0
Palestine;Male;2017;2408294.0
Palestine;Female;2017;2338939.0
Palestine;Rural;2017;1186188.0
Palestine;Urban;2017;3734536.0
Palestine;Total;2018;4862979.0
Palestine;Male;2018;2466617.0
Palestine;Female;2018;2396361.0
Palestine;Rural;2018;1204356.0
Palestine;Urban;2018;3848420.0
Panama;Total;2000;3030328.0
Panama;Male;2000;1527030.0
Panama;Female;2000;1503303.0
Panama;Rural;2000;1145519.0
Panama;Urban;2000;1884828.0
Panama;Total;2001;3089648.0
Panama;Male;2001;1556557.0
Panama;Female;2001;1533084.0
Panama;Rural;2001;1158733.0
Panama;Urban;2001;1930951.0
Panama;Total;2002;3149188.0
Panama;Male;2002;1586182.0
Panama;Female;2002;1563013.0
Panama;Rural;2002;1171701.0
Panama;Urban;2002;1977564.0
Panama;Total;2003;3209048.0
Panama;Male;2003;1615937.0
Panama;Female;2003;1593119.0
Panama;Rural;2003;1184467.0
Panama;Urban;2003;2024707.0
Panama;Total;2004;3269356.0
Panama;Male;2004;1645867.0
Panama;Female;2004;1623489.0
Panama;Rural;2004;1197063.0
Panama;Urban;2004;2072478.0
Panama;Total;2005;3330217.0
Panama;Male;2005;1676030.0
Panama;Female;2005;1654192.0
Panama;Rural;2005;1209565.0
Panama;Urban;2005;2120900.0
Panama;Total;2006;3391666.0
Panama;Male;2006;1706434.0
Panama;Female;2006;1685239.0
Panama;Rural;2006;1221915.0
Panama;Urban;2006;2169990.0
Panama;Total;2007;3453675.0
Panama;Male;2007;1737068.0
Panama;Female;2007;1716603.0
Panama;Rural;2007;1234105.0
Panama;Urban;2007;2219702.0
Panama;Total;2008;3516204.0
Panama;Male;2008;1767920.0
Panama;Female;2008;1748284.0
Panama;Rural;2008;1246153.0
Panama;Urban;2008;2270115.0
Panama;Total;2009;3579215.0
Panama;Male;2009;1798973.0
Panama;Female;2009;1780242.0
Panama;Rural;2009;1258135.0
Panama;Urban;2009;2321250.0
Panama;Total;2010;3642687.0
Panama;Male;2010;1830236.0
Panama;Female;2010;1812455.0
Panama;Rural;2010;1270027.0
Panama;Urban;2010;2373195.0
Panama;Total;2011;3706483.0
Panama;Male;2011;1861632.0
Panama;Female;2011;1844847.0
Panama;Rural;2011;1281524.0
Panama;Urban;2011;2426258.0
Panama;Total;2012;3770626.0
Panama;Male;2012;1893184.0
Panama;Female;2012;1877451.0
Panama;Rural;2012;1292567.0
Panama;Urban;2012;2480371.0
Panama;Total;2013;3835435.0
Panama;Male;2013;1925038.0
Panama;Female;2013;1910409.0
Panama;Rural;2013;1303066.0
Panama;Urban;2013;2535396.0
Panama;Total;2014;3901314.0
Panama;Male;2014;1957375.0
Panama;Female;2014;1943936.0
Panama;Rural;2014;1312887.0
Panama;Urban;2014;2591099.0
Panama;Total;2015;3968487.0
Panama;Male;2015;1990332.0
Panama;Female;2015;1978158.0
Panama;Rural;2015;1321936.0
Panama;Urban;2015;2647313.0
Panama;Total;2016;4037078.0
Panama;Male;2016;2023943.0
Panama;Female;2016;2013130.0
Panama;Rural;2016;1330168.0
Panama;Urban;2016;2703951.0
Panama;Total;2017;4106769.0
Panama;Male;2017;2058070.0000000002
Panama;Female;2017;2048694.0
Panama;Rural;2017;1337579.0
Panama;Urban;2017;2761008.0
Panama;Total;2018;4176868.9999999995
Panama;Male;2018;2092386.0
Panama;Female;2018;2084482.0
Panama;Rural;2018;1344157.0
Panama;Urban;2018;2818461.0
Papua New Guinea;Total;2000;5847586.0
Papua New Guinea;Male;2000;2972407.0
Papua New Guinea;Female;2000;2875183.0
Papua New Guinea;Rural;2000;4836481.0
Papua New Guinea;Urban;2000;735741.0
Papua New Guinea;Total;2001;5974629.0
Papua New Guinea;Male;2001;3037281.0
Papua New Guinea;Female;2001;2937346.0
Papua New Guinea;Rural;2001;4962641.0
Papua New Guinea;Urban;2001;753511.0
Papua New Guinea;Total;2002;6098621.0
Papua New Guinea;Male;2002;3100679.0
Papua New Guinea;Female;2002;2997942.0
Papua New Guinea;Rural;2002;5090608.0
Papua New Guinea;Urban;2002;771708.0
Papua New Guinea;Total;2003;6223377.0
Papua New Guinea;Male;2003;3164499.0
Papua New Guinea;Female;2003;3058879.0
Papua New Guinea;Rural;2003;5220577.0
Papua New Guinea;Urban;2003;790147.0
Papua New Guinea;Total;2004;6354245.0
Papua New Guinea;Male;2004;3231399.0
Papua New Guinea;Female;2004;3122848.0
Papua New Guinea;Rural;2004;5352671.0
Papua New Guinea;Urban;2004;808846.0
Papua New Guinea;Total;2005;6494903.0
Papua New Guinea;Male;2005;3303213.0
Papua New Guinea;Female;2005;3191689.0
Papua New Guinea;Rural;2005;5486901.0
Papua New Guinea;Urban;2005;827808.0
Papua New Guinea;Total;2006;6646895.0
Papua New Guinea;Male;2006;3380682.0
Papua New Guinea;Female;2006;3266209.0
Papua New Guinea;Rural;2006;5623247.0
Papua New Guinea;Urban;2006;847025.0
Papua New Guinea;Total;2007;6808514.0
Papua New Guinea;Male;2007;3462976.0
Papua New Guinea;Female;2007;3345527.0
Papua New Guinea;Rural;2007;5761463.0
Papua New Guinea;Urban;2007;866459.0
Papua New Guinea;Total;2008;6976201.0
Papua New Guinea;Male;2008;3548446.0
Papua New Guinea;Female;2008;3427754.0
Papua New Guinea;Rural;2008;5901140.0
Papua New Guinea;Urban;2008;886047.0
Papua New Guinea;Total;2009;7144776.0
Papua New Guinea;Male;2009;3634644.0
Papua New Guinea;Female;2009;3510130.0
Papua New Guinea;Rural;2009;6041735.0
Papua New Guinea;Urban;2009;905712.0
Papua New Guinea;Total;2010;7310507.0
Papua New Guinea;Male;2010;3719824.0
Papua New Guinea;Female;2010;3590688.0
Papua New Guinea;Rural;2010;6182852.0
Papua New Guinea;Urban;2010;925387.0
Papua New Guinea;Total;2011;7472199.0
Papua New Guinea;Male;2011;3803431.0
Papua New Guinea;Female;2011;3668765.0
Papua New Guinea;Rural;2011;6324300.0
Papua New Guinea;Urban;2011;945048.0
Papua New Guinea;Total;2012;7631001.0
Papua New Guinea;Male;2012;3885971.0
Papua New Guinea;Female;2012;3745032.0
Papua New Guinea;Rural;2012;6466137.0
Papua New Guinea;Urban;2012;964699.0
Papua New Guinea;Total;2013;7788380.0
Papua New Guinea;Male;2013;3968038.0
Papua New Guinea;Female;2013;3820350.0
Papua New Guinea;Rural;2013;6607438.0
Papua New Guinea;Urban;2013;985427.0
Papua New Guinea;Total;2014;7946730.0
Papua New Guinea;Male;2014;4050613.0
Papua New Guinea;Female;2014;3896120.0
Papua New Guinea;Rural;2014;6748445.0
Papua New Guinea;Urban;2014;1007340.0
Papua New Guinea;Total;2015;8107775.0
Papua New Guinea;Male;2015;4134389.0
Papua New Guinea;Female;2015;3973383.0
Papua New Guinea;Rural;2015;6889286.0
Papua New Guinea;Urban;2015;1030539.0
Papua New Guinea;Total;2016;8271762.000000001
Papua New Guinea;Male;2016;4219461.0
Papua New Guinea;Female;2016;4052305.0
Papua New Guinea;Rural;2016;7029890.0
Papua New Guinea;Urban;2016;1055101.0
Papua New Guinea;Total;2017;8438036.0
Papua New Guinea;Male;2017;4305516.0
Papua New Guinea;Female;2017;4132522.0
Papua New Guinea;Rural;2017;7170073.0
Papua New Guinea;Urban;2017;1081089.0
Papua New Guinea;Total;2018;8606323.0
Papua New Guinea;Male;2018;4392433.0
Papua New Guinea;Female;2018;4213891.0
Papua New Guinea;Rural;2018;7309758.0
Papua New Guinea;Urban;2018;1108588.0
Paraguay;Total;2000;5323201.0
Paraguay;Male;2000;2701006.0
Paraguay;Female;2000;2622196.0
Paraguay;Rural;2000;2368649.0
Paraguay;Urban;2000;2934051.0
Paraguay;Total;2001;5428444.0
Paraguay;Male;2001;2754726.0
Paraguay;Female;2001;2673716.0
Paraguay;Rural;2001;2380757.0
Paraguay;Urban;2001;3025867.0
Paraguay;Total;2002;5531962.0
Paraguay;Male;2002;2807496.0
Paraguay;Female;2002;2724462.0
Paraguay;Rural;2002;2390764.0
Paraguay;Urban;2002;3117847.0
Paraguay;Total;2003;5632983.0
Paraguay;Male;2003;2859028.0
Paraguay;Female;2003;2773955.0
Paraguay;Rural;2003;2412728.0
Paraguay;Urban;2003;3195222.0
Paraguay;Total;2004;5730549.0
Paraguay;Male;2004;2908967.0
Paraguay;Female;2004;2821589.0
Paraguay;Rural;2004;2435187.0
Paraguay;Urban;2004;3268553.0
Paraguay;Total;2005;5824096.0
Paraguay;Male;2005;2957126.0
Paraguay;Female;2005;2866969.0
Paraguay;Rural;2005;2455395.0
Paraguay;Urban;2005;3340099.0
Paraguay;Total;2006;5913209.0
Paraguay;Male;2006;3003313.0
Paraguay;Female;2006;2909899.0
Paraguay;Rural;2006;2473144.0
Paraguay;Urban;2006;3409652.0
Paraguay;Total;2007;5998427.0
Paraguay;Male;2007;3047751.0
Paraguay;Female;2007;2950679.0
Paraguay;Rural;2007;2488720.0
Paraguay;Urban;2007;3477439.0
Paraguay;Total;2008;6081296.0
Paraguay;Male;2008;3091108.0
Paraguay;Female;2008;2990188.0
Paraguay;Rural;2008;2502774.0
Paraguay;Urban;2008;3544343.0
Paraguay;Total;2009;6163972.0
Paraguay;Male;2009;3134312.0
Paraguay;Female;2009;3029658.0
Paraguay;Rural;2009;2516303.0
Paraguay;Urban;2009;3611534.0
Paraguay;Total;2010;6248020.0
Paraguay;Male;2010;3178029.0
Paraguay;Female;2010;3069988.0
Paraguay;Rural;2010;2529866.0
Paraguay;Urban;2010;3680011.0
Paraguay;Total;2011;6333976.0
Paraguay;Male;2011;3222514.0
Paraguay;Female;2011;3111467.0
Paraguay;Rural;2011;2543703.0
Paraguay;Urban;2011;3750080.0
Paraguay;Total;2012;6421513.0
Paraguay;Male;2012;3267598.0
Paraguay;Female;2012;3153912.0
Paraguay;Rural;2012;2557635.0
Paraguay;Urban;2012;3821584.0
Paraguay;Total;2013;6510276.0
Paraguay;Male;2013;3313067.0
Paraguay;Female;2013;3197206.0
Paraguay;Rural;2013;2573579.0
Paraguay;Urban;2013;3892161.0
Paraguay;Total;2014;6599526.0
Paraguay;Male;2014;3358510.0
Paraguay;Female;2014;3241014.0
Paraguay;Rural;2014;2590005.0
Paraguay;Urban;2014;3962579.0
Paraguay;Total;2015;6688746.0
Paraguay;Male;2015;3403641.0
Paraguay;Female;2015;3285105.0
Paraguay;Rural;2015;2605873.0
Paraguay;Urban;2015;4033246.0
Paraguay;Total;2016;6777872.0
Paraguay;Male;2016;3448402.0
Paraguay;Female;2016;3329476.0
Paraguay;Rural;2016;2621149.0
Paraguay;Urban;2016;4104158.9999999995
Paraguay;Total;2017;6867061.0
Paraguay;Male;2017;3492882.0
Paraguay;Female;2017;3374176.0
Paraguay;Rural;2017;2635972.0
Paraguay;Urban;2017;4175325.0
Paraguay;Total;2018;6956066.0
Paraguay;Male;2018;3537049.0
Paraguay;Female;2018;3419020.0
Paraguay;Rural;2018;2649475.0
Paraguay;Urban;2018;4247433.0
Peru;Total;2000;26459944.0
Peru;Male;2000;13190769.0
Peru;Female;2000;13269175.0
Peru;Rural;2000;6986192.0
Peru;Urban;2000;18928687.0
Peru;Total;2001;26799285.0
Peru;Male;2001;13360655.0
Peru;Female;2001;13438634.0
Peru;Rural;2001;6972982.0
Peru;Urban;2001;19288381.0
Peru;Total;2002;27100968.0
Peru;Male;2002;13510985.0
Peru;Female;2002;13589979.0
Peru;Rural;2002;6956188.0
Peru;Urban;2002;19645279.0
Peru;Total;2003;27372226.0
Peru;Male;2003;13645846.0
Peru;Female;2003;13726371.0
Peru;Rural;2003;6936737.0
Peru;Urban;2003;20001001.0
Peru;Total;2004;27624213.0
Peru;Male;2004;13771465.0
Peru;Female;2004;13852761.0
Peru;Rural;2004;6915339.0
Peru;Urban;2004;20357855.0
Peru;Total;2005;27866145.0
Peru;Male;2005;13892797.0
Peru;Female;2005;13973343.0
Peru;Rural;2005;6893135.0
Peru;Urban;2005;20717275.0
Peru;Total;2006;28102056.0
Peru;Male;2006;14012369.0
Peru;Female;2006;14089686.0
Peru;Rural;2006;6869848.0
Peru;Urban;2006;21080096.0
Peru;Total;2007;28333052.0
Peru;Male;2007;14130353.0
Peru;Female;2007;14202697.0
Peru;Rural;2007;6845868.0
Peru;Urban;2007;21446856.0
Peru;Total;2008;28562317.0
Peru;Male;2008;14246854.0
Peru;Female;2008;14315467.0
Peru;Rural;2008;6859120.0
Peru;Urban;2008;21782860.0
Peru;Total;2009;28792655.0
Peru;Male;2009;14361216.0
Peru;Female;2009;14431447.0
Peru;Rural;2009;6890339.0
Peru;Urban;2009;22111168.0
Peru;Total;2010;29027674.0
Peru;Male;2010;14473899.0
Peru;Female;2010;14553781.0
Peru;Rural;2010;6923397.0
Peru;Urban;2010;22450249.0
Peru;Total;2011;29264318.0
Peru;Male;2011;14582608.0
Peru;Female;2011;14681706.0
Peru;Rural;2011;6958683.0
Peru;Urban;2011;22801306.0
Peru;Total;2012;29506788.0
Peru;Male;2012;14690302.0
Peru;Female;2012;14816488.0
Peru;Rural;2012;6995686.0
Peru;Urban;2012;23163280.0
Peru;Total;2013;29773987.0
Peru;Male;2013;14808670.0
Peru;Female;2013;14965316.0
Peru;Rural;2013;7033463.0
Peru;Urban;2013;23532253.0
Peru;Total;2014;30090359.0
Peru;Male;2014;14953138.0
Peru;Female;2014;15137234.0
Peru;Rural;2014;7070179.0
Peru;Urban;2014;23903175.0
Peru;Total;2015;30470734.0
Peru;Male;2015;15133365.0
Peru;Female;2015;15337374.0
Peru;Rural;2015;7104742.0
Peru;Urban;2015;24271929.0
Peru;Total;2016;30926032.0
Peru;Male;2016;15355661.0
Peru;Female;2016;15570375.0
Peru;Rural;2016;7136697.0
Peru;Urban;2016;24637142.0
Peru;Total;2017;31444298.0
Peru;Male;2017;15613255.0
Peru;Female;2017;15831044.0
Peru;Rural;2017;7166470.0
Peru;Urban;2017;24999015.0
Peru;Total;2018;31989260.0
Peru;Male;2018;15886587.0
Peru;Female;2018;16102678.0
Peru;Rural;2018;7191715.0
Peru;Urban;2018;25360100.0
Philippines;Total;2000;77991755.0
Philippines;Male;2000;39280834.0
Philippines;Female;2000;38710923.0
Philippines;Rural;2000;42010504.0
Philippines;Urban;2000;35981065.0
Philippines;Total;2001;79672873.0
Philippines;Male;2001;40104283.0
Philippines;Female;2001;39568586.0
Philippines;Rural;2001;42979692.0
Philippines;Urban;2001;36685623.0
Philippines;Total;2002;81365258.0
Philippines;Male;2002;40928477.0
Philippines;Female;2002;40436783.0
Philippines;Rural;2002;43958821.0
Philippines;Urban;2002;37393239.0
Philippines;Total;2003;83051971.0
Philippines;Male;2003;41751589.0
Philippines;Female;2003;41300381.0
Philippines;Rural;2003;44937089.0
Philippines;Urban;2003;38094865.0
Philippines;Total;2004;84710542.0
Philippines;Male;2004;42571483.0
Philippines;Female;2004;42139061.0
Philippines;Rural;2004;45900211.0
Philippines;Urban;2004;38778282.0
Philippines;Total;2005;86326250.0
Philippines;Male;2005;43386652.0
Philippines;Female;2005;42939599.0
Philippines;Rural;2005;46838332.0
Philippines;Urban;2005;39435905.0
Philippines;Total;2006;87888675.0
Philippines;Male;2006;44195243.0
Philippines;Female;2006;43693432.0
Philippines;Rural;2006;47746310.0
Philippines;Urban;2006;40063109.0
Philippines;Total;2007;89405482.0
Philippines;Male;2007;44997408.0
Philippines;Female;2007;44408074.0
Philippines;Rural;2007;48629037.0
Philippines;Urban;2007;40664453.0
Philippines;Total;2008;90901965.0
Philippines;Male;2008;45796009.0
Philippines;Female;2008;45105958.0
Philippines;Rural;2008;49500348.0
Philippines;Urban;2008;41251516.0
Philippines;Total;2009;92414158.0
Philippines;Male;2009;46595267.0
Philippines;Female;2009;45818894.0
Philippines;Rural;2009;50379709.0
Philippines;Urban;2009;41841170.0
Philippines;Total;2010;93966780.0
Philippines;Male;2010;47397706.0
Philippines;Female;2010;46569078.0
Philippines;Rural;2010;51238690.0
Philippines;Urban;2010;42487934.0
Philippines;Total;2011;95570050.0
Philippines;Male;2011;48204861.0
Philippines;Female;2011;47365188.0
Philippines;Rural;2011;51905589.0
Philippines;Urban;2011;43372351.0
Philippines;Total;2012;97212643.0
Philippines;Male;2012;49014342.0
Philippines;Female;2012;48198297.0
Philippines;Rural;2012;52586504.0
Philippines;Urban;2012;44280138.0
Philippines;Total;2013;98871555.0
Philippines;Male;2013;49820011.0
Philippines;Female;2013;49051547.0
Philippines;Rural;2013;53275654.0
Philippines;Urban;2013;45205378.0
Philippines;Total;2014;100513142.0
Philippines;Male;2014;50613448.0
Philippines;Female;2014;49899689.0
Philippines;Rural;2014;53961963.0
Philippines;Urban;2014;46140286.0
Philippines;Total;2015;102113212.0
Philippines;Male;2015;51388760.0
Philippines;Female;2015;50724446.0
Philippines;Rural;2015;54638160.0
Philippines;Urban;2015;47078199.0
Philippines;Total;2016;103663816.0
Philippines;Male;2016;52143341.0
Philippines;Female;2016;51520471.0
Philippines;Rural;2016;55302333.0
Philippines;Urban;2016;48017889.0
Philippines;Total;2017;105172925.0
Philippines;Male;2017;52879298.0
Philippines;Female;2017;52293623.0
Philippines;Rural;2017;55939801.0
Philippines;Urban;2017;48978289.0
Philippines;Total;2018;106651394.0
Philippines;Male;2018;53601223.0
Philippines;Female;2018;53050171.0
Philippines;Rural;2018;56550096.0
Philippines;Urban;2018;49961978.0
Poland;Total;2000;38556693.0
Poland;Male;2000;18718191.0
Poland;Female;2000;19838508.0
Poland;Rural;2000;14758595.0
Poland;Urban;2000;23791900.0
Poland;Total;2001;38529582.0
Poland;Male;2001;18695464.0
Poland;Female;2001;19834121.0
Poland;Rural;2001;14731334.0
Poland;Urban;2001;23792671.0
Poland;Total;2002;38488647.0
Poland;Male;2002;18665365.0
Poland;Female;2002;19823275.0
Poland;Rural;2002;14706001.0
Poland;Urban;2002;23778471.0
Poland;Total;2003;38441824.0
Poland;Male;2003;18632151.0
Poland;Female;2003;19809670.0
Poland;Rural;2003;14731403.0
Poland;Urban;2003;23707423.0
Poland;Total;2004;38399558.0
Poland;Male;2004;18601395.0
Poland;Female;2004;19798158.0
Poland;Rural;2004;14757919.0
Poland;Urban;2004;23638147.0
Poland;Total;2005;38368949.0
Poland;Male;2005;18577002.0
Poland;Female;2005;19791955.0
Poland;Rural;2005;14787876.0
Poland;Urban;2005;23574790.0
Poland;Total;2006;38354450.0
Poland;Male;2006;18560964.0
Poland;Female;2006;19793483.0
Poland;Rural;2006;14822414.0
Poland;Urban;2006;23518622.0
Poland;Total;2007;38353338.0
Poland;Male;2007;18552140.0
Poland;Female;2007;19801199.0
Poland;Rural;2007;14860895.0
Poland;Urban;2007;23468690.0
Poland;Total;2008;38356786.0
Poland;Male;2008;18547371.0
Poland;Female;2008;19809415.0
Poland;Rural;2008;14902394.0
Poland;Urban;2008;23423295.0
Poland;Total;2009;38351916.0
Poland;Male;2009;18541875.0
Poland;Female;2009;19810049.0
Poland;Rural;2009;14945010.0
Poland;Urban;2009;23379860.0
Poland;Total;2010;38329781.0
Poland;Male;2010;18532193.0
Poland;Female;2010;19797591.0
Poland;Rural;2010;14987475.0
Poland;Urban;2010;23335927.0
Poland;Total;2011;38286831.0
Poland;Male;2011;18517249.0
Poland;Female;2011;19769575.0
Poland;Rural;2011;15029607.0
Poland;Urban;2011;23291340.0
Poland;Total;2012;38227044.0
Poland;Male;2012;18498273.0
Poland;Female;2012;19728760.0
Poland;Rural;2012;15076293.0
Poland;Urban;2012;23241111.0
Poland;Total;2013;38158041.0
Poland;Male;2013;18476750.0
Poland;Female;2013;19681293.0
Poland;Rural;2013;15121151.0
Poland;Urban;2013;23188300.0
Poland;Total;2014;38091089.0
Poland;Male;2014;18455058.0
Poland;Female;2014;19636037.0
Poland;Rural;2014;15162767.0
Poland;Urban;2014;23130293.0
Poland;Total;2015;38034079.0
Poland;Male;2015;18434800.0
Poland;Female;2015;19599276.0
Poland;Rural;2015;15199849.0
Poland;Urban;2015;23065377.0
Poland;Total;2016;37989220.0
Poland;Male;2016;18416245.0
Poland;Female;2016;19572973.0
Poland;Rural;2016;15221747.0
Poland;Urban;2016;23002663.0
Poland;Total;2017;37953180.0
Poland;Male;2017;18398417.0
Poland;Female;2017;19554759.0
Poland;Rural;2017;15228329.0
Poland;Urban;2017;22942383.0
Poland;Total;2018;37921592.0
Poland;Male;2018;18380324.0
Poland;Female;2018;19541261.0
Poland;Rural;2018;15219933.0
Poland;Urban;2018;22884899.0
Portugal;Total;2000;10297112.0
Portugal;Male;2000;4965724.0
Portugal;Female;2000;5331393.0
Portugal;Rural;2000;4721990.0
Portugal;Urban;2000;5633127.0
Portugal;Total;2001;10341454.0
Portugal;Male;2001;4990758.0
Portugal;Female;2001;5350698.0
Portugal;Rural;2001;4675151.0
Portugal;Urban;2001;5724161.0
Portugal;Total;2002;10385987.0
Portugal;Male;2002;5016767.0
Portugal;Female;2002;5369226.0
Portugal;Rural;2002;4630074.0
Portugal;Urban;2002;5813594.0
Portugal;Total;2003;10429612.0
Portugal;Male;2003;5041878.0
Portugal;Female;2003;5387737.0
Portugal;Rural;2003;4584232.0
Portugal;Urban;2003;5902881.0
Portugal;Total;2004;10470921.0
Portugal;Male;2004;5063594.0
Portugal;Female;2004;5407332.0
Portugal;Rural;2004;4536981.0
Portugal;Urban;2004;5991287.0
Portugal;Total;2005;10508495.0
Portugal;Male;2005;5079966.0
Portugal;Female;2005;5428528.0
Portugal;Rural;2005;4488055.0
Portugal;Urban;2005;6077668.0
Portugal;Total;2006;10542830.0
Portugal;Male;2006;5090837.0
Portugal;Female;2006;5452000.0
Portugal;Rural;2006;4437475.0
Portugal;Urban;2006;6162476.0
Portugal;Total;2007;10573143.0
Portugal;Male;2007;5096376.0
Portugal;Female;2007;5476774.0
Portugal;Rural;2007;4385066.0
Portugal;Urban;2007;6245054.0
Portugal;Total;2008;10595314.0
Portugal;Male;2008;5095543.0
Portugal;Female;2008;5499769.0
Portugal;Rural;2008;4329158.0
Portugal;Urban;2008;6322941.0
Portugal;Total;2009;10604056.0
Portugal;Male;2009;5087200.0
Portugal;Female;2009;5516866.0
Portugal;Rural;2009;4268076.0
Portugal;Urban;2009;6392540.0
Portugal;Total;2010;10596058.0
Portugal;Male;2010;5070876.0
Portugal;Female;2010;5525179.0
Portugal;Rural;2010;4200496.0
Portugal;Urban;2010;6451825.0
Portugal;Total;2011;10569380.0
Portugal;Male;2011;5045848.0
Portugal;Female;2011;5523540.0
Portugal;Rural;2011;4126096.9999999995
Portugal;Urban;2011;6499233.0
Portugal;Total;2012;10526308.0
Portugal;Male;2012;5013178.0
Portugal;Female;2012;5513130.0
Portugal;Rural;2012;4046172.0
Portugal;Urban;2012;6535649.0
Portugal;Total;2013;10473021.0
Portugal;Male;2013;4976555.0
Portugal;Female;2013;5496470.0
Portugal;Rural;2013;3963418.0
Portugal;Urban;2013;6564256.0
Portugal;Total;2014;10418218.0
Portugal;Male;2014;4940939.0
Portugal;Female;2014;5477285.0
Portugal;Rural;2014;3881018.0
Portugal;Urban;2014;6590150.0
Portugal;Total;2015;10368351.0
Portugal;Male;2015;4909968.0
Portugal;Female;2015;5458378.0
Portugal;Rural;2015;3801276.0
Portugal;Urban;2015;6617197.0
Portugal;Total;2016;10325538.0
Portugal;Male;2016;4885027.0
Portugal;Female;2016;5440513.0
Portugal;Rural;2016;3724867.0
Portugal;Urban;2016;6646760.0
Portugal;Total;2017;10288527.0
Portugal;Male;2017;4865400.0
Portugal;Female;2017;5423127.0
Portugal;Rural;2017;3651305.0
Portugal;Urban;2017;6678201.0
Portugal;Total;2018;10256193.0
Portugal;Male;2018;4849952.0
Portugal;Female;2018;5406240.0
Portugal;Rural;2018;3580203.0
Portugal;Urban;2018;6710993.0
Puerto Rico;Total;2000;3668960.0
Puerto Rico;Male;2000;1763553.0
Puerto Rico;Female;2000;1905402.0
Puerto Rico;Rural;2000;213137.0
Puerto Rico;Urban;2000;3583840.0
Puerto Rico;Total;2001;3670296.0
Puerto Rico;Male;2001;1763155.0
Puerto Rico;Female;2001;1907153.0
Puerto Rico;Rural;2001;215347.0
Puerto Rico;Urban;2001;3584560.0
Puerto Rico;Total;2002;3664328.0
Puerto Rico;Male;2002;1759109.0
Puerto Rico;Female;2002;1905212.0
Puerto Rico;Rural;2002;217191.0
Puerto Rico;Urban;2002;3578837.0
Puerto Rico;Total;2003;3653658.0
Puerto Rico;Male;2003;1752882.0
Puerto Rico;Female;2003;1900778.0
Puerto Rico;Rural;2003;218769.0
Puerto Rico;Urban;2003;3568499.0
Puerto Rico;Total;2004;3642006.0
Puerto Rico;Male;2004;1746503.0
Puerto Rico;Female;2004;1895502.0
Puerto Rico;Rural;2004;220232.0
Puerto Rico;Urban;2004;3556127.0
Puerto Rico;Total;2005;3631889.0
Puerto Rico;Male;2005;1741350.0
Puerto Rico;Female;2005;1890535.0
Puerto Rico;Rural;2005;221694.0
Puerto Rico;Urban;2005;3543705.0
Puerto Rico;Total;2006;3623780.0
Puerto Rico;Male;2006;1737737.0
Puerto Rico;Female;2006;1886046.0
Puerto Rico;Rural;2006;223205.0
Puerto Rico;Urban;2006;3531908.0
Puerto Rico;Total;2007;3616340.0
Puerto Rico;Male;2007;1734889.0
Puerto Rico;Female;2007;1881452.0
Puerto Rico;Rural;2007;224750.0
Puerto Rico;Urban;2007;3520508.0
Puerto Rico;Total;2008;3608032.0
Puerto Rico;Male;2008;1731803.0
Puerto Rico;Female;2008;1876227.0
Puerto Rico;Rural;2008;226328.0
Puerto Rico;Urban;2008;3509460.0
Puerto Rico;Total;2009;3596540.0
Puerto Rico;Male;2009;1726967.0
Puerto Rico;Female;2009;1869565.0
Puerto Rico;Rural;2009;227910.0
Puerto Rico;Urban;2009;3498421.0
Puerto Rico;Total;2010;3579841.0
Puerto Rico;Male;2010;1719138.0
Puerto Rico;Female;2010;1860704.0
Puerto Rico;Rural;2010;229491.0
Puerto Rico;Urban;2010;3487202.0
Puerto Rico;Total;2011;3559861.0
Puerto Rico;Male;2011;1709172.0
Puerto Rico;Female;2011;1850690.0
Puerto Rico;Rural;2011;230841.0
Puerto Rico;Urban;2011;3476143.0
Puerto Rico;Total;2012;3536572.0
Puerto Rico;Male;2012;1697143.0
Puerto Rico;Female;2012;1839427.0
Puerto Rico;Rural;2012;231979.0
Puerto Rico;Urban;2012;3465597.0
Puerto Rico;Total;2013;3503858.0
Puerto Rico;Male;2013;1680139.0
Puerto Rico;Female;2013;1823726.0
Puerto Rico;Rural;2013;232917.0
Puerto Rico;Urban;2013;3455806.0
Puerto Rico;Total;2014;3453672.0
Puerto Rico;Male;2014;1654310.0
Puerto Rico;Female;2014;1799357.0
Puerto Rico;Rural;2014;233672.0
Puerto Rico;Urban;2014;3447043.0
Puerto Rico;Total;2015;3381518.0
Puerto Rico;Male;2015;1617593.0
Puerto Rico;Female;2015;1763919.0
Puerto Rico;Rural;2015;234255.0
Puerto Rico;Urban;2015;3439473.0
Puerto Rico;Total;2016;3283125.0
Puerto Rico;Male;2016;1567875.0
Puerto Rico;Female;2016;1715246.0
Puerto Rico;Rural;2016;234673.0
Puerto Rico;Urban;2016;3433230.0
Puerto Rico;Total;2017;3163667.0
Puerto Rico;Male;2017;1507712.0
Puerto Rico;Female;2017;1655964.0
Puerto Rico;Rural;2017;234919.0
Puerto Rico;Urban;2017;3428212.0
Puerto Rico;Total;2018;3039596.0
Puerto Rico;Male;2018;1445326.0
Puerto Rico;Female;2018;1594272.0
Puerto Rico;Rural;2018;234967.0
Puerto Rico;Urban;2018;3424040.0
Qatar;Total;2000;592468.0
Qatar;Male;2000;386333.0
Qatar;Female;2000;206134.0
Qatar;Rural;2000;21850.0
Qatar;Urban;2000;570417.0
Qatar;Total;2001;615012.0
Qatar;Male;2001;398829.0
Qatar;Female;2001;216184.0
Qatar;Rural;2001;21554.0
Qatar;Urban;2001;595332.0
Qatar;Total;2002;640868.0
Qatar;Male;2002;412989.0
Qatar;Female;2002;227883.0
Qatar;Rural;2002;21361.0
Qatar;Urban;2002;624298.0
Qatar;Total;2003;681788.0
Qatar;Male;2003;439812.0
Qatar;Female;2003;241979.0
Qatar;Rural;2003;21570.0
Qatar;Urban;2003;667016.0
Qatar;Total;2004;753334.0
Qatar;Male;2004;493930.0
Qatar;Female;2004;259402.0
Qatar;Rural;2004;22085.0
Qatar;Urban;2004;736770.0
Qatar;Total;2005;865416.0
Qatar;Male;2005;584646.0
Qatar;Female;2005;280764.0
Qatar;Rural;2005;22523.0
Qatar;Urban;2005;842340.0
Qatar;Total;2006;1022711.0
Qatar;Male;2006;716572.0
Qatar;Female;2006;306132.0
Qatar;Rural;2006;23534.0
Qatar;Urban;2006;986848.0
Qatar;Total;2007;1218434.0
Qatar;Male;2007;883320.0
Qatar;Female;2007;335121.0
Qatar;Rural;2007;24776.0
Qatar;Urban;2007;1164857.0
Qatar;Total;2008;1436665.0
Qatar;Male;2008;1069536.0
Qatar;Female;2008;367134.0
Qatar;Rural;2008;25861.0
Qatar;Urban;2008;1363481.0
Qatar;Total;2009;1654950.0
Qatar;Male;2009;1253580.0
Qatar;Female;2009;401364.0
Qatar;Rural;2009;26467.0
Qatar;Urban;2009;1564313.0
Qatar;Total;2010;1856327.0
Qatar;Male;2010;1419289.0
Qatar;Female;2010;437040.0
Qatar;Rural;2010;26680.0
Qatar;Urban;2010;1752996.0
Qatar;Total;2011;2035871.0
Qatar;Male;2011;1561729.0
Qatar;Female;2011;474133.0
Qatar;Rural;2011;27283.0
Qatar;Urban;2011;1924771.0
Qatar;Total;2012;2196073.0
Qatar;Male;2012;1683807.0
Qatar;Female;2012;512270.99999999994
Qatar;Rural;2012;27484.0
Qatar;Urban;2012;2082083.9999999998
Qatar;Total;2013;2336574.0
Qatar;Male;2013;1786771.0
Qatar;Female;2013;549808.0
Qatar;Rural;2013;27334.0
Qatar;Urban;2013;2223139.0
Qatar;Total;2014;2459198.0
Qatar;Male;2014;1874509.0
Qatar;Female;2014;584693.0
Qatar;Rural;2014;26882.0
Qatar;Urban;2014;2347537.0
Qatar;Total;2015;2565710.0
Qatar;Male;2015;1950209.0
Qatar;Female;2015;615499.0
Qatar;Rural;2015;26186.0
Qatar;Urban;2015;2455353.0
Qatar;Total;2016;2654374.0
Qatar;Male;2016;2012920.0
Qatar;Female;2016;641459.0
Qatar;Rural;2016;25324.0
Qatar;Urban;2016;2544480.0
Qatar;Total;2017;2724728.0
Qatar;Male;2017;2061731.0000000002
Qatar;Female;2017;662996.0
Qatar;Rural;2017;24338.0
Qatar;Urban;2017;2614873.0
Qatar;Total;2018;2781682.0
Qatar;Male;2018;2100301.0
Qatar;Female;2018;681381.0
Qatar;Rural;2018;23303.0
Qatar;Urban;2018;2671546.0
Republic of Korea;Total;2000;47379241.0
Republic of Korea;Male;2000;23771911.0
Republic of Korea;Female;2000;23607326.0
Republic of Korea;Rural;2000;9656885.0
Republic of Korea;Urban;2000;37729427.0
Republic of Korea;Total;2001;47706224.0
Republic of Korea;Male;2001;23935491.0
Republic of Korea;Female;2001;23770735.0
Republic of Korea;Rural;2001;9571083.0
Republic of Korea;Urban;2001;38141705.0
Republic of Korea;Total;2002;47999547.0
Republic of Korea;Male;2002;24082827.0
Republic of Korea;Female;2002;23916724.0
Republic of Korea;Rural;2002;9457554.0
Republic of Korea;Urban;2002;38547232.0
Republic of Korea;Total;2003;48260897.0
Republic of Korea;Male;2003;24214025.0
Republic of Korea;Female;2003;24046876.0
Republic of Korea;Rural;2003;9338132.0
Republic of Korea;Urban;2003;38926894.0
Republic of Korea;Total;2004;48493441.0
Republic of Korea;Male;2004;24329634.0
Republic of Korea;Female;2004;24163800.0
Republic of Korea;Rural;2004;9213825.0
Republic of Korea;Urban;2004;39284258.0
Republic of Korea;Total;2005;48701073.0
Republic of Korea;Male;2005;24430938.0
Republic of Korea;Female;2005;24270131.0
Republic of Korea;Rural;2005;9086487.0
Republic of Korea;Urban;2005;39622010.0
Republic of Korea;Total;2006;48880451.0
Republic of Korea;Male;2006;24515861.0
Republic of Korea;Female;2006;24364588.0
Republic of Korea;Rural;2006;9031912.0
Republic of Korea;Urban;2006;39863933.0
Republic of Korea;Total;2007;49034810.0
Republic of Korea;Male;2007;24586479.0
Republic of Korea;Female;2007;24448334.0
Republic of Korea;Rural;2007;9012350.0
Republic of Korea;Urban;2007;40050079.0
Republic of Korea;Total;2008;49182456.0
Republic of Korea;Male;2008;24653124.0
Republic of Korea;Female;2008;24529334.0
Republic of Korea;Rural;2008;8990762.0
Republic of Korea;Urban;2008;40228223.0
Republic of Korea;Total;2009;49347461.0
Republic of Korea;Male;2009;24729487.0
Republic of Korea;Female;2009;24617963.0
Republic of Korea;Rural;2009;8969877.0
Republic of Korea;Urban;2009;40409331.0
Republic of Korea;Total;2010;49545636.0
Republic of Korea;Male;2010;24824625.0
Republic of Korea;Female;2010;24721013.0
Republic of Korea;Rural;2010;8951241.0
Republic of Korea;Urban;2010;40601614.0
Republic of Korea;Total;2011;49786159.0
Republic of Korea;Male;2011;24943614.0
Republic of Korea;Female;2011;24842539.0
Republic of Korea;Rural;2011;8992550.0
Republic of Korea;Urban;2011;40752109.0
Republic of Korea;Total;2012;50060639.0
Republic of Korea;Male;2012;25081760.0
Republic of Korea;Female;2012;24978879.0
Republic of Korea;Rural;2012;9065944.0
Republic of Korea;Urban;2012;40886300.0
Republic of Korea;Total;2013;50345717.0
Republic of Korea;Male;2013;25226274.0
Republic of Korea;Female;2013;25119446.0
Republic of Korea;Rural;2013;9141362.0
Republic of Korea;Urban;2013;41027880.0
Republic of Korea;Total;2014;50607907.0
Republic of Korea;Male;2014;25358763.0
Republic of Korea;Female;2014;25249141.0
Republic of Korea;Rural;2014;9217129.0
Republic of Korea;Urban;2014;41168431.0
Republic of Korea;Total;2015;50823093.0
Republic of Korea;Male;2015;25466024.0
Republic of Korea;Female;2015;25357063.0
Republic of Korea;Rural;2015;9291811.0
Republic of Korea;Urban;2015;41301851.0
Republic of Korea;Total;2016;50983457.0
Republic of Korea;Male;2016;25543759.0
Republic of Korea;Female;2016;25439687.0
Republic of Korea;Rural;2016;9365142.0
Republic of Korea;Urban;2016;41426777.0
Republic of Korea;Total;2017;51096415.0
Republic of Korea;Male;2017;25596091.0
Republic of Korea;Female;2017;25500317.0
Republic of Korea;Rural;2017;9429948.0
Republic of Korea;Urban;2017;41552264.0
Republic of Korea;Total;2018;51171706.0
Republic of Korea;Male;2018;25628383.0
Republic of Korea;Female;2018;25543317.0
Republic of Korea;Rural;2018;9486209.0
Republic of Korea;Urban;2018;41678226.0
Republic of Moldova;Total;2000;4202658.0
Republic of Moldova;Male;2000;2011495.0
Republic of Moldova;Female;2000;2191164.0
Republic of Moldova;Rural;2000;2327849.0
Republic of Moldova;Urban;2000;1873240.0
Republic of Moldova;Total;2001;4187093.0
Republic of Moldova;Male;2001;2004320.0
Republic of Moldova;Female;2001;2182777.0
Republic of Moldova;Rural;2001;2335976.0
Republic of Moldova;Urban;2001;1849529.0
Republic of Moldova;Total;2002;4178229.9999999995
Republic of Moldova;Male;2002;2000103.0
Republic of Moldova;Female;2002;2178125.0
Republic of Moldova;Rural;2002;2347732.0
Republic of Moldova;Urban;2002;1828884.0
Republic of Moldova;Total;2003;4173274.0000000005
Republic of Moldova;Male;2003;1997731.0
Republic of Moldova;Female;2003;2175545.0
Republic of Moldova;Rural;2003;2361602.0
Republic of Moldova;Urban;2003;1810044.0
Republic of Moldova;Total;2004;4167959.0
Republic of Moldova;Male;2004;1995440.0
Republic of Moldova;Female;2004;2172522.0
Republic of Moldova;Rural;2004;2375227.0
Republic of Moldova;Urban;2004;1791110.0
Republic of Moldova;Total;2005;4159292.9999999995
Republic of Moldova;Male;2005;1991992.0
Republic of Moldova;Female;2005;2167304.0
Republic of Moldova;Rural;2005;2379259.0
Republic of Moldova;Urban;2005;1778440.0
Republic of Moldova;Total;2006;4146265.0000000005
Republic of Moldova;Male;2006;1986990.0
Republic of Moldova;Female;2006;2159274.0
Republic of Moldova;Rural;2006;2373123.0
Republic of Moldova;Urban;2006;1771607.0
Republic of Moldova;Total;2007;4130136.0000000005
Republic of Moldova;Male;2007;1980932.0
Republic of Moldova;Female;2007;2149197.0
Republic of Moldova;Rural;2007;2365195.0
Republic of Moldova;Urban;2007;1763454.0
Republic of Moldova;Total;2008;4112890.9999999995
Republic of Moldova;Male;2008;1974507.0
Republic of Moldova;Female;2008;2138379.0
Republic of Moldova;Rural;2008;2356613.0
Republic of Moldova;Urban;2008;1754827.0
Republic of Moldova;Total;2009;4097518.0
Republic of Moldova;Male;2009;1968783.0
Republic of Moldova;Female;2009;2128732.0
Republic of Moldova;Rural;2009;2349053.0
Republic of Moldova;Urban;2009;1746987.0
Republic of Moldova;Total;2010;4086081.0
Republic of Moldova;Male;2010;1964484.0
Republic of Moldova;Female;2010;2121606.0
Republic of Moldova;Rural;2010;2343690.0
Republic of Moldova;Urban;2010;1740791.0
Republic of Moldova;Total;2011;4079164.0
Republic of Moldova;Male;2011;1961800.0
Republic of Moldova;Female;2011;2117367.0
Republic of Moldova;Rural;2011;2340872.0
Republic of Moldova;Urban;2011;1736496.0
Republic of Moldova;Total;2012;4075808.0
Republic of Moldova;Male;2012;1960352.0
Republic of Moldova;Female;2012;2115452.0
Republic of Moldova;Rural;2012;2340031.0
Republic of Moldova;Urban;2012;1733672.0
Republic of Moldova;Total;2013;4074591.0
Republic of Moldova;Male;2013;1959517.0
Republic of Moldova;Female;2013;2115068.0
Republic of Moldova;Rural;2013;2340291.0
Republic of Moldova;Urban;2013;1731673.0
Republic of Moldova;Total;2014;4073407.0
Republic of Moldova;Male;2014;1958374.0
Republic of Moldova;Female;2014;2115033.0
Republic of Moldova;Rural;2014;2340388.0
Republic of Moldova;Urban;2014;1729551.0
Republic of Moldova;Total;2015;4070700.0
Republic of Moldova;Male;2015;1956267.0
Republic of Moldova;Female;2015;2114438.0
Republic of Moldova;Rural;2015;2338327.0
Republic of Moldova;Urban;2015;1727653.0
Republic of Moldova;Total;2016;4066009.0
Republic of Moldova;Male;2016;1952970.0
Republic of Moldova;Female;2016;2113043.0
Republic of Moldova;Rural;2016;2333836.0
Republic of Moldova;Urban;2016;1725772.0
Republic of Moldova;Total;2017;4059684.0
Republic of Moldova;Male;2017;1948649.0
Republic of Moldova;Female;2017;2111038.0
Republic of Moldova;Rural;2017;2327145.0
Republic of Moldova;Urban;2017;1724067.0
Republic of Moldova;Total;2018;4051944.0
Republic of Moldova;Male;2018;1943495.0
Republic of Moldova;Female;2018;2108455.0
Republic of Moldova;Rural;2018;2318419.0
Republic of Moldova;Urban;2018;1722646.0
Réunion;Total;2000;736710.0
Réunion;Male;2000;359525.0
Réunion;Female;2000;377189.0
Réunion;Rural;2000;65061.00000000001
Réunion;Urban;2000;671649.0
Réunion;Total;2001;748658.0
Réunion;Male;2001;365817.0
Réunion;Female;2001;382836.0
Réunion;Rural;2001;55790.0
Réunion;Urban;2001;692868.0
Réunion;Total;2002;760258.0
Réunion;Male;2002;372157.0
Réunion;Female;2002;388093.0
Réunion;Rural;2002;47682.0
Réunion;Urban;2002;712576.0
Réunion;Total;2003;771384.0
Réunion;Male;2003;378274.0
Réunion;Female;2003;393103.0
Réunion;Rural;2003;40635.0
Réunion;Urban;2003;730749.0
Réunion;Total;2004;781864.0
Réunion;Male;2004;383786.0
Réunion;Female;2004;398075.0
Réunion;Rural;2004;34527.0
Réunion;Urban;2004;747337.0
Réunion;Total;2005;791598.0
Réunion;Male;2005;388455.0
Réunion;Female;2005;403143.0
Réunion;Rural;2005;29275.0
Réunion;Urban;2005;762323.0
Réunion;Total;2006;800540.0
Réunion;Male;2006;392157.0
Réunion;Female;2006;408376.0
Réunion;Rural;2006;24758.0
Réunion;Urban;2006;775785.0
Réunion;Total;2007;808730.0
Réunion;Male;2007;395024.0
Réunion;Female;2007;413704.0
Réunion;Rural;2007;20894.0
Réunion;Urban;2007;787841.0
Réunion;Total;2008;816318.0
Réunion;Male;2008;397366.0
Réunion;Female;2008;418959.0
Réunion;Rural;2008;17599.0
Réunion;Urban;2008;798736.0
Réunion;Total;2009;823522.0
Réunion;Male;2009;399625.0
Réunion;Female;2009;423904.0
Réunion;Rural;2009;14812.0
Réunion;Urban;2009;808725.0
Réunion;Total;2010;830519.0
Réunion;Male;2010;402132.0
Réunion;Female;2010;428375.0
Réunion;Rural;2010;12452.0
Réunion;Urban;2010;818067.0
Réunion;Total;2011;837335.0
Réunion;Male;2011;405011.0
Réunion;Female;2011;432325.0
Réunion;Rural;2011;10526.0
Réunion;Urban;2011;826778.0
Réunion;Total;2012;843984.0
Réunion;Male;2012;408161.0
Réunion;Female;2012;435823.0
Réunion;Rural;2012;8950.0
Réunion;Urban;2012;834957.0
Réunion;Total;2013;850514.0
Réunion;Male;2013;411500.0
Réunion;Female;2013;439006.0
Réunion;Rural;2013;7655.0
Réunion;Urban;2013;842745.0
Réunion;Total;2014;856961.0
Réunion;Male;2014;414848.0
Réunion;Female;2014;442112.0
Réunion;Rural;2014;6587.0
Réunion;Urban;2014;850280.0
Réunion;Total;2015;863363.0
Réunion;Male;2015;418093.0
Réunion;Female;2015;445266.0
Réunion;Rural;2015;5704.0
Réunion;Urban;2015;857659.0
Réunion;Total;2016;869743.0
Réunion;Male;2016;421209.0
Réunion;Female;2016;448533.0
Réunion;Rural;2016;4971.0
Réunion;Urban;2016;864954.0
Réunion;Total;2017;876134.0
Réunion;Male;2017;424264.0
Réunion;Female;2017;451867.0
Réunion;Rural;2017;4360.0
Réunion;Urban;2017;872202.0
Réunion;Total;2018;882526.0
Réunion;Male;2018;427278.0
Réunion;Female;2018;455253.0
Réunion;Rural;2018;3848.0
Réunion;Urban;2018;879399.0
Romania;Total;2000;22137419.0
Romania;Male;2000;10829751.0
Romania;Female;2000;11307672.0
Romania;Rural;2000;10399242.0
Romania;Urban;2000;11728886.0
Romania;Total;2001;21989350.0
Romania;Male;2001;10748765.0
Romania;Female;2001;11240589.0
Romania;Rural;2001;10365175.0
Romania;Urban;2001;11618960.0
Romania;Total;2002;21853273.0
Romania;Male;2002;10674532.0
Romania;Female;2002;11178746.0
Romania;Rural;2002;10319721.0
Romania;Urban;2002;11534955.0
Romania;Total;2003;21720407.0
Romania;Male;2003;10602302.0
Romania;Female;2003;11118101.0
Romania;Rural;2003;10231821.0
Romania;Urban;2003;11497098.0
Romania;Total;2004;21577885.0
Romania;Male;2004;10525161.0
Romania;Female;2004;11052729.0
Romania;Rural;2004;10138587.0
Romania;Urban;2004;11452577.0
Romania;Total;2005;21417291.0
Romania;Male;2005;10438576.0
Romania;Female;2005;10978711.0
Romania;Rural;2005;10035316.0
Romania;Urban;2005;11395702.0
Romania;Total;2006;21234305.0
Romania;Male;2006;10340058.0
Romania;Female;2006;10894254.0
Romania;Rural;2006;9919852.0
Romania;Urban;2006;11324070.0
Romania;Total;2007;21034189.0
Romania;Male;2007;10232553.0
Romania;Female;2007;10801643.0
Romania;Rural;2007;9795242.0
Romania;Urban;2007;11240869.0
Romania;Total;2008;20829517.0
Romania;Male;2008;10123586.0
Romania;Female;2008;10705935.0
Romania;Rural;2008;9667799.0
Romania;Urban;2008;11153285.0
Romania;Total;2009;20637991.0
Romania;Male;2009;10023672.0
Romania;Female;2009;10614323.0
Romania;Rural;2009;9546514.0
Romania;Urban;2009;11071441.0
Romania;Total;2010;20471864.0
Romania;Male;2010;9940018.0
Romania;Female;2010;10531842.0
Romania;Rural;2010;9437516.0
Romania;Urban;2010;11002831.0
Romania;Total;2011;20336718.0
Romania;Male;2011;9876021.0
Romania;Female;2011;10460697.0
Romania;Rural;2011;9342912.0
Romania;Urban;2011;10950055.0
Romania;Total;2012;20227469.0
Romania;Male;2012;9828473.0
Romania;Female;2012;10398994.0
Romania;Rural;2012;9283979.0
Romania;Urban;2012;10887276.0
Romania;Total;2013;20132776.0
Romania;Male;2013;9789960.0
Romania;Female;2013;10342820.0
Romania;Rural;2013;9243988.0
Romania;Urban;2013;10824213.0
Romania;Total;2014;20035930.0
Romania;Male;2014;9749629.0
Romania;Female;2014;10286299.0
Romania;Rural;2014;9207431.0
Romania;Urban;2014;10765305.0
Romania;Total;2015;19925175.0
Romania;Male;2015;9699862.0
Romania;Female;2015;10225320.0
Romania;Rural;2015;9165608.0
Romania;Urban;2015;10711013.0
Romania;Total;2016;19796285.0
Romania;Male;2016;9637880.0
Romania;Female;2016;10158400.0
Romania;Rural;2016;9117772.0
Romania;Urban;2016;10660311.0
Romania;Total;2017;19653969.0
Romania;Male;2017;9566616.0
Romania;Female;2017;10087350.0
Romania;Rural;2017;9065003.0
Romania;Urban;2017;10614303.0
Romania;Total;2018;19506114.0
Romania;Male;2018;9490943.0
Romania;Female;2018;10015167.0
Romania;Rural;2018;9007536.0
Romania;Urban;2018;10573098.0
Russian Federation;Total;2000;146404903.0
Russian Federation;Male;2000;68503311.0
Russian Federation;Female;2000;77901579.0
Russian Federation;Rural;2000;39014773.0
Russian Federation;Urban;2000;107381741.0
Russian Federation;Total;2001;145830721.0
Russian Federation;Male;2001;68166442.0
Russian Federation;Female;2001;77664284.0
Russian Federation;Rural;2001;38866125.0
Russian Federation;Urban;2001;106948739.0
Russian Federation;Total;2002;145215700.0
Russian Federation;Male;2002;67801796.0
Russian Federation;Female;2002;77413911.0
Russian Federation;Rural;2002;38707217.0
Russian Federation;Urban;2002;106487665.0
Russian Federation;Total;2003;144610882.0
Russian Federation;Male;2003;67438293.0
Russian Federation;Female;2003;77172583.0
Russian Federation;Rural;2003;38498936.0
Russian Federation;Urban;2003;106085759.0
Russian Federation;Total;2004;144080643.0
Russian Federation;Male;2004;67112490.0
Russian Federation;Female;2004;76968159.0
Russian Federation;Rural;2004;38290132.0
Russian Federation;Urban;2004;105754475.0
Russian Federation;Total;2005;143672116.0
Russian Federation;Male;2005;66851262.0
Russian Federation;Female;2005;76820863.0
Russian Federation;Rural;2005;38112227.0
Russian Federation;Urban;2005;105505958.0
Russian Federation;Total;2006;143403256.0
Russian Federation;Male;2006;66665191.99999999
Russian Federation;Female;2006;76738066.0
Russian Federation;Rural;2006;37969435.0
Russian Federation;Urban;2006;105353498.0
Russian Federation;Total;2007;143266212.0
Russian Federation;Male;2007;66550274.99999999
Russian Federation;Female;2007;76715932.0
Russian Federation;Rural;2007;37859367.0
Russian Federation;Urban;2007;105290775.0
Russian Federation;Total;2008;143248764.0
Russian Federation;Male;2008;66499910.99999999
Russian Federation;Female;2008;76748853.0
Russian Federation;Rural;2008;37777378.0
Russian Federation;Urban;2008;105305809.0
Russian Federation;Total;2009;143326913.0
Russian Federation;Male;2009;66500823.00000001
Russian Federation;Female;2009;76826081.0
Russian Federation;Rural;2009;37715868.0
Russian Federation;Urban;2009;105376897.0
Russian Federation;Total;2010;143479274.0
Russian Federation;Male;2010;66541496.0
Russian Federation;Female;2010;76937777.0
Russian Federation;Rural;2010;37667890.0
Russian Federation;Urban;2010;105485979.0
Russian Federation;Total;2011;143703025.0
Russian Federation;Male;2011;66620587.0
Russian Federation;Female;2011;77082440.0
Russian Federation;Rural;2011;37632802.0
Russian Federation;Urban;2011;105631186.0
Russian Federation;Total;2012;143993892.0
Russian Federation;Male;2012;66736723.0
Russian Federation;Female;2012;77257165.0
Russian Federation;Rural;2012;37589599.0
Russian Federation;Urban;2012;105830998.0
Russian Federation;Total;2013;144325449.0
Russian Federation;Male;2013;66877278.99999999
Russian Federation;Female;2013;77448177.0
Russian Federation;Rural;2013;37531491.0
Russian Federation;Urban;2013;106065739.0
Russian Federation;Total;2014;144664841.0
Russian Federation;Male;2014;67026494.99999999
Russian Federation;Female;2014;77638342.0
Russian Federation;Rural;2014;37449924.0
Russian Federation;Urban;2014;106311454.0
Russian Federation;Total;2015;144985057.0
Russian Federation;Male;2015;67171355.0
Russian Federation;Female;2015;77813704.0
Russian Federation;Rural;2015;37338513.0
Russian Federation;Urban;2015;106549491.0
Russian Federation;Total;2016;145275383.0
Russian Federation;Male;2016;67306592.0
Russian Federation;Female;2016;77968782.0
Russian Federation;Rural;2016;37194234.0
Russian Federation;Urban;2016;106770279.0
Russian Federation;Total;2017;145530082.0
Russian Federation;Male;2017;67429046.0
Russian Federation;Female;2017;78101045.0
Russian Federation;Rural;2017;37017128.0
Russian Federation;Urban;2017;106972626.0
Russian Federation;Total;2018;145734038.0
Russian Federation;Male;2018;67530583.0
Russian Federation;Female;2018;78203451.0
Russian Federation;Rural;2018;36807854.0
Russian Federation;Urban;2018;107156855.0
Rwanda;Total;2000;7933681.0
Rwanda;Male;2000;3875949.0
Rwanda;Female;2000;4057739.0
Rwanda;Rural;2000;6827783.0
Rwanda;Urban;2000;1197920.0
Rwanda;Total;2001;8231156.000000001
Rwanda;Male;2001;4023726.0
Rwanda;Female;2001;4207424.0
Rwanda;Rural;2001;7010937.0
Rwanda;Urban;2001;1318469.0
Rwanda;Total;2002;8427060.0
Rwanda;Male;2002;4120953.9999999995
Rwanda;Female;2002;4306107.0
Rwanda;Rural;2002;7104058.0
Rwanda;Urban;2002;1432147.0
Rwanda;Total;2003;8557161.0
Rwanda;Male;2003;4185398.0
Rwanda;Female;2003;4371762.0
Rwanda;Rural;2003;7213040.0
Rwanda;Urban;2003;1467306.0
Rwanda;Total;2004;8680524.0
Rwanda;Male;2004;4246496.0
Rwanda;Female;2004;4434020.0
Rwanda;Rural;2004;7327409.0
Rwanda;Urban;2004;1491029.0
Rwanda;Total;2005;8840215.0
Rwanda;Male;2005;4325703.0
Rwanda;Female;2005;4514517.0
Rwanda;Rural;2005;7471017.0
Rwanda;Urban;2005;1520718.0
Rwanda;Total;2006;9043337.0
Rwanda;Male;2006;4426493.0
Rwanda;Female;2006;4616849.0
Rwanda;Rural;2006;7649129.0
Rwanda;Urban;2006;1557451.0
Rwanda;Total;2007;9273757.0
Rwanda;Male;2007;4540786.0
Rwanda;Female;2007;4732973.0
Rwanda;Rural;2007;7848805.0
Rwanda;Urban;2007;1598597.0
Rwanda;Total;2008;9524534.0
Rwanda;Male;2008;4665187.0
Rwanda;Female;2008;4859345.0
Rwanda;Rural;2008;8065028.0
Rwanda;Urban;2008;1643141.0
Rwanda;Total;2009;9782770.0
Rwanda;Male;2009;4793381.0
Rwanda;Female;2009;4989389.0
Rwanda;Rural;2009;8288298.000000001
Rwanda;Urban;2009;1689148.0
Rwanda;Total;2010;10039338.0
Rwanda;Male;2010;4920879.0
Rwanda;Female;2010;5118459.0
Rwanda;Rural;2010;8511644.0
Rwanda;Urban;2010;1735198.0
Rwanda;Total;2011;10293331.0
Rwanda;Male;2011;5047258.0
Rwanda;Female;2011;5246075.0
Rwanda;Rural;2011;8734828.0
Rwanda;Urban;2011;1781243.0
Rwanda;Total;2012;10549673.0
Rwanda;Male;2012;5174925.0
Rwanda;Female;2012;5374743.0
Rwanda;Rural;2012;8960938.0
Rwanda;Urban;2012;1827915.0
Rwanda;Total;2013;10811538.0
Rwanda;Male;2013;5305369.0
Rwanda;Female;2013;5506169.0
Rwanda;Rural;2013;9189947.0
Rwanda;Urban;2013;1875204.0
Rwanda;Total;2014;11083630.0
Rwanda;Male;2014;5440792.0
Rwanda;Female;2014;5642837.0
Rwanda;Rural;2014;9420354.0
Rwanda;Urban;2014;1925003.0
Rwanda;Total;2015;11369071.0
Rwanda;Male;2015;5582648.0
Rwanda;Female;2015;5786418.0
Rwanda;Rural;2015;9652086.0
Rwanda;Urban;2015;1977467.0
Rwanda;Total;2016;11668827.0
Rwanda;Male;2016;5731380.0
Rwanda;Female;2016;5937449.0
Rwanda;Rural;2016;9884801.0
Rwanda;Urban;2016;2032707.0
Rwanda;Total;2017;11980961.0
Rwanda;Male;2017;5886063.0
Rwanda;Female;2017;6094897.0
Rwanda;Rural;2017;10117663.0
Rwanda;Urban;2017;2090744.0000000002
Rwanda;Total;2018;12301970.0
Rwanda;Male;2018;6045057.0
Rwanda;Female;2018;6256912.0
Rwanda;Rural;2018;10349599.0
Rwanda;Urban;2018;2151557.0
Saint Barthélemy;Total;2011;9343.0
Saint Barthélemy;Total;2012;9439.0
Saint Barthélemy;Total;2013;9537.0
Saint Barthélemy;Total;2014;9623.0
Saint Barthélemy;Total;2015;9693.0
Saint Barthélemy;Total;2016;9748.0
Saint Barthélemy;Total;2017;9784.0
Saint Barthélemy;Total;2018;9816.0
Saint Helena, Ascension and Tristan da Cunha;Total;2000;6049.0
Saint Helena, Ascension and Tristan da Cunha;Rural;2000;3050.0
Saint Helena, Ascension and Tristan da Cunha;Urban;2000;2064.0
Saint Helena, Ascension and Tristan da Cunha;Total;2001;5939.0
Saint Helena, Ascension and Tristan da Cunha;Rural;2001;2970.0
Saint Helena, Ascension and Tristan da Cunha;Urban;2001;2001.9999999999998
Saint Helena, Ascension and Tristan da Cunha;Total;2002;5801.0
Saint Helena, Ascension and Tristan da Cunha;Rural;2002;2867.0
Saint Helena, Ascension and Tristan da Cunha;Urban;2002;1925.0
Saint Helena, Ascension and Tristan da Cunha;Total;2003;5644.0
Saint Helena, Ascension and Tristan da Cunha;Rural;2003;2748.0
Saint Helena, Ascension and Tristan da Cunha;Urban;2003;1838.0
Saint Helena, Ascension and Tristan da Cunha;Total;2004;5490.0
Saint Helena, Ascension and Tristan da Cunha;Rural;2004;2645.0
Saint Helena, Ascension and Tristan da Cunha;Urban;2004;1763.0
Saint Helena, Ascension and Tristan da Cunha;Total;2005;5364.0
Saint Helena, Ascension and Tristan da Cunha;Rural;2005;2569.0
Saint Helena, Ascension and Tristan da Cunha;Urban;2005;1706.0
Saint Helena, Ascension and Tristan da Cunha;Total;2006;5263.0
Saint Helena, Ascension and Tristan da Cunha;Rural;2006;2529.0
Saint Helena, Ascension and Tristan da Cunha;Urban;2006;1672.0
Saint Helena, Ascension and Tristan da Cunha;Total;2007;5186.0
Saint Helena, Ascension and Tristan da Cunha;Rural;2007;2511.0
Saint Helena, Ascension and Tristan da Cunha;Urban;2007;1654.0
Saint Helena, Ascension and Tristan da Cunha;Total;2008;5143.0
Saint Helena, Ascension and Tristan da Cunha;Rural;2008;2515.0
Saint Helena, Ascension and Tristan da Cunha;Urban;2008;1651.0
Saint Helena, Ascension and Tristan da Cunha;Total;2009;5142.0
Saint Helena, Ascension and Tristan da Cunha;Rural;2009;2524.0
Saint Helena, Ascension and Tristan da Cunha;Urban;2009;1652.0
Saint Helena, Ascension and Tristan da Cunha;Total;2010;5183.0
Saint Helena, Ascension and Tristan da Cunha;Rural;2010;2527.0
Saint Helena, Ascension and Tristan da Cunha;Urban;2010;1650.0
Saint Helena, Ascension and Tristan da Cunha;Total;2011;5280.0
Saint Helena, Ascension and Tristan da Cunha;Rural;2011;2513.0
Saint Helena, Ascension and Tristan da Cunha;Urban;2011;1639.0
Saint Helena, Ascension and Tristan da Cunha;Total;2012;5414.0
Saint Helena, Ascension and Tristan da Cunha;Rural;2012;2493.0
Saint Helena, Ascension and Tristan da Cunha;Urban;2012;1624.0
Saint Helena, Ascension and Tristan da Cunha;Total;2013;5584.0
Saint Helena, Ascension and Tristan da Cunha;Rural;2013;2470.0
Saint Helena, Ascension and Tristan da Cunha;Urban;2013;1611.0
Saint Helena, Ascension and Tristan da Cunha;Total;2014;5739.0
Saint Helena, Ascension and Tristan da Cunha;Rural;2014;2453.0
Saint Helena, Ascension and Tristan da Cunha;Urban;2014;1601.0
Saint Helena, Ascension and Tristan da Cunha;Total;2015;5865.0
Saint Helena, Ascension and Tristan da Cunha;Rural;2015;2439.0
Saint Helena, Ascension and Tristan da Cunha;Urban;2015;1595.0
Saint Helena, Ascension and Tristan da Cunha;Total;2016;5956.0
Saint Helena, Ascension and Tristan da Cunha;Rural;2016;2437.0
Saint Helena, Ascension and Tristan da Cunha;Urban;2016;1598.0
Saint Helena, Ascension and Tristan da Cunha;Total;2017;6008.0
Saint Helena, Ascension and Tristan da Cunha;Rural;2017;2442.0
Saint Helena, Ascension and Tristan da Cunha;Urban;2017;1607.0
Saint Helena, Ascension and Tristan da Cunha;Total;2018;6035.0
Saint Helena, Ascension and Tristan da Cunha;Rural;2018;2452.0
Saint Helena, Ascension and Tristan da Cunha;Urban;2018;1622.0
Saint Kitts and Nevis;Total;2000;44074.0
Saint Kitts and Nevis;Rural;2000;30501.0
Saint Kitts and Nevis;Urban;2000;14873.0
Saint Kitts and Nevis;Total;2001;44599.0
Saint Kitts and Nevis;Rural;2001;30998.0
Saint Kitts and Nevis;Urban;2001;14992.0
Saint Kitts and Nevis;Total;2002;45165.0
Saint Kitts and Nevis;Rural;2002;31504.0
Saint Kitts and Nevis;Urban;2002;15137.0
Saint Kitts and Nevis;Total;2003;45746.0
Saint Kitts and Nevis;Rural;2003;32020.000000000004
Saint Kitts and Nevis;Urban;2003;15286.0
Saint Kitts and Nevis;Total;2004;46324.0
Saint Kitts and Nevis;Rural;2004;32539.0
Saint Kitts and Nevis;Urban;2004;15432.0
Saint Kitts and Nevis;Total;2005;46857.0
Saint Kitts and Nevis;Rural;2005;33042.0
Saint Kitts and Nevis;Urban;2005;15569.0
Saint Kitts and Nevis;Total;2006;47339.0
Saint Kitts and Nevis;Rural;2006;33519.0
Saint Kitts and Nevis;Urban;2006;15691.0
Saint Kitts and Nevis;Total;2007;47778.0
Saint Kitts and Nevis;Rural;2007;33980.0
Saint Kitts and Nevis;Urban;2007;15803.0
Saint Kitts and Nevis;Total;2008;48185.0
Saint Kitts and Nevis;Rural;2008;34426.0
Saint Kitts and Nevis;Urban;2008;15906.0
Saint Kitts and Nevis;Total;2009;48599.0
Saint Kitts and Nevis;Rural;2009;34876.0
Saint Kitts and Nevis;Urban;2009;16010.000000000002
Saint Kitts and Nevis;Total;2010;49016.0
Saint Kitts and Nevis;Rural;2010;35331.0
Saint Kitts and Nevis;Urban;2010;16114.0
Saint Kitts and Nevis;Total;2011;49447.0
Saint Kitts and Nevis;Rural;2011;35789.0
Saint Kitts and Nevis;Urban;2011;16216.999999999998
Saint Kitts and Nevis;Total;2012;49887.0
Saint Kitts and Nevis;Rural;2012;36255.0
Saint Kitts and Nevis;Urban;2012;16335.999999999998
Saint Kitts and Nevis;Total;2013;50331.0
Saint Kitts and Nevis;Rural;2013;36706.0
Saint Kitts and Nevis;Urban;2013;16463.0
Saint Kitts and Nevis;Total;2014;50774.0
Saint Kitts and Nevis;Rural;2014;37142.0
Saint Kitts and Nevis;Urban;2014;16597.0
Saint Kitts and Nevis;Total;2015;51203.0
Saint Kitts and Nevis;Rural;2015;37552.0
Saint Kitts and Nevis;Urban;2015;16736.0
Saint Kitts and Nevis;Total;2016;51625.0
Saint Kitts and Nevis;Rural;2016;37942.0
Saint Kitts and Nevis;Urban;2016;16879.0
Saint Kitts and Nevis;Total;2017;52045.0
Saint Kitts and Nevis;Rural;2017;38314.0
Saint Kitts and Nevis;Urban;2017;17031.0
Saint Kitts and Nevis;Total;2018;52441.0
Saint Kitts and Nevis;Rural;2018;38662.0
Saint Kitts and Nevis;Urban;2018;17188.0
Saint Lucia;Total;2000;156729.0
Saint Lucia;Male;2000;76880.0
Saint Lucia;Female;2000;79857.0
Saint Lucia;Rural;2000;113358.0
Saint Lucia;Urban;2000;43591.0
Saint Lucia;Total;2001;158179.0
Saint Lucia;Male;2001;77578.0
Saint Lucia;Female;2001;80606.0
Saint Lucia;Rural;2001;114930.0
Saint Lucia;Urban;2001;43534.0
Saint Lucia;Total;2002;159392.0
Saint Lucia;Male;2002;78157.0
Saint Lucia;Female;2002;81235.0
Saint Lucia;Rural;2002;117699.0
Saint Lucia;Urban;2002;42064.0
Saint Lucia;Total;2003;160530.0
Saint Lucia;Male;2003;78700.0
Saint Lucia;Female;2003;81830.0
Saint Lucia;Rural;2003;120382.0
Saint Lucia;Urban;2003;40591.0
Saint Lucia;Total;2004;161816.0
Saint Lucia;Male;2004;79340.0
Saint Lucia;Female;2004;82481.0
Saint Lucia;Rural;2004;123095.0
Saint Lucia;Urban;2004;39156.0
Saint Lucia;Total;2005;163417.0
Saint Lucia;Male;2005;80137.0
Saint Lucia;Female;2005;83271.0
Saint Lucia;Rural;2005;125920.0
Saint Lucia;Urban;2005;37794.0
Saint Lucia;Total;2006;165381.0
Saint Lucia;Male;2006;81149.0
Saint Lucia;Female;2006;84229.0
Saint Lucia;Rural;2006;128905.0
Saint Lucia;Urban;2006;36502.0
Saint Lucia;Total;2007;167639.0
Saint Lucia;Male;2007;82322.0
Saint Lucia;Female;2007;85322.0
Saint Lucia;Rural;2007;132017.0
Saint Lucia;Urban;2007;35271.0
Saint Lucia;Total;2008;170011.0
Saint Lucia;Male;2008;83549.0
Saint Lucia;Female;2008;86462.0
Saint Lucia;Rural;2008;135155.0
Saint Lucia;Urban;2008;34065.0
Saint Lucia;Total;2009;172221.0
Saint Lucia;Male;2009;84709.0
Saint Lucia;Female;2009;87514.0
Saint Lucia;Rural;2009;138164.0
Saint Lucia;Urban;2009;32858.0
Saint Lucia;Total;2010;174085.0
Saint Lucia;Male;2010;85678.0
Saint Lucia;Female;2010;88414.0
Saint Lucia;Rural;2010;140739.0
Saint Lucia;Urban;2010;31841.0
Saint Lucia;Total;2011;175544.0
Saint Lucia;Male;2011;86419.0
Saint Lucia;Female;2011;89119.0
Saint Lucia;Rural;2011;141760.0
Saint Lucia;Urban;2011;32072.000000000004
Saint Lucia;Total;2012;176646.0
Saint Lucia;Male;2012;86985.0
Saint Lucia;Female;2012;89669.0
Saint Lucia;Rural;2012;142578.0
Saint Lucia;Urban;2012;32256.999999999996
Saint Lucia;Total;2013;177513.0
Saint Lucia;Male;2013;87410.0
Saint Lucia;Female;2013;90095.0
Saint Lucia;Rural;2013;143232.0
Saint Lucia;Urban;2013;32427.999999999996
Saint Lucia;Total;2014;178296.0
Saint Lucia;Male;2014;87806.0
Saint Lucia;Female;2014;90501.0
Saint Lucia;Rural;2014;143814.0
Saint Lucia;Urban;2014;32607.0
Saint Lucia;Total;2015;179126.0
Saint Lucia;Male;2015;88211.0
Saint Lucia;Female;2015;90920.0
Saint Lucia;Rural;2015;144397.0
Saint Lucia;Urban;2015;32809.0
Saint Lucia;Total;2016;180024.0
Saint Lucia;Male;2016;88655.0
Saint Lucia;Female;2016;91373.0
Saint Lucia;Rural;2016;144979.0
Saint Lucia;Urban;2016;33036.0
Saint Lucia;Total;2017;180954.0
Saint Lucia;Male;2017;89117.0
Saint Lucia;Female;2017;91838.0
Saint Lucia;Rural;2017;145557.0
Saint Lucia;Urban;2017;33287.0
Saint Lucia;Total;2018;181889.0
Saint Lucia;Male;2018;89580.0
Saint Lucia;Female;2018;92310.0
Saint Lucia;Rural;2018;146110.0
Saint Lucia;Urban;2018;33557.0
Saint Pierre and Miquelon;Total;2000;6294.0
Saint Pierre and Miquelon;Rural;2000;675.0
Saint Pierre and Miquelon;Urban;2000;5597.0
Saint Pierre and Miquelon;Total;2001;6251.0
Saint Pierre and Miquelon;Rural;2001;671.0
Saint Pierre and Miquelon;Urban;2001;5597.0
Saint Pierre and Miquelon;Total;2002;6200.0
Saint Pierre and Miquelon;Rural;2002;661.0
Saint Pierre and Miquelon;Urban;2002;5601.0
Saint Pierre and Miquelon;Total;2003;6148.0
Saint Pierre and Miquelon;Rural;2003;652.0
Saint Pierre and Miquelon;Urban;2003;5603.0
Saint Pierre and Miquelon;Total;2004;6116.0
Saint Pierre and Miquelon;Rural;2004;643.0
Saint Pierre and Miquelon;Urban;2004;5616.0
Saint Pierre and Miquelon;Total;2005;6123.0
Saint Pierre and Miquelon;Rural;2005;634.0
Saint Pierre and Miquelon;Urban;2005;5627.0
Saint Pierre and Miquelon;Total;2006;6156.0
Saint Pierre and Miquelon;Rural;2006;630.0
Saint Pierre and Miquelon;Urban;2006;5630.0
Saint Pierre and Miquelon;Total;2007;6221.0
Saint Pierre and Miquelon;Rural;2007;631.0
Saint Pierre and Miquelon;Urban;2007;5630.0
Saint Pierre and Miquelon;Total;2008;6294.0
Saint Pierre and Miquelon;Rural;2008;632.0
Saint Pierre and Miquelon;Urban;2008;5637.0
Saint Pierre and Miquelon;Total;2009;6340.0
Saint Pierre and Miquelon;Rural;2009;633.0
Saint Pierre and Miquelon;Urban;2009;5644.0
Saint Pierre and Miquelon;Total;2010;6353.0
Saint Pierre and Miquelon;Rural;2010;634.0
Saint Pierre and Miquelon;Urban;2010;5640.0
Saint Pierre and Miquelon;Total;2011;6328.0
Saint Pierre and Miquelon;Rural;2011;634.0
Saint Pierre and Miquelon;Urban;2011;5640.0
Saint Pierre and Miquelon;Total;2012;6258.0
Saint Pierre and Miquelon;Rural;2012;634.0
Saint Pierre and Miquelon;Urban;2012;5642.0
Saint Pierre and Miquelon;Total;2013;6173.0
Saint Pierre and Miquelon;Rural;2013;634.0
Saint Pierre and Miquelon;Urban;2013;5639.0
Saint Pierre and Miquelon;Total;2014;6075.0
Saint Pierre and Miquelon;Rural;2014;635.0
Saint Pierre and Miquelon;Urban;2014;5642.0
Saint Pierre and Miquelon;Total;2015;5993.0
Saint Pierre and Miquelon;Rural;2015;608.0
Saint Pierre and Miquelon;Urban;2015;5682.0
Saint Pierre and Miquelon;Total;2016;5934.0
Saint Pierre and Miquelon;Rural;2016;637.0
Saint Pierre and Miquelon;Urban;2016;5668.0
Saint Pierre and Miquelon;Total;2017;5887.0
Saint Pierre and Miquelon;Rural;2017;638.0
Saint Pierre and Miquelon;Urban;2017;5682.0
Saint Pierre and Miquelon;Total;2018;5849.0
Saint Pierre and Miquelon;Rural;2018;619.0
Saint Pierre and Miquelon;Urban;2018;5723.0
Saint Vincent and the Grenadines;Total;2000;107784.0
Saint Vincent and the Grenadines;Male;2000;54300.0
Saint Vincent and the Grenadines;Female;2000;53487.0
Saint Vincent and the Grenadines;Rural;2000;59144.0
Saint Vincent and the Grenadines;Urban;2000;48754.0
Saint Vincent and the Grenadines;Total;2001;107896.0
Saint Vincent and the Grenadines;Male;2001;54387.0
Saint Vincent and the Grenadines;Female;2001;53506.0
Saint Vincent and the Grenadines;Rural;2001;58802.0
Saint Vincent and the Grenadines;Urban;2001;49186.0
Saint Vincent and the Grenadines;Total;2002;108097.0
Saint Vincent and the Grenadines;Male;2002;54506.0
Saint Vincent and the Grenadines;Female;2002;53589.0
Saint Vincent and the Grenadines;Rural;2002;58492.0
Saint Vincent and the Grenadines;Urban;2002;49654.0
Saint Vincent and the Grenadines;Total;2003;108326.0
Saint Vincent and the Grenadines;Male;2003;54643.0
Saint Vincent and the Grenadines;Female;2003;53679.0
Saint Vincent and the Grenadines;Rural;2003;58202.0
Saint Vincent and the Grenadines;Urban;2003;50148.0
Saint Vincent and the Grenadines;Total;2004;108512.0
Saint Vincent and the Grenadines;Male;2004;54773.0
Saint Vincent and the Grenadines;Female;2004;53747.0
Saint Vincent and the Grenadines;Rural;2004;57910.0
Saint Vincent and the Grenadines;Urban;2004;50649.0
Saint Vincent and the Grenadines;Total;2005;108614.0
Saint Vincent and the Grenadines;Male;2005;54872.0
Saint Vincent and the Grenadines;Female;2005;53745.0
Saint Vincent and the Grenadines;Rural;2005;57599.0
Saint Vincent and the Grenadines;Urban;2005;51145.0
Saint Vincent and the Grenadines;Total;2006;108603.0
Saint Vincent and the Grenadines;Male;2006;54938.0
Saint Vincent and the Grenadines;Female;2006;53664.0
Saint Vincent and the Grenadines;Rural;2006;57272.0
Saint Vincent and the Grenadines;Urban;2006;51635.0
Saint Vincent and the Grenadines;Total;2007;108518.0
Saint Vincent and the Grenadines;Male;2007;54980.0
Saint Vincent and the Grenadines;Female;2007;53536.0
Saint Vincent and the Grenadines;Rural;2007;56929.0
Saint Vincent and the Grenadines;Urban;2007;52118.0
Saint Vincent and the Grenadines;Total;2008;108393.0
Saint Vincent and the Grenadines;Male;2008;55014.0
Saint Vincent and the Grenadines;Female;2008;53387.0
Saint Vincent and the Grenadines;Rural;2008;56569.0
Saint Vincent and the Grenadines;Urban;2008;52596.0
Saint Vincent and the Grenadines;Total;2009;108287.0
Saint Vincent and the Grenadines;Male;2009;55053.0
Saint Vincent and the Grenadines;Female;2009;53240.0
Saint Vincent and the Grenadines;Rural;2009;56190.0
Saint Vincent and the Grenadines;Urban;2009;53063.0
Saint Vincent and the Grenadines;Total;2010;108255.0
Saint Vincent and the Grenadines;Male;2010;55102.0
Saint Vincent and the Grenadines;Female;2010;53158.0
Saint Vincent and the Grenadines;Rural;2010;55793.0
Saint Vincent and the Grenadines;Urban;2010;53522.0
Saint Vincent and the Grenadines;Total;2011;108316.0
Saint Vincent and the Grenadines;Male;2011;55177.0
Saint Vincent and the Grenadines;Female;2011;53138.0
Saint Vincent and the Grenadines;Rural;2011;55375.0
Saint Vincent and the Grenadines;Urban;2011;53966.0
Saint Vincent and the Grenadines;Total;2012;108435.0
Saint Vincent and the Grenadines;Male;2012;55259.0
Saint Vincent and the Grenadines;Female;2012;53176.0
Saint Vincent and the Grenadines;Rural;2012;54933.0
Saint Vincent and the Grenadines;Urban;2012;54395.0
Saint Vincent and the Grenadines;Total;2013;108622.0
Saint Vincent and the Grenadines;Male;2013;55359.0
Saint Vincent and the Grenadines;Female;2013;53265.0
Saint Vincent and the Grenadines;Rural;2013;54491.0
Saint Vincent and the Grenadines;Urban;2013;54829.0
Saint Vincent and the Grenadines;Total;2014;108861.0
Saint Vincent and the Grenadines;Male;2014;55469.0
Saint Vincent and the Grenadines;Female;2014;53399.0
Saint Vincent and the Grenadines;Rural;2014;54068.0
Saint Vincent and the Grenadines;Urban;2014;55289.0
Saint Vincent and the Grenadines;Total;2015;109148.0
Saint Vincent and the Grenadines;Male;2015;55581.0
Saint Vincent and the Grenadines;Female;2015;53554.0
Saint Vincent and the Grenadines;Rural;2015;53672.0
Saint Vincent and the Grenadines;Urban;2015;55783.0
Saint Vincent and the Grenadines;Total;2016;109459.0
Saint Vincent and the Grenadines;Male;2016;55709.0
Saint Vincent and the Grenadines;Female;2016;53758.0
Saint Vincent and the Grenadines;Rural;2016;53316.0
Saint Vincent and the Grenadines;Urban;2016;56327.0
Saint Vincent and the Grenadines;Total;2017;109827.0
Saint Vincent and the Grenadines;Male;2017;55841.0
Saint Vincent and the Grenadines;Female;2017;53985.0
Saint Vincent and the Grenadines;Rural;2017;52988.0
Saint Vincent and the Grenadines;Urban;2017;56909.0
Saint Vincent and the Grenadines;Total;2018;110211.0
Saint Vincent and the Grenadines;Male;2018;55977.0
Saint Vincent and the Grenadines;Female;2018;54233.0
Saint Vincent and the Grenadines;Rural;2018;52678.0
Saint Vincent and the Grenadines;Urban;2018;57522.0
Saint-Martin (French part);Total;2011;37446.0
Saint-Martin (French part);Total;2012;37009.0
Saint-Martin (French part);Total;2013;36453.0
Saint-Martin (French part);Total;2014;36015.0
Saint-Martin (French part);Total;2015;35858.0
Saint-Martin (French part);Total;2016;36065.0
Saint-Martin (French part);Total;2017;36560.0
Saint-Martin (French part);Total;2018;37264.0
Samoa;Total;2000;174454.0
Samoa;Male;2000;90882.0
Samoa;Female;2000;83572.0
Samoa;Rural;2000;136236.0
Samoa;Urban;2000;38374.0
Samoa;Total;2001;175392.0
Samoa;Male;2001;91319.0
Samoa;Female;2001;84075.0
Samoa;Rural;2001;136822.0
Samoa;Urban;2001;38744.0
Samoa;Total;2002;176407.0
Samoa;Male;2002;91762.0
Samoa;Female;2002;84648.0
Samoa;Rural;2002;137838.0
Samoa;Urban;2002;38744.0
Samoa;Total;2003;177484.0
Samoa;Male;2003;92202.0
Samoa;Female;2003;85279.0
Samoa;Rural;2003;139113.0
Samoa;Urban;2003;38549.0
Samoa;Total;2004;178590.0
Samoa;Male;2004;92659.0
Samoa;Female;2004;85938.0
Samoa;Rural;2004;140420.0
Samoa;Urban;2004;38361.0
Samoa;Total;2005;179727.0
Samoa;Male;2005;93129.0
Samoa;Female;2005;86593.0
Samoa;Rural;2005;141752.0
Samoa;Urban;2005;38177.0
Samoa;Total;2006;180876.0
Samoa;Male;2006;93625.0
Samoa;Female;2006;87249.0
Samoa;Rural;2006;143099.0
Samoa;Urban;2006;37995.0
Samoa;Total;2007;182046.0
Samoa;Male;2007;94138.0
Samoa;Female;2007;87907.0
Samoa;Rural;2007;144461.0
Samoa;Urban;2007;37825.0
Samoa;Total;2008;183263.0
Samoa;Male;2008;94690.0
Samoa;Female;2008;88580.0
Samoa;Rural;2008;145859.0
Samoa;Urban;2008;37667.0
Samoa;Total;2009;184556.0
Samoa;Male;2009;95294.0
Samoa;Female;2009;89259.0
Samoa;Rural;2009;147306.0
Samoa;Urban;2009;37520.0
Samoa;Total;2010;185949.0
Samoa;Male;2010;95979.0
Samoa;Female;2010;89965.0
Samoa;Rural;2010;148819.0
Samoa;Urban;2010;37386.0
Samoa;Total;2011;187469.0
Samoa;Male;2011;96766.0
Samoa;Female;2011;90703.0
Samoa;Rural;2011;150399.0
Samoa;Urban;2011;37266.0
Samoa;Total;2012;189089.0
Samoa;Male;2012;97624.0
Samoa;Female;2012;91465.0
Samoa;Rural;2012;152067.0
Samoa;Urban;2012;37127.0
Samoa;Total;2013;190718.0
Samoa;Male;2013;98502.0
Samoa;Female;2013;92210.0
Samoa;Rural;2013;153778.0
Samoa;Urban;2013;36979.0
Samoa;Total;2014;192221.0
Samoa;Male;2014;99329.0
Samoa;Female;2014;92891.0
Samoa;Rural;2014;155469.0
Samoa;Urban;2014;36821.0
Samoa;Total;2015;193513.0
Samoa;Male;2015;100037.0
Samoa;Female;2015;93473.0
Samoa;Rural;2015;157111.0
Samoa;Urban;2015;36648.0
Samoa;Total;2016;194535.0
Samoa;Male;2016;100606.0
Samoa;Female;2016;93934.0
Samoa;Rural;2016;158673.0
Samoa;Urban;2016;36452.0
Samoa;Total;2017;195352.0
Samoa;Male;2017;101061.0
Samoa;Female;2017;94297.0
Samoa;Rural;2017;160194.0
Samoa;Urban;2017;36246.0
Samoa;Total;2018;196129.0
Samoa;Male;2018;101484.0
Samoa;Female;2018;94644.0
Samoa;Rural;2018;161629.0
Samoa;Urban;2018;36066.0
San Marino;Total;2000;27462.0
San Marino;Rural;2000;1799.0
San Marino;Urban;2000;25619.0
San Marino;Total;2001;27812.0
San Marino;Rural;2001;1735.0
San Marino;Urban;2001;26027.0
San Marino;Total;2002;28175.0
San Marino;Rural;2002;1708.0
San Marino;Urban;2002;26413.0
San Marino;Total;2003;28562.0
San Marino;Rural;2003;1717.0
San Marino;Urban;2003;26777.0
San Marino;Total;2004;28940.0
San Marino;Rural;2004;1687.0
San Marino;Urban;2004;27179.0
San Marino;Total;2005;29324.0
San Marino;Rural;2005;1622.0
San Marino;Urban;2005;27618.0
San Marino;Total;2006;29700.0
San Marino;Rural;2006;1559.0
San Marino;Urban;2006;28055.0
San Marino;Total;2007;30063.0
San Marino;Rural;2007;1497.0
San Marino;Urban;2007;28480.0
San Marino;Total;2008;30434.0
San Marino;Rural;2008;1437.0
San Marino;Urban;2008;28914.0
San Marino;Total;2009;30816.0
San Marino;Rural;2009;1380.0
San Marino;Urban;2009;29343.0
San Marino;Total;2010;31229.0
San Marino;Rural;2010;1325.0
San Marino;Urban;2010;29785.0
San Marino;Total;2011;31661.0
San Marino;Rural;2011;1272.0
San Marino;Urban;2011;30232.0
San Marino;Total;2012;32104.999999999996
San Marino;Rural;2012;1222.0
San Marino;Urban;2012;30692.0
San Marino;Total;2013;32552.999999999996
San Marino;Rural;2013;1173.0
San Marino;Urban;2013;31130.0
San Marino;Total;2014;32948.0
San Marino;Rural;2014;1124.0
San Marino;Urban;2014;31533.0
San Marino;Total;2015;33272.0
San Marino;Rural;2015;1075.0
San Marino;Urban;2015;31885.0
San Marino;Total;2016;33504.0
San Marino;Rural;2016;1026.0
San Marino;Urban;2016;32177.0
San Marino;Total;2017;33671.0
San Marino;Rural;2017;978.0
San Marino;Urban;2017;32421.999999999996
San Marino;Total;2018;33785.0
San Marino;Rural;2018;931.0
San Marino;Urban;2018;32625.999999999996
Sao Tome and Principe;Total;2000;142262.0
Sao Tome and Principe;Male;2000;70284.0
Sao Tome and Principe;Female;2000;71980.0
Sao Tome and Principe;Rural;2000;64557.0
Sao Tome and Principe;Urban;2000;74049.0
Sao Tome and Principe;Total;2001;144755.0
Sao Tome and Principe;Male;2001;71506.0
Sao Tome and Principe;Female;2001;73254.0
Sao Tome and Principe;Rural;2001;64613.0
Sao Tome and Principe;Urban;2001;77009.0
Sao Tome and Principe;Total;2002;147447.0
Sao Tome and Principe;Male;2002;72827.0
Sao Tome and Principe;Female;2002;74623.0
Sao Tome and Principe;Rural;2002;64397.00000000001
Sao Tome and Principe;Urban;2002;80492.0
Sao Tome and Principe;Total;2003;150415.0
Sao Tome and Principe;Male;2003;74303.0
Sao Tome and Principe;Female;2003;76102.0
Sao Tome and Principe;Rural;2003;64146.0
Sao Tome and Principe;Urban;2003;84226.0
Sao Tome and Principe;Total;2004;153737.0
Sao Tome and Principe;Male;2004;75996.0
Sao Tome and Principe;Female;2004;77740.0
Sao Tome and Principe;Rural;2004;63870.0
Sao Tome and Principe;Urban;2004;88099.0
Sao Tome and Principe;Total;2005;157472.0
Sao Tome and Principe;Male;2005;77938.0
Sao Tome and Principe;Female;2005;79534.0
Sao Tome and Principe;Rural;2005;63552.0
Sao Tome and Principe;Urban;2005;92078.0
Sao Tome and Principe;Total;2006;161681.0
Sao Tome and Principe;Male;2006;80164.0
Sao Tome and Principe;Female;2006;81512.0
Sao Tome and Principe;Rural;2006;63176.0
Sao Tome and Principe;Urban;2006;96152.0
Sao Tome and Principe;Total;2007;166300.0
Sao Tome and Principe;Male;2007;82643.0
Sao Tome and Principe;Female;2007;83654.0
Sao Tome and Principe;Rural;2007;62761.0
Sao Tome and Principe;Urban;2007;100340.0
Sao Tome and Principe;Total;2008;171120.0
Sao Tome and Principe;Male;2008;85244.0
Sao Tome and Principe;Female;2008;85878.0
Sao Tome and Principe;Rural;2008;62291.0
Sao Tome and Principe;Urban;2008;104622.0
Sao Tome and Principe;Total;2009;175876.0
Sao Tome and Principe;Male;2009;87787.0
Sao Tome and Principe;Female;2009;88090.0
Sao Tome and Principe;Rural;2009;61795.0
Sao Tome and Principe;Urban;2009;109018.0
Sao Tome and Principe;Total;2010;180371.0
Sao Tome and Principe;Male;2010;90157.0
Sao Tome and Principe;Female;2010;90215.0
Sao Tome and Principe;Rural;2010;61256.0
Sao Tome and Principe;Urban;2010;113520.0
Sao Tome and Principe;Total;2011;184524.0
Sao Tome and Principe;Male;2011;92309.0
Sao Tome and Principe;Female;2011;92212.0
Sao Tome and Principe;Rural;2011;60678.0
Sao Tome and Principe;Urban;2011;118122.0
Sao Tome and Principe;Total;2012;188404.0
Sao Tome and Principe;Male;2012;94271.0
Sao Tome and Principe;Female;2012;94123.0
Sao Tome and Principe;Rural;2012;60061.0
Sao Tome and Principe;Urban;2012;122828.0
Sao Tome and Principe;Total;2013;192087.0
Sao Tome and Principe;Male;2013;96111.0
Sao Tome and Principe;Female;2013;95965.0
Sao Tome and Principe;Rural;2013;59465.0
Sao Tome and Principe;Urban;2013;127580.0
Sao Tome and Principe;Total;2014;195727.0
Sao Tome and Principe;Male;2014;97920.0
Sao Tome and Principe;Female;2014;97807.0
Sao Tome and Principe;Rural;2014;58885.0
Sao Tome and Principe;Urban;2014;132381.0
Sao Tome and Principe;Total;2015;199432.0
Sao Tome and Principe;Male;2015;99772.0
Sao Tome and Principe;Female;2015;99667.0
Sao Tome and Principe;Rural;2015;58325.0
Sao Tome and Principe;Urban;2015;137228.0
Sao Tome and Principe;Total;2016;203227.0
Sao Tome and Principe;Male;2016;101666.0
Sao Tome and Principe;Female;2016;101555.0
Sao Tome and Principe;Rural;2016;57790.0
Sao Tome and Principe;Urban;2016;142120.0
Sao Tome and Principe;Total;2017;207089.0
Sao Tome and Principe;Male;2017;103610.0
Sao Tome and Principe;Female;2017;103476.0
Sao Tome and Principe;Rural;2017;57276.0
Sao Tome and Principe;Urban;2017;147051.0
Sao Tome and Principe;Total;2018;211028.0
Sao Tome and Principe;Male;2018;105593.0
Sao Tome and Principe;Female;2018;105439.0
Sao Tome and Principe;Rural;2018;56792.0
Sao Tome and Principe;Urban;2018;152026.0
Saudi Arabia;Total;2000;20663843.0
Saudi Arabia;Male;2000;11248492.0
Saudi Arabia;Female;2000;9415348.0
Saudi Arabia;Rural;2000;4184486.0
Saudi Arabia;Urban;2000;16579826.0
Saudi Arabia;Total;2001;21202642.0
Saudi Arabia;Male;2001;11568767.0
Saudi Arabia;Female;2001;9633879.0
Saudi Arabia;Rural;2001;4244343.0
Saudi Arabia;Urban;2001;17059249.0
Saudi Arabia;Total;2002;21805313.0
Saudi Arabia;Male;2002;11952630.0
Saudi Arabia;Female;2002;9852692.0
Saudi Arabia;Rural;2002;4314583.0
Saudi Arabia;Urban;2002;17591725.0
Saudi Arabia;Total;2003;22456649.0
Saudi Arabia;Male;2003;12380768.0
Saudi Arabia;Female;2003;10075877.0
Saudi Arabia;Rural;2003;4391752.0
Saudi Arabia;Urban;2003;18164673.0
Saudi Arabia;Total;2004;23132682.0
Saudi Arabia;Male;2004;12823919.0
Saudi Arabia;Female;2004;10308767.0
Saudi Arabia;Rural;2004;4470674.0
Saudi Arabia;Urban;2004;18758216.0
Saudi Arabia;Total;2005;23816183.0
Saudi Arabia;Male;2005;13260921.0
Saudi Arabia;Female;2005;10555254.0
Saudi Arabia;Rural;2005;4546990.0
Saudi Arabia;Urban;2005;19358664.0
Saudi Arabia;Total;2006;24498310.0
Saudi Arabia;Male;2006;13683609.0
Saudi Arabia;Female;2006;10814704.0
Saudi Arabia;Rural;2006;4619627.0
Saudi Arabia;Urban;2006;19958674.0
Saudi Arabia;Total;2007;25184597.0
Saudi Arabia;Male;2007;14098635.0
Saudi Arabia;Female;2007;11085954.0
Saudi Arabia;Rural;2007;4690056.0
Saudi Arabia;Urban;2007;20562513.0
Saudi Arabia;Total;2008;25888541.0
Saudi Arabia;Male;2008;14517099.0
Saudi Arabia;Female;2008;11371436.0
Saudi Arabia;Rural;2008;4760487.0
Saudi Arabia;Urban;2008;21180283.0
Saudi Arabia;Total;2009;26630303.0
Saudi Arabia;Male;2009;14956362.0
Saudi Arabia;Female;2009;11673941.0
Saudi Arabia;Rural;2009;4834475.0
Saudi Arabia;Urban;2009;21827017.0
Saudi Arabia;Total;2010;27421461.0
Saudi Arabia;Male;2010;15427491.0
Saudi Arabia;Female;2010;11993977.0
Saudi Arabia;Rural;2010;4913575.0
Saudi Arabia;Urban;2010;22512101.0
Saudi Arabia;Total;2011;28267589.0
Saudi Arabia;Male;2011;15932439.0
Saudi Arabia;Female;2011;12335152.0
Saudi Arabia;Rural;2011;4997624.0
Saudi Arabia;Urban;2011;23240396.0
Saudi Arabia;Total;2012;29154900.0
Saudi Arabia;Male;2012;16461890.0
Saudi Arabia;Female;2012;12693016.0
Saudi Arabia;Rural;2012;5084189.0
Saudi Arabia;Urban;2012;24002168.0
Saudi Arabia;Total;2013;30052059.0
Saudi Arabia;Male;2013;17001886.0
Saudi Arabia;Female;2013;13050172.0
Saudi Arabia;Rural;2013;5168517.0
Saudi Arabia;Urban;2013;24775959.0
Saudi Arabia;Total;2014;30916597.0
Saudi Arabia;Male;2014;17533215.0
Saudi Arabia;Female;2014;13383388.0
Saudi Arabia;Rural;2014;5244480.0
Saudi Arabia;Urban;2014;25532242.0
Saudi Arabia;Total;2015;31717667.0
Saudi Arabia;Male;2015;18040933.0
Saudi Arabia;Female;2015;13676743.0
Saudi Arabia;Rural;2015;5307901.0
Saudi Arabia;Urban;2015;26249243.0
Saudi Arabia;Total;2016;32443447.0
Saudi Arabia;Male;2016;18521330.0
Saudi Arabia;Female;2016;13922113.0
Saudi Arabia;Rural;2016;5357473.0
Saudi Arabia;Urban;2016;26918214.0
Saudi Arabia;Total;2017;33101178.999999996
Saudi Arabia;Male;2017;18975120.0
Saudi Arabia;Female;2017;14126063.0
Saudi Arabia;Rural;2017;5394590.0
Saudi Arabia;Urban;2017;27543623.0
Saudi Arabia;Total;2018;33702756.0
Saudi Arabia;Male;2018;19397336.0
Saudi Arabia;Female;2018;14305421.0
Saudi Arabia;Rural;2018;5421205.0
Saudi Arabia;Urban;2018;28133138.0
Senegal;Total;2000;9797734.0
Senegal;Male;2000;4813466.0
Senegal;Female;2000;4984265.0
Senegal;Rural;2000;5898768.0
Senegal;Urban;2000;3985284.0
Senegal;Total;2001;10036104.0
Senegal;Male;2001;4923155.0
Senegal;Female;2001;5112947.0
Senegal;Rural;2001;6033724.0
Senegal;Urban;2001;4100773.0
Senegal;Total;2002;10283699.0
Senegal;Male;2002;5038253.0
Senegal;Female;2002;5245441.0
Senegal;Rural;2002;6175004.0
Senegal;Urban;2002;4221857.0
Senegal;Total;2003;10541467.0
Senegal;Male;2003;5159025.0
Senegal;Female;2003;5382445.0
Senegal;Rural;2003;6306742.0
Senegal;Urban;2003;4364248.0
Senegal;Total;2004;10810083.0
Senegal;Male;2004;5285420.0
Senegal;Female;2004;5524666.0
Senegal;Rural;2004;6430464.0
Senegal;Urban;2004;4525480.0
Senegal;Total;2005;11090116.0
Senegal;Male;2005;5417453.0
Senegal;Female;2005;5672670.0
Senegal;Rural;2005;6557896.0
Senegal;Urban;2005;4693370.0
Senegal;Total;2006;11382268.0
Senegal;Male;2006;5555513.0
Senegal;Female;2006;5826759.0
Senegal;Rural;2006;6688611.0
Senegal;Urban;2006;4868152.0
Senegal;Total;2007;11687080.0
Senegal;Male;2007;5700038.0
Senegal;Female;2007;5987040.0
Senegal;Rural;2007;6823185.0
Senegal;Urban;2007;5050372.0
Senegal;Total;2008;12004701.0
Senegal;Male;2008;5851066.0
Senegal;Female;2008;6153634.0
Senegal;Rural;2008;6962724.0
Senegal;Urban;2008;5241233.0
Senegal;Total;2009;12335084.0
Senegal;Male;2009;6008509.0
Senegal;Female;2009;6326583.0
Senegal;Rural;2009;7108938.0
Senegal;Urban;2009;5441979.0
Senegal;Total;2010;12678148.0
Senegal;Male;2010;6172314.0
Senegal;Female;2010;6505829.0
Senegal;Rural;2010;7262417.0
Senegal;Urban;2010;5653812.0
Senegal;Total;2011;13033809.0
Senegal;Male;2011;6342360.0
Senegal;Female;2011;6691454.0
Senegal;Rural;2011;7423569.0
Senegal;Urban;2011;5877341.0
Senegal;Total;2012;13401992.0
Senegal;Male;2012;6518704.0
Senegal;Female;2012;6883286.0
Senegal;Rural;2012;7591270.0
Senegal;Urban;2012;6112243.0
Senegal;Total;2013;13782424.0
Senegal;Male;2013;6701738.0
Senegal;Female;2013;7080691.0
Senegal;Rural;2013;7763486.0
Senegal;Urban;2013;6356834.0
Senegal;Total;2014;14174739.0
Senegal;Male;2014;6891927.0
Senegal;Female;2014;7282813.0
Senegal;Rural;2014;7936955.0
Senegal;Urban;2014;6609156.0
Senegal;Total;2015;14578459.0
Senegal;Male;2015;7089488.0
Senegal;Female;2015;7488962.0
Senegal;Rural;2015;8108284.0
Senegal;Urban;2015;6868710.0
Senegal;Total;2016;14993519.0
Senegal;Male;2016;7294613.0
Senegal;Female;2016;7698901.0
Senegal;Rural;2016;8276576.999999999
Senegal;Urban;2016;7135037.0
Senegal;Total;2017;15419355.0
Senegal;Male;2017;7506779.0
Senegal;Female;2017;7912575.0
Senegal;Rural;2017;8442004.0
Senegal;Urban;2017;7408563.0
Senegal;Total;2018;15854323.0
Senegal;Male;2018;7724650.0
Senegal;Female;2018;8129674.0
Senegal;Rural;2018;8604629.0
Senegal;Urban;2018;7689641.0
Serbia;Total;2006;9145914.0
Serbia;Male;2006;4477650.0
Serbia;Female;2006;4668263.0
Serbia;Rural;2006;4210060.0
Serbia;Urban;2006;4963229.0
Serbia;Total;2007;9101185.0
Serbia;Male;2007;4456581.0
Serbia;Female;2007;4644608.0
Serbia;Rural;2007;4172279.9999999995
Serbia;Urban;2007;4962934.0
Serbia;Total;2008;9060103.0
Serbia;Male;2008;4437765.0
Serbia;Female;2008;4622340.0
Serbia;Rural;2008;4135754.0
Serbia;Urban;2008;4963798.0
Serbia;Total;2009;9023357.0
Serbia;Male;2009;4421118.0
Serbia;Female;2009;4602236.0
Serbia;Rural;2009;4099850.0000000005
Serbia;Urban;2009;4964906.0
Serbia;Total;2010;8991254.0
Serbia;Male;2010;4406469.0
Serbia;Female;2010;4584789.0
Serbia;Rural;2010;4063980.0
Serbia;Urban;2010;4965736.0
Serbia;Total;2011;8963769.0
Serbia;Male;2011;4393691.0
Serbia;Female;2011;4570070.0
Serbia;Rural;2011;4027867.0
Serbia;Urban;2011;4965879.0
Serbia;Total;2012;8940113.0
Serbia;Male;2012;4382464.0
Serbia;Female;2012;4557652.0
Serbia;Rural;2012;3998797.0
Serbia;Urban;2012;4958187.0
Serbia;Total;2013;8918904.0
Serbia;Male;2013;4372121.0
Serbia;Female;2013;4546771.0
Serbia;Rural;2013;3972253.0
Serbia;Urban;2013;4947962.0
Serbia;Total;2014;8898289.0
Serbia;Male;2014;4361881.0
Serbia;Female;2014;4536403.0
Serbia;Rural;2014;3946346.0
Serbia;Urban;2014;4938366.0
Serbia;Total;2015;8876777.0
Serbia;Male;2015;4351072.0
Serbia;Female;2015;4525705.0
Serbia;Rural;2015;3921443.0
Serbia;Urban;2015;4929837.0
Serbia;Total;2016;8853963.0
Serbia;Male;2016;4339481.0
Serbia;Female;2016;4514482.0
Serbia;Rural;2016;3897595.0
Serbia;Urban;2016;4922488.0
Serbia;Total;2017;8829628.0
Serbia;Male;2017;4326985.0
Serbia;Female;2017;4502638.0
Serbia;Rural;2017;3872979.0
Serbia;Urban;2017;4917595.0
Serbia;Total;2018;8802754.0
Serbia;Male;2018;4313121.0
Serbia;Female;2018;4489620.0
Serbia;Rural;2018;3847250.0
Serbia;Urban;2018;4914777.0
Serbia and Montenegro;Total;2000;10101175.0
Serbia and Montenegro;Male;2000;4959430.0
Serbia and Montenegro;Female;2000;5141740.0
Serbia and Montenegro;Rural;2000;4735476.0
Serbia and Montenegro;Urban;2000;5365699.0
Serbia and Montenegro;Total;2001;10023939.0
Serbia and Montenegro;Male;2001;4917833.0
Serbia and Montenegro;Female;2001;5106106.0
Serbia and Montenegro;Rural;2001;4673072.0
Serbia and Montenegro;Urban;2001;5353521.0
Serbia and Montenegro;Total;2002;9959836.0
Serbia and Montenegro;Male;2002;4883148.0
Serbia and Montenegro;Female;2002;5076687.0
Serbia and Montenegro;Rural;2002;4617570.0
Serbia and Montenegro;Urban;2002;5348517.0
Serbia and Montenegro;Total;2003;9906313.0
Serbia and Montenegro;Male;2003;4854293.0
Serbia and Montenegro;Female;2003;5052020.0
Serbia and Montenegro;Rural;2003;4567662.0
Serbia and Montenegro;Urban;2003;5349304.0
Serbia and Montenegro;Total;2004;9857775.0
Serbia and Montenegro;Male;2004;4828697.0
Serbia and Montenegro;Female;2004;5029083.0
Serbia and Montenegro;Rural;2004;4523245.0
Serbia and Montenegro;Urban;2004;5350243.0
Serbia and Montenegro;Total;2005;9810216.0
Serbia and Montenegro;Male;2005;4804480.0
Serbia and Montenegro;Female;2005;5005726.0
Serbia and Montenegro;Rural;2005;4481055.0
Serbia and Montenegro;Urban;2005;5350319.0
Seychelles;Total;2000;80996.0
Seychelles;Male;2000;40358.0
Seychelles;Female;2000;40640.0
Seychelles;Rural;2000;40224.0
Seychelles;Urban;2000;40927.0
Seychelles;Total;2001;82414.0
Seychelles;Male;2001;41024.0
Seychelles;Female;2001;41389.0
Seychelles;Rural;2001;40750.0
Seychelles;Urban;2001;41817.0
Seychelles;Total;2002;84077.0
Seychelles;Male;2002;41818.0
Seychelles;Female;2002;42259.0
Seychelles;Rural;2002;41364.0
Seychelles;Urban;2002;42839.0
Seychelles;Total;2003;85810.0
Seychelles;Male;2003;42680.0
Seychelles;Female;2003;43127.0
Seychelles;Rural;2003;41990.0
Seychelles;Urban;2003;43920.0
Seychelles;Total;2004;87393.0
Seychelles;Male;2004;43529.0
Seychelles;Female;2004;43859.0
Seychelles;Rural;2004;42528.0
Seychelles;Urban;2004;44956.0
Seychelles;Total;2005;88648.0
Seychelles;Male;2005;44299.0
Seychelles;Female;2005;44353.0
Seychelles;Rural;2005;42890.0
Seychelles;Urban;2005;45854.0
Seychelles;Total;2006;89526.0
Seychelles;Male;2006;44987.0
Seychelles;Female;2006;44541.0
Seychelles;Rural;2006;43064.0
Seychelles;Urban;2006;46595.0
Seychelles;Total;2007;90088.0
Seychelles;Male;2007;45587.0
Seychelles;Female;2007;44495.0
Seychelles;Rural;2007;43077.0
Seychelles;Urban;2007;47204.0
Seychelles;Total;2008;90449.0
Seychelles;Male;2008;46135.0
Seychelles;Female;2008;44315.0
Seychelles;Rural;2008;42968.0
Seychelles;Urban;2008;47718.0
Seychelles;Total;2009;90802.0
Seychelles;Male;2009;46628.0
Seychelles;Female;2009;44160.0
Seychelles;Rural;2009;42814.0
Seychelles;Urban;2009;48220.0
Seychelles;Total;2010;91264.0
Seychelles;Male;2010;47092.0
Seychelles;Female;2010;44181.0
Seychelles;Rural;2010;42653.0
Seychelles;Urban;2010;48752.0
Seychelles;Total;2011;91883.0
Seychelles;Male;2011;47506.0
Seychelles;Female;2011;44376.0
Seychelles;Rural;2011;42501.0
Seychelles;Urban;2011;49333.0
Seychelles;Total;2012;92603.0
Seychelles;Male;2012;47879.0
Seychelles;Female;2012;44729.0
Seychelles;Rural;2012;42340.0
Seychelles;Urban;2012;49945.0
Seychelles;Total;2013;93395.0
Seychelles;Male;2013;48220.0
Seychelles;Female;2013;45177.0
Seychelles;Rural;2013;42174.0
Seychelles;Urban;2013;50591.0
Seychelles;Total;2014;94215.0
Seychelles;Male;2014;48553.0
Seychelles;Female;2014;45661.0
Seychelles;Rural;2014;41993.0
Seychelles;Urban;2014;51261.0
Seychelles;Total;2015;94978.0
Seychelles;Male;2015;48877.0
Seychelles;Female;2015;46104.0
Seychelles;Rural;2015;41809.0
Seychelles;Urban;2015;51933.0
Seychelles;Total;2016;95710.0
Seychelles;Male;2016;49205.0
Seychelles;Female;2016;46506.0
Seychelles;Rural;2016;41619.0
Seychelles;Urban;2016;52609.0
Seychelles;Total;2017;96418.0
Seychelles;Male;2017;49535.0
Seychelles;Female;2017;46883.0
Seychelles;Rural;2017;41437.0
Seychelles;Urban;2017;53300.0
Seychelles;Total;2018;97096.0
Seychelles;Male;2018;49853.0
Seychelles;Female;2018;47241.0
Seychelles;Rural;2018;41246.0
Seychelles;Urban;2018;53989.0
Sierra Leone;Total;2000;4584571.0
Sierra Leone;Male;2000;2273784.0
Sierra Leone;Female;2000;2310786.0
Sierra Leone;Rural;2000;2938242.0
Sierra Leone;Urban;2000;1626055.0
Sierra Leone;Total;2001;4754072.0
Sierra Leone;Male;2001;2358786.0
Sierra Leone;Female;2001;2395283.0
Sierra Leone;Rural;2001;3039370.0
Sierra Leone;Urban;2001;1699777.0
Sierra Leone;Total;2002;4965766.0
Sierra Leone;Male;2002;2464752.0
Sierra Leone;Female;2002;2501018.0
Sierra Leone;Rural;2002;3167216.0
Sierra Leone;Urban;2002;1790000.0
Sierra Leone;Total;2003;5201070.0
Sierra Leone;Male;2003;2582461.0
Sierra Leone;Female;2003;2618613.0
Sierra Leone;Rural;2003;3309412.0
Sierra Leone;Urban;2003;1890137.0
Sierra Leone;Total;2004;5433991.0
Sierra Leone;Male;2004;2699010.0
Sierra Leone;Female;2004;2734985.0
Sierra Leone;Rural;2004;3448988.0
Sierra Leone;Urban;2004;1990707.0
Sierra Leone;Total;2005;5645624.0
Sierra Leone;Male;2005;2805033.0
Sierra Leone;Female;2005;2840596.0
Sierra Leone;Rural;2005;3569351.0
Sierra Leone;Urban;2005;2089027.9999999998
Sierra Leone;Total;2006;5829237.0
Sierra Leone;Male;2006;2897187.0
Sierra Leone;Female;2006;2932053.0
Sierra Leone;Rural;2006;3666929.0
Sierra Leone;Urban;2006;2181763.0
Sierra Leone;Total;2007;5989633.0
Sierra Leone;Male;2007;2977859.0
Sierra Leone;Female;2007;3011782.0
Sierra Leone;Rural;2007;3748249.0
Sierra Leone;Urban;2007;2267168.0
Sierra Leone;Total;2008;6133603.0
Sierra Leone;Male;2008;3050404.0
Sierra Leone;Female;2008;3083195.0
Sierra Leone;Rural;2008;3817768.0
Sierra Leone;Urban;2008;2347604.0
Sierra Leone;Total;2009;6272734.0
Sierra Leone;Male;2009;3120566.0
Sierra Leone;Female;2009;3152169.0
Sierra Leone;Rural;2009;3882977.0
Sierra Leone;Urban;2009;2427283.0
Sierra Leone;Total;2010;6415634.0
Sierra Leone;Male;2010;3192605.0
Sierra Leone;Female;2010;3223031.0
Sierra Leone;Rural;2010;3949115.0
Sierra Leone;Urban;2010;2509605.0
Sierra Leone;Total;2011;6563240.0
Sierra Leone;Male;2011;3266960.0
Sierra Leone;Female;2011;3296278.0
Sierra Leone;Rural;2011;4016739.0
Sierra Leone;Urban;2011;2594953.0
Sierra Leone;Total;2012;6712584.0
Sierra Leone;Male;2012;3342193.0
Sierra Leone;Female;2012;3370393.0
Sierra Leone;Rural;2012;4083903.0
Sierra Leone;Urban;2012;2682200.0
Sierra Leone;Total;2013;6863981.0
Sierra Leone;Male;2013;3418471.0
Sierra Leone;Female;2013;3445504.0
Sierra Leone;Rural;2013;4150770.9999999995
Sierra Leone;Urban;2013;2771308.0
Sierra Leone;Total;2014;7017148.0
Sierra Leone;Male;2014;3495714.0
Sierra Leone;Female;2014;3521439.0
Sierra Leone;Rural;2014;4216939.0
Sierra Leone;Urban;2014;2862223.0
Sierra Leone;Total;2015;7171914.0
Sierra Leone;Male;2015;3573849.0
Sierra Leone;Female;2015;3598060.0
Sierra Leone;Rural;2015;4282234.0
Sierra Leone;Urban;2015;2954791.0
Sierra Leone;Total;2016;7328834.0
Sierra Leone;Male;2016;3653177.0
Sierra Leone;Female;2016;3675669.0
Sierra Leone;Rural;2016;4346912.0
Sierra Leone;Urban;2016;3049278.0
Sierra Leone;Total;2017;7488423.0
Sierra Leone;Male;2017;3733925.0
Sierra Leone;Female;2017;3754502.0
Sierra Leone;Rural;2017;4410710.0
Sierra Leone;Urban;2017;3146502.0
Sierra Leone;Total;2018;7650150.0
Sierra Leone;Male;2018;3815797.0
Sierra Leone;Female;2018;3834352.0
Sierra Leone;Rural;2018;4473227.0
Sierra Leone;Urban;2018;3246502.0
Singapore;Total;2000;4028871.0
Singapore;Male;2000;2066176.0
Singapore;Female;2000;1962696.0
Singapore;Rural;2000;0.0
Singapore;Urban;2000;3913960.0
Singapore;Total;2001;4077145.0
Singapore;Male;2001;2085196.0
Singapore;Female;2001;1991954.0
Singapore;Rural;2001;0.0
Singapore;Urban;2001;4018779.0
Singapore;Total;2002;4104419.0
Singapore;Male;2002;2089568.0000000002
Singapore;Female;2002;2014839.0
Singapore;Rural;2002;0.0
Singapore;Urban;2002;4131207.9999999995
Singapore;Total;2003;4129225.0000000005
Singapore;Male;2003;2092060.0
Singapore;Female;2003;2037167.0
Singapore;Rural;2003;0.0
Singapore;Urban;2003;4249295.0
Singapore;Total;2004;4177212.9999999995
Singapore;Male;2004;2110244.0
Singapore;Female;2004;2066958.0
Singapore;Rural;2004;0.0
Singapore;Urban;2004;4370040.0
Singapore;Total;2005;4265687.0
Singapore;Male;2005;2156060.0
Singapore;Female;2005;2109633.0
Singapore;Rural;2005;0.0
Singapore;Urban;2005;4491042.0
Singapore;Total;2006;4402331.0
Singapore;Male;2006;2234783.0
Singapore;Female;2006;2167541.0
Singapore;Rural;2006;0.0
Singapore;Urban;2006;4611901.0
Singapore;Total;2007;4578630.0
Singapore;Male;2007;2340629.0
Singapore;Female;2007;2238000.0
Singapore;Rural;2007;0.0
Singapore;Urban;2007;4732528.0
Singapore;Total;2008;4775804.0
Singapore;Male;2008;2460828.0
Singapore;Female;2008;2314982.0
Singapore;Rural;2008;0.0
Singapore;Urban;2008;4851109.0
Singapore;Total;2009;4966614.0
Singapore;Male;2009;2576836.0
Singapore;Female;2009;2389778.0
Singapore;Rural;2009;0.0
Singapore;Urban;2009;4965518.0
Singapore;Total;2010;5131172.0
Singapore;Male;2010;2675141.0
Singapore;Female;2010;2456029.0
Singapore;Rural;2010;0.0
Singapore;Urban;2010;5074252.0
Singapore;Total;2011;5263636.0
Singapore;Male;2011;2751747.0
Singapore;Female;2011;2511893.0
Singapore;Rural;2011;0.0
Singapore;Urban;2011;5176017.0
Singapore;Total;2012;5369476.0
Singapore;Male;2012;2810447.0
Singapore;Female;2012;2559022.0
Singapore;Rural;2012;0.0
Singapore;Urban;2012;5270958.0
Singapore;Total;2013;5453737.0
Singapore;Male;2013;2854988.0
Singapore;Female;2013;2598744.0
Singapore;Rural;2013;0.0
Singapore;Urban;2013;5360837.0
Singapore;Total;2014;5525626.0
Singapore;Male;2014;2891999.0
Singapore;Female;2014;2633629.0
Singapore;Rural;2014;0.0
Singapore;Urban;2014;5448342.0
Singapore;Total;2015;5592152.0
Singapore;Male;2015;2926484.0
Singapore;Female;2015;2665659.0
Singapore;Rural;2015;0.0
Singapore;Urban;2015;5535262.0
Singapore;Total;2016;5653634.0
Singapore;Male;2016;2958818.0
Singapore;Female;2016;2694807.0
Singapore;Rural;2016;0.0
Singapore;Urban;2016;5622455.0
Singapore;Total;2017;5708041.0
Singapore;Male;2017;2987482.0
Singapore;Female;2017;2720560.0
Singapore;Rural;2017;0.0
Singapore;Urban;2017;5708844.0
Singapore;Total;2018;5757499.0
Singapore;Male;2018;3013585.0
Singapore;Female;2018;2743918.0
Singapore;Rural;2018;0.0
Singapore;Urban;2018;5791901.0
Sint Maarten  (Dutch part);Total;2011;35058.0
Sint Maarten  (Dutch part);Rural;2011;0.0
Sint Maarten  (Dutch part);Urban;2011;33976.0
Sint Maarten  (Dutch part);Total;2012;36241.0
Sint Maarten  (Dutch part);Rural;2012;0.0
Sint Maarten  (Dutch part);Urban;2012;35133.0
Sint Maarten  (Dutch part);Total;2013;37583.0
Sint Maarten  (Dutch part);Rural;2013;0.0
Sint Maarten  (Dutch part);Urban;2013;36439.0
Sint Maarten  (Dutch part);Total;2014;38876.0
Sint Maarten  (Dutch part);Rural;2014;0.0
Sint Maarten  (Dutch part);Urban;2014;37697.0
Sint Maarten  (Dutch part);Total;2015;39968.0
Sint Maarten  (Dutch part);Rural;2015;0.0
Sint Maarten  (Dutch part);Urban;2015;38750.0
Sint Maarten  (Dutch part);Total;2016;40808.0
Sint Maarten  (Dutch part);Rural;2016;0.0
Sint Maarten  (Dutch part);Urban;2016;39537.0
Sint Maarten  (Dutch part);Total;2017;41444.0
Sint Maarten  (Dutch part);Rural;2017;0.0
Sint Maarten  (Dutch part);Urban;2017;40120.0
Sint Maarten  (Dutch part);Total;2018;41940.0
Sint Maarten  (Dutch part);Rural;2018;0.0
Sint Maarten  (Dutch part);Urban;2018;40552.0
Slovakia;Total;2000;5399211.0
Slovakia;Male;2000;2621672.0
Slovakia;Female;2000;2777535.0
Slovakia;Rural;2000;2363059.0
Slovakia;Urban;2000;3036152.0
Slovakia;Total;2001;5399992.0
Slovakia;Male;2001;2621029.0
Slovakia;Female;2001;2778966.0
Slovakia;Rural;2001;2367176.0
Slovakia;Urban;2001;3032830.0
Slovakia;Total;2002;5400122.0
Slovakia;Male;2002;2620098.0
Slovakia;Female;2002;2780026.0
Slovakia;Rural;2002;2375345.0
Slovakia;Urban;2002;3024809.0
Slovakia;Total;2003;5399834.0
Slovakia;Male;2003;2619066.0
Slovakia;Female;2003;2780778.0
Slovakia;Rural;2003;2383336.0
Slovakia;Urban;2003;3016550.0
Slovakia;Total;2004;5399380.0
Slovakia;Male;2004;2618127.0
Slovakia;Female;2004;2781247.0
Slovakia;Rural;2004;2391255.0
Slovakia;Urban;2004;3008164.0
Slovakia;Total;2005;5398963.0
Slovakia;Male;2005;2617477.0
Slovakia;Female;2005;2781485.0
Slovakia;Rural;2005;2399162.0
Slovakia;Urban;2005;2999801.0
Slovakia;Total;2006;5398673.0
Slovakia;Male;2006;2617154.0
Slovakia;Female;2006;2781520.0
Slovakia;Rural;2006;2407098.0
Slovakia;Urban;2006;2991443.0
Slovakia;Total;2007;5398692.0
Slovakia;Male;2007;2617239.0
Slovakia;Female;2007;2781454.0
Slovakia;Rural;2007;2415132.0
Slovakia;Urban;2007;2983194.0
Slovakia;Total;2008;5399371.0
Slovakia;Male;2008;2617861.0
Slovakia;Female;2008;2781501.0
Slovakia;Rural;2008;2423516.0
Slovakia;Urban;2008;2975340.0
Slovakia;Total;2009;5401153.0
Slovakia;Male;2009;2619196.0
Slovakia;Female;2009;2781953.0
Slovakia;Rural;2009;2432484.0
Slovakia;Urban;2009;2968235.0
Slovakia;Total;2010;5404294.0
Slovakia;Male;2010;2621333.0
Slovakia;Female;2010;2782960.0
Slovakia;Rural;2010;2448958.0
Slovakia;Urban;2010;2955336.0
Slovakia;Total;2011;5408937.0
Slovakia;Male;2011;2624311.0
Slovakia;Female;2011;2784621.0
Slovakia;Rural;2011;2465827.0
Slovakia;Urban;2011;2944020.0
Slovakia;Total;2012;5414889.0
Slovakia;Male;2012;2628034.0
Slovakia;Female;2012;2786860.0
Slovakia;Rural;2012;2476704.0
Slovakia;Urban;2012;2940366.0
Slovakia;Total;2013;5421725.0
Slovakia;Male;2013;2632278.0
Slovakia;Female;2013;2789443.0
Slovakia;Rural;2013;2487967.0
Slovakia;Urban;2013;2937163.0
Slovakia;Total;2014;5428803.0
Slovakia;Male;2014;2636760.0
Slovakia;Female;2014;2792038.0
Slovakia;Rural;2014;2499107.0
Slovakia;Urban;2014;2933734.0
Slovakia;Total;2015;5435611.0
Slovakia;Male;2015;2641214.0
Slovakia;Female;2015;2794400.0
Slovakia;Rural;2015;2508148.0
Slovakia;Urban;2015;2931170.0
Slovakia;Total;2016;5442003.0
Slovakia;Male;2016;2645577.0
Slovakia;Female;2016;2796424.0
Slovakia;Rural;2016;2514920.0
Slovakia;Urban;2016;2929298.0
Slovakia;Total;2017;5447900.0
Slovakia;Male;2017;2649774.0
Slovakia;Female;2017;2798129.0
Slovakia;Rural;2017;2519468.0
Slovakia;Urban;2017;2928194.0
Slovakia;Total;2018;5453014.0
Slovakia;Male;2018;2653529.0
Slovakia;Female;2018;2799488.0
Slovakia;Rural;2018;2521863.0
Slovakia;Urban;2018;2927953.0
Slovenia;Total;2000;1987717.0
Slovenia;Male;2000;972004.0
Slovenia;Female;2000;1015706.0
Slovenia;Rural;2000;979257.0
Slovenia;Urban;2000;1009242.0
Slovenia;Total;2001;1987461.0
Slovenia;Male;2001;972099.0
Slovenia;Female;2001;1015358.0
Slovenia;Rural;2001;978660.0
Slovenia;Urban;2001;1009689.0
Slovenia;Total;2002;1987267.0
Slovenia;Male;2002;971604.0
Slovenia;Female;2002;1015661.0
Slovenia;Rural;2002;977096.0
Slovenia;Urban;2002;1011168.0
Slovenia;Total;2003;1987862.0
Slovenia;Male;2003;971306.0
Slovenia;Female;2003;1016549.0
Slovenia;Rural;2003;972957.0
Slovenia;Urban;2003;1016008.0
Slovenia;Total;2004;1990222.0
Slovenia;Male;2004;972358.0
Slovenia;Female;2004;1017868.0
Slovenia;Rural;2004;969669.0
Slovenia;Urban;2004;1021761.0
Slovenia;Total;2005;1994976.0
Slovenia;Male;2005;975494.0
Slovenia;Female;2005;1019485.0
Slovenia;Rural;2005;967539.0
Slovenia;Urban;2005;1028742.0
Slovenia;Total;2006;2002430.0
Slovenia;Male;2006;981059.0
Slovenia;Female;2006;1021368.0
Slovenia;Rural;2006;966665.0
Slovenia;Urban;2006;1037126.0
Slovenia;Total;2007;2012118.0
Slovenia;Male;2007;988605.0
Slovenia;Female;2007;1023523.0
Slovenia;Rural;2007;966833.0
Slovenia;Urban;2007;1046705.9999999999
Slovenia;Total;2008;2023052.0
Slovenia;Male;2008;997189.0
Slovenia;Female;2008;1025859.9999999999
Slovenia;Rural;2008;967551.0
Slovenia;Urban;2008;1056987.0
Slovenia;Total;2009;2033804.0
Slovenia;Male;2009;1005476.0
Slovenia;Female;2009;1028330.9999999999
Slovenia;Rural;2009;968180.0
Slovenia;Urban;2009;1067244.0
Slovenia;Total;2010;2043337.0
Slovenia;Male;2010;1012481.0
Slovenia;Female;2010;1030855.0
Slovenia;Rural;2010;968215.0
Slovenia;Urban;2010;1076953.0
Slovenia;Total;2011;2051286.9999999998
Slovenia;Male;2011;1017876.0
Slovenia;Female;2011;1033402.0
Slovenia;Rural;2011;967513.0
Slovenia;Urban;2011;1085923.0
Slovenia;Total;2012;2057822.9999999998
Slovenia;Male;2012;1021899.0
Slovenia;Female;2012;1035926.9999999999
Slovenia;Rural;2012;966153.0
Slovenia;Urban;2012;1094237.0
Slovenia;Total;2013;2063110.0000000002
Slovenia;Male;2013;1024839.0
Slovenia;Female;2013;1038281.0
Slovenia;Rural;2013;964206.0
Slovenia;Urban;2013;1101913.0
Slovenia;Total;2014;2067487.9999999998
Slovenia;Male;2014;1027166.9999999999
Slovenia;Female;2014;1040320.9999999999
Slovenia;Rural;2014;961764.0
Slovenia;Urban;2014;1109081.0
Slovenia;Total;2015;2071199.0
Slovenia;Male;2015;1029251.0
Slovenia;Female;2015;1041948.0000000001
Slovenia;Rural;2015;958942.0
Slovenia;Urban;2015;1115846.0
Slovenia;Total;2016;2074210.0
Slovenia;Male;2016;1031119.9999999999
Slovenia;Female;2016;1043085.0
Slovenia;Rural;2016;955396.0
Slovenia;Urban;2016;1122466.0
Slovenia;Total;2017;2076393.9999999998
Slovenia;Male;2017;1032642.0
Slovenia;Female;2017;1043752.9999999999
Slovenia;Rural;2017;951104.0
Slovenia;Urban;2017;1128872.0
Slovenia;Total;2018;2077837.0
Slovenia;Male;2018;1033823.0000000001
Slovenia;Female;2018;1044012.9999999999
Slovenia;Rural;2018;946127.0
Slovenia;Urban;2018;1135133.0
Solomon Islands;Total;2000;412660.0
Solomon Islands;Male;2000;212115.0
Solomon Islands;Female;2000;200550.0
Solomon Islands;Rural;2000;347363.0
Solomon Islands;Urban;2000;65245.99999999999
Solomon Islands;Total;2001;423944.0
Solomon Islands;Male;2001;217742.0
Solomon Islands;Female;2001;206207.0
Solomon Islands;Rural;2001;355185.0
Solomon Islands;Urban;2001;68668.0
Solomon Islands;Total;2002;435432.0
Solomon Islands;Male;2002;223386.0
Solomon Islands;Female;2002;212048.0
Solomon Islands;Rural;2002;363021.0
Solomon Islands;Urban;2002;72241.0
Solomon Islands;Total;2003;447017.0
Solomon Islands;Male;2003;229017.0
Solomon Islands;Female;2003;217999.0
Solomon Islands;Rural;2003;370814.0
Solomon Islands;Urban;2003;75955.0
Solomon Islands;Total;2004;458539.0
Solomon Islands;Male;2004;234585.0
Solomon Islands;Female;2004;223964.0
Solomon Islands;Rural;2004;378516.0
Solomon Islands;Urban;2004;79808.0
Solomon Islands;Total;2005;469918.0
Solomon Islands;Male;2005;240063.0
Solomon Islands;Female;2005;229855.0
Solomon Islands;Rural;2005;386096.0
Solomon Islands;Urban;2005;83789.0
Solomon Islands;Total;2006;481078.0
Solomon Islands;Male;2006;245432.0
Solomon Islands;Female;2006;235654.0
Solomon Islands;Rural;2006;393518.0
Solomon Islands;Urban;2006;87904.0
Solomon Islands;Total;2007;492132.0
Solomon Islands;Male;2007;250719.0
Solomon Islands;Female;2007;241414.0
Solomon Islands;Rural;2007;400788.0
Solomon Islands;Urban;2007;92152.0
Solomon Islands;Total;2008;503360.0
Solomon Islands;Male;2008;256139.0
Solomon Islands;Female;2008;247227.0
Solomon Islands;Rural;2008;407930.0
Solomon Islands;Urban;2008;96547.0
Solomon Islands;Total;2009;515181.00000000006
Solomon Islands;Male;2009;261903.00000000003
Solomon Islands;Female;2009;253279.0
Solomon Islands;Rural;2009;414986.0
Solomon Islands;Urban;2009;101093.0
Solomon Islands;Total;2010;527861.0
Solomon Islands;Male;2010;268186.0
Solomon Islands;Female;2010;259675.0
Solomon Islands;Rural;2010;421980.0
Solomon Islands;Urban;2010;105810.0
Solomon Islands;Total;2011;541521.0
Solomon Islands;Male;2011;275048.0
Solomon Islands;Female;2011;266474.0
Solomon Islands;Rural;2011;428948.0
Solomon Islands;Urban;2011;110666.0
Solomon Islands;Total;2012;556063.0
Solomon Islands;Male;2012;282449.0
Solomon Islands;Female;2012;273617.0
Solomon Islands;Rural;2012;435874.0
Solomon Islands;Urban;2012;115657.0
Solomon Islands;Total;2013;571336.0
Solomon Islands;Male;2013;290265.0
Solomon Islands;Female;2013;281064.0
Solomon Islands;Rural;2013;442735.0
Solomon Islands;Urban;2013;120778.0
Solomon Islands;Total;2014;587079.0
Solomon Islands;Male;2014;298355.0
Solomon Islands;Female;2014;288724.0
Solomon Islands;Rural;2014;449490.0
Solomon Islands;Urban;2014;126014.0
Solomon Islands;Total;2015;603118.0
Solomon Islands;Male;2015;306577.0
Solomon Islands;Female;2015;296556.0
Solomon Islands;Rural;2015;456121.0
Solomon Islands;Urban;2015;131361.0
Solomon Islands;Total;2016;619438.0
Solomon Islands;Male;2016;314912.0
Solomon Islands;Female;2016;304526.0
Solomon Islands;Rural;2016;462611.0
Solomon Islands;Urban;2016;136808.0
Solomon Islands;Total;2017;636039.0
Solomon Islands;Male;2017;323376.0
Solomon Islands;Female;2017;312654.0
Solomon Islands;Rural;2017;468983.0
Solomon Islands;Urban;2017;142360.0
Solomon Islands;Total;2018;652857.0
Solomon Islands;Male;2018;331947.0
Solomon Islands;Female;2018;320909.0
Solomon Islands;Rural;2018;475260.0
Solomon Islands;Urban;2018;148021.0
Somalia;Total;2000;8872254.0
Somalia;Male;2000;4442937.0
Somalia;Female;2000;4429313.0
Somalia;Rural;2000;6015423.0
Somalia;Urban;2000;2996056.0
Somalia;Total;2001;9186725.0
Somalia;Male;2001;4599551.0
Somalia;Female;2001;4587168.0
Somalia;Rural;2001;6167501.0
Somalia;Urban;2001;3123322.0
Somalia;Total;2002;9501342.0
Somalia;Male;2002;4756276.0
Somalia;Female;2002;4745059.0
Somalia;Rural;2002;6313307.0
Somalia;Urban;2002;3250860.0
Somalia;Total;2003;9815412.0
Somalia;Male;2003;4912670.0
Somalia;Female;2003;4902742.0
Somalia;Rural;2003;6417677.0
Somalia;Urban;2003;3418720.0
Somalia;Total;2004;10130243.0
Somalia;Male;2004;5069267.0
Somalia;Female;2004;5060984.0
Somalia;Rural;2004;6521864.0
Somalia;Urban;2004;3594364.0
Somalia;Total;2005;10446863.0
Somalia;Male;2005;5226471.0
Somalia;Female;2005;5220385.0
Somalia;Rural;2005;6629975.0
Somalia;Urban;2005;3779950.0
Somalia;Total;2006;10763905.0
Somalia;Male;2006;5383597.0
Somalia;Female;2006;5380307.0
Somalia;Rural;2006;6741849.0
Somalia;Urban;2006;3976468.0
Somalia;Total;2007;11080121.0
Somalia;Male;2007;5540039.0
Somalia;Female;2007;5540083.0
Somalia;Rural;2007;7240839.0
Somalia;Urban;2007;3797757.0
Somalia;Total;2008;11397188.0
Somalia;Male;2008;5696698.0
Somalia;Female;2008;5700490.0
Somalia;Rural;2008;7275093.0
Somalia;Urban;2008;4094183.0
Somalia;Total;2009;11717692.0
Somalia;Male;2009;5854968.0
Somalia;Female;2009;5862723.0
Somalia;Rural;2009;7300523.0
Somalia;Urban;2009;4407467.0
Somalia;Total;2010;12043883.0
Somalia;Male;2010;6016043.0
Somalia;Female;2010;6027843.0
Somalia;Rural;2010;7315117.0
Somalia;Urban;2010;4738106.0
Somalia;Total;2011;12376301.0
Somalia;Male;2011;6180205.0
Somalia;Female;2011;6196100.0
Somalia;Rural;2011;7318788.0
Somalia;Urban;2011;5085937.0
Somalia;Total;2012;12715503.0
Somalia;Male;2012;6347724.0
Somalia;Female;2012;6367763.0
Somalia;Rural;2012;7459376.0
Somalia;Urban;2012;5304400.0
Somalia;Total;2013;13063701.0
Somalia;Male;2013;6519803.0
Somalia;Female;2013;6543908.0
Somalia;Rural;2013;7601384.0
Somalia;Urban;2013;5530965.0
Somalia;Total;2014;13423568.0
Somalia;Male;2014;6697812.0
Somalia;Female;2014;6725759.0
Somalia;Rural;2014;7745889.0
Somalia;Urban;2014;5767236.0
Somalia;Total;2015;13797201.0
Somalia;Male;2015;6882856.0
Somalia;Female;2015;6914348.0
Somalia;Rural;2015;7893535.0
Somalia;Urban;2015;6014594.0
Somalia;Total;2016;14185636.0
Somalia;Male;2016;7075493.0
Somalia;Female;2016;7110142.0
Somalia;Rural;2016;8044409.0
Somalia;Urban;2016;6273587.0
Somalia;Total;2017;14589179.0
Somalia;Male;2017;7275858.0
Somalia;Female;2017;7313307.0
Somalia;Rural;2017;8198119.000000001
Somalia;Urban;2017;6544404.0
Somalia;Total;2018;15008226.0
Somalia;Male;2018;7484099.0
Somalia;Female;2018;7524126.0
Somalia;Rural;2018;8354510.0
Somalia;Urban;2018;6827415.0
South Africa;Total;2000;44967708.0
South Africa;Male;2000;22171606.0
South Africa;Female;2000;22796107.0
South Africa;Rural;2000;19713179.0
South Africa;Urban;2000;26015136.0
South Africa;Total;2001;45571274.0
South Africa;Male;2001;22468020.0
South Africa;Female;2001;23103252.0
South Africa;Rural;2001;19774867.0
South Africa;Urban;2001;26610139.0
South Africa;Total;2002;46150913.0
South Africa;Male;2002;22752951.0
South Africa;Female;2002;23397962.0
South Africa;Rural;2002;19799101.0
South Africa;Urban;2002;27227072.0
South Africa;Total;2003;46719196.0
South Africa;Male;2003;23032769.0
South Africa;Female;2003;23686434.0
South Africa;Rural;2003;19800023.0
South Africa;Urban;2003;27848704.0
South Africa;Total;2004;47291610.0
South Africa;Male;2004;23315480.0
South Africa;Female;2004;23976130.0
South Africa;Rural;2004;19784966.0
South Africa;Urban;2004;28462429.0
South Africa;Total;2005;47880601.0
South Africa;Male;2005;23607459.0
South Africa;Female;2005;24273136.0
South Africa;Rural;2005;19754866.0
South Africa;Urban;2005;29065720.0
South Africa;Total;2006;48489459.0
South Africa;Male;2006;23910124.0
South Africa;Female;2006;24579340.0
South Africa;Rural;2006;19707664.0
South Africa;Urban;2006;29656918.0
South Africa;Total;2007;49119759.0
South Africa;Male;2007;24223890.0
South Africa;Female;2007;24895876.0
South Africa;Rural;2007;19647368.0
South Africa;Urban;2007;30239813.0
South Africa;Total;2008;49779471.0
South Africa;Male;2008;24552622.0
South Africa;Female;2008;25226850.0
South Africa;Rural;2008;19583275.0
South Africa;Urban;2008;30828854.0
South Africa;Total;2009;50477011.0
South Africa;Male;2009;24900459.0
South Africa;Female;2009;25576554.0
South Africa;Rural;2009;19528590.0
South Africa;Urban;2009;31442228.0
South Africa;Total;2010;51216964.0
South Africa;Male;2010;25269501.0
South Africa;Female;2010;25947466.0
South Africa;Rural;2010;19489852.0
South Africa;Urban;2010;32094811.0
South Africa;Total;2011;52003755.0
South Africa;Male;2011;25662032.0
South Africa;Female;2011;26341727.0
South Africa;Rural;2011;19470335.0
South Africa;Urban;2011;32793180.999999996
South Africa;Total;2012;52832658.0
South Africa;Male;2012;26075395.0
South Africa;Female;2012;26757264.0
South Africa;Rural;2012;19465377.0
South Africa;Urban;2012;33532836.000000004
South Africa;Total;2013;53687121.0
South Africa;Male;2013;26500317.0
South Africa;Female;2013;27186808.0
South Africa;Rural;2013;19467489.0
South Africa;Urban;2013;34299907.0
South Africa;Total;2014;54544186.0
South Africa;Male;2014;26924050.0
South Africa;Female;2014;27620134.0
South Africa;Rural;2014;19463910.0
South Africa;Urban;2014;35075661.0
South Africa;Total;2015;55386367.0
South Africa;Male;2015;27337004.0
South Africa;Female;2015;28049365.0
South Africa;Rural;2015;19446876.0
South Africa;Urban;2015;35844349.0
South Africa;Total;2016;56207646.0
South Africa;Male;2016;27735713.0
South Africa;Female;2016;28471936.0
South Africa;Rural;2016;19414491.0
South Africa;Urban;2016;36600982.0
South Africa;Total;2017;57009756.0
South Africa;Male;2017;28121437.0
South Africa;Female;2017;28888314.0
South Africa;Rural;2017;19369002.0
South Africa;Urban;2017;37348154.0
South Africa;Total;2018;57792518.0
South Africa;Male;2018;28495093.0
South Africa;Female;2018;29297427.0
South Africa;Rural;2018;19311652.0
South Africa;Urban;2018;38086769.0
South Sudan;Total;2012;10113649.0
South Sudan;Male;2012;5057131.0
South Sudan;Female;2012;5056517.0
South Sudan;Rural;2012;8847540.0
South Sudan;Urban;2012;1970718.0
South Sudan;Total;2013;10355035.0
South Sudan;Male;2013;5178650.0
South Sudan;Female;2013;5176380.0
South Sudan;Rural;2013;9119185.0
South Sudan;Urban;2013;2058304.9999999998
South Sudan;Total;2014;10554880.0
South Sudan;Male;2014;5279348.0
South Sudan;Female;2014;5275534.0
South Sudan;Rural;2014;9383162.0
South Sudan;Urban;2014;2147809.0
South Sudan;Total;2015;10715658.0
South Sudan;Male;2015;5360486.0
South Sudan;Female;2015;5355171.0
South Sudan;Rural;2015;9642116.0
South Sudan;Urban;2015;2240020.0
South Sudan;Total;2016;10832518.0
South Sudan;Male;2016;5419653.0
South Sudan;Female;2016;5412867.0
South Sudan;Rural;2016;9895674.0
South Sudan;Urban;2016;2335056.0
South Sudan;Total;2017;10910763.0
South Sudan;Male;2017;5459493.0
South Sudan;Female;2017;5451281.0
South Sudan;Rural;2017;10142827.0
South Sudan;Urban;2017;2432887.0
South Sudan;Total;2018;10975927.0
South Sudan;Male;2018;5492758.0
South Sudan;Female;2018;5483166.0
South Sudan;Rural;2018;10384989.0
South Sudan;Urban;2018;2534064.0
Spain;Total;2000;40824754.0
Spain;Male;2000;20041160.0
Spain;Female;2000;20783585.0
Spain;Rural;2000;9709605.0
Spain;Urban;2000;31194106.0
Spain;Total;2001;41319427.0
Spain;Male;2001;20303074.0
Spain;Female;2001;21016357.0
Spain;Rural;2001;9792190.0
Spain;Urban;2001;31599913.0
Spain;Total;2002;41919585.0
Spain;Male;2002;20619018.0
Spain;Female;2002;21300575.0
Spain;Rural;2002;9852597.0
Spain;Urban;2002;32132923.0
Spain;Total;2003;42596453.0
Spain;Male;2003;20973843.0
Spain;Female;2003;21622612.0
Spain;Rural;2003;9904876.0
Spain;Urban;2003;32748530.0
Spain;Total;2004;43308345.0
Spain;Male;2004;21345786.0
Spain;Female;2004;21962559.0
Spain;Rural;2004;9961494.0
Spain;Urban;2004;33390174.0
Spain;Total;2005;44019123.0
Spain;Male;2005;21715842.0
Spain;Female;2005;22303276.0
Spain;Rural;2005;10014136.0
Spain;Urban;2005;34028496.0
Spain;Total;2006;44728565.0
Spain;Male;2006;22084460.0
Spain;Female;2006;22644101.0
Spain;Rural;2006;10062286.0
Spain;Urban;2006;34663246.0
Spain;Total;2007;45429076.0
Spain;Male;2007;22447367.0
Spain;Female;2007;22981704.0
Spain;Rural;2007;10104737.0
Spain;Urban;2007;35289121.0
Spain;Total;2008;46068811.0
Spain;Male;2008;22775575.0
Spain;Female;2008;23293236.0
Spain;Rural;2008;10130511.0
Spain;Urban;2008;35867295.0
Spain;Total;2009;46583565.0
Spain;Male;2009;23033009.0
Spain;Female;2009;23550557.0
Spain;Rural;2009;10127186.0
Spain;Urban;2009;36348886.0
Spain;Total;2010;46931015.0
Spain;Male;2010;23196133.0
Spain;Female;2010;23734878.0
Spain;Rural;2010;10086595.0
Spain;Urban;2010;36702035.0
Spain;Total;2011;47084240.0
Spain;Male;2011;23249643.0
Spain;Female;2011;23834599.0
Spain;Rural;2011;10004441.0
Spain;Urban;2011;36904697.0
Spain;Total;2012;47063060.0
Spain;Male;2012;23205468.0
Spain;Female;2012;23857591.0
Spain;Rural;2012;9886091.0
Spain;Urban;2012;36971313.0
Spain;Total;2013;46930555.0
Spain;Male;2013;23101425.0
Spain;Female;2013;23829129.0
Spain;Rural;2013;9744548.0
Spain;Urban;2013;36953005.0
Spain;Total;2014;46777925.0
Spain;Male;2014;22991828.0
Spain;Female;2014;23786099.0
Spain;Rural;2014;9599224.0
Spain;Urban;2014;36922603.0
Spain;Total;2015;46671926.0
Spain;Male;2015;22916241.0
Spain;Female;2015;23755678.0
Spain;Rural;2015;9464206.0
Spain;Urban;2015;36933458.0
Spain;Total;2016;46634140.0
Spain;Male;2016;22887826.0
Spain;Female;2016;23746305.0
Spain;Rural;2016;9343737.0
Spain;Urban;2016;37003839.0
Spain;Total;2017;46647428.0
Spain;Male;2017;22896014.0
Spain;Female;2017;23751411.0
Spain;Rural;2017;9233918.0
Spain;Urban;2017;37120403.0
Spain;Total;2018;46692858.0
Spain;Male;2018;22927764.0
Spain;Female;2018;23765099.0
Spain;Rural;2018;9130380.0
Spain;Urban;2018;37267072.0
Sri Lanka;Total;2000;18777601.0
Sri Lanka;Male;2000;9365939.0
Sri Lanka;Female;2000;9411667.0
Sri Lanka;Rural;2000;15329767.0
Sri Lanka;Urban;2000;3452171.0
Sri Lanka;Total;2001;18911730.0
Sri Lanka;Male;2001;9414298.0
Sri Lanka;Female;2001;9497429.0
Sri Lanka;Rural;2001;15439700.0
Sri Lanka;Urban;2001;3473354.0
Sri Lanka;Total;2002;19062482.0
Sri Lanka;Male;2002;9468821.0
Sri Lanka;Female;2002;9593655.0
Sri Lanka;Rural;2002;15562028.0
Sri Lanka;Urban;2002;3497272.0
Sri Lanka;Total;2003;19224037.0
Sri Lanka;Male;2003;9526937.0
Sri Lanka;Female;2003;9697099.0
Sri Lanka;Rural;2003;15692371.0
Sri Lanka;Urban;2003;3522936.0
Sri Lanka;Total;2004;19387153.0
Sri Lanka;Male;2004;9584487.0
Sri Lanka;Female;2004;9802666.0
Sri Lanka;Rural;2004;15823764.0
Sri Lanka;Urban;2004;3548774.0
Sri Lanka;Total;2005;19544988.0
Sri Lanka;Male;2005;9638477.0
Sri Lanka;Female;2005;9906511.0
Sri Lanka;Rural;2005;15950938.0
Sri Lanka;Urban;2005;3573620.0
Sri Lanka;Total;2006;19695972.0
Sri Lanka;Male;2006;9688299.0
Sri Lanka;Female;2006;10007678.0
Sri Lanka;Rural;2006;16072910.0
Sri Lanka;Urban;2006;3597241.0
Sri Lanka;Total;2007;19842044.0
Sri Lanka;Male;2007;9735055.0
Sri Lanka;Female;2007;10106989.0
Sri Lanka;Rural;2007;16190874.0
Sri Lanka;Urban;2007;3619915.0
Sri Lanka;Total;2008;19983984.0
Sri Lanka;Male;2008;9779518.0
Sri Lanka;Female;2008;10204466.0
Sri Lanka;Rural;2008;16304311.0
Sri Lanka;Urban;2008;3641521.0
Sri Lanka;Total;2009;20123508.0
Sri Lanka;Male;2009;9822961.0
Sri Lanka;Female;2009;10300547.0
Sri Lanka;Rural;2009;16413044.999999998
Sri Lanka;Urban;2009;3662041.0
Sri Lanka;Total;2010;20261737.0
Sri Lanka;Male;2010;9866313.0
Sri Lanka;Female;2010;10395425.0
Sri Lanka;Rural;2010;16516926.0
Sri Lanka;Urban;2010;3681427.0
Sri Lanka;Total;2011;20398497.0
Sri Lanka;Male;2011;9909583.0
Sri Lanka;Female;2011;10488913.0
Sri Lanka;Rural;2011;16615442.0
Sri Lanka;Urban;2011;3699575.0
Sri Lanka;Total;2012;20532600.0
Sri Lanka;Male;2012;9952377.0
Sri Lanka;Female;2012;10580222.0
Sri Lanka;Rural;2012;16708167.000000002
Sri Lanka;Urban;2012;3716388.0
Sri Lanka;Total;2013;20663046.0
Sri Lanka;Male;2013;9994700.0
Sri Lanka;Female;2013;10668353.0
Sri Lanka;Rural;2013;16791684.0
Sri Lanka;Urban;2013;3735549.0
Sri Lanka;Total;2014;20788511.0
Sri Lanka;Male;2014;10036487.0
Sri Lanka;Female;2014;10752025.0
Sri Lanka;Rural;2014;16866370.0
Sri Lanka;Urban;2014;3757194.0
Sri Lanka;Total;2015;20908027.0
Sri Lanka;Male;2015;10077662.0
Sri Lanka;Female;2015;10830362.0
Sri Lanka;Rural;2015;16932569.0
Sri Lanka;Urban;2015;3781471.0
Sri Lanka;Total;2016;21021171.0
Sri Lanka;Male;2016;10118294.0
Sri Lanka;Female;2016;10902883.0
Sri Lanka;Rural;2016;16990083.0
Sri Lanka;Urban;2016;3808409.0
Sri Lanka;Total;2017;21128032.0
Sri Lanka;Male;2017;10158215.0
Sri Lanka;Female;2017;10969813.0
Sri Lanka;Rural;2017;17038849.0
Sri Lanka;Urban;2017;3838068.0
Sri Lanka;Total;2018;21228763.0
Sri Lanka;Male;2018;10196849.0
Sri Lanka;Female;2018;11031911.0
Sri Lanka;Rural;2018;17079399.0
Sri Lanka;Urban;2018;3870642.0
Sudan;Total;2012;36193783.0
Sudan;Male;2012;18053320.0
Sudan;Female;2012;18140461.0
Sudan;Rural;2012;23988926.0
Sudan;Urban;2012;12001266.0
Sudan;Total;2013;37072550.0
Sudan;Male;2013;18498015.0
Sudan;Female;2013;18574540.0
Sudan;Rural;2013;24502709.0
Sudan;Urban;2013;12347209.0
Sudan;Total;2014;37977655.0
Sudan;Male;2014;18956886.0
Sudan;Female;2014;19020771.0
Sudan;Rural;2014;25024231.0
Sudan;Urban;2014;12713682.0
Sudan;Total;2015;38902950.0
Sudan;Male;2015;19424627.0
Sudan;Female;2015;19478321.0
Sudan;Rural;2015;25548489.0
Sudan;Urban;2015;13099314.0
Sudan;Total;2016;39847439.0
Sudan;Male;2016;19900230.0
Sudan;Female;2016;19947203.0
Sudan;Rural;2016;26074189.0
Sudan;Urban;2016;13504639.0
Sudan;Total;2017;40813397.0
Sudan;Male;2017;20385466.0
Sudan;Female;2017;20427932.0
Sudan;Rural;2017;26602042.0
Sudan;Urban;2017;13931288.0
Sudan;Total;2018;41801533.0
Sudan;Male;2018;20880946.0
Sudan;Female;2018;20920586.0
Sudan;Rural;2018;27131309.0
Sudan;Urban;2018;14380217.0
Sudan (former);Total;2000;33474409.0
Sudan (former);Male;2000;16765092.0
Sudan (former);Female;2000;16709323.0
Sudan (former);Rural;2000;23990226.0
Sudan (former);Urban;2000;9960965.0
Sudan (former);Total;2001;34418875.0
Sudan (former);Male;2001;17240356.0
Sudan (former);Female;2001;17178512.0
Sudan (former);Rural;2001;24663935.0
Sudan (former);Urban;2001;10255512.0
Sudan (former);Total;2002;35393004.0
Sudan (former);Male;2002;17731529.0
Sudan (former);Female;2002;17661482.0
Sudan (former);Rural;2002;25354007.0
Sudan (former);Urban;2002;10562834.0
Sudan (former);Total;2003;36396195.0
Sudan (former);Male;2003;18236322.0
Sudan (former);Female;2003;18159860.0
Sudan (former);Rural;2003;26058518.0
Sudan (former);Urban;2003;10879068.0
Sudan (former);Total;2004;37427544.0
Sudan (former);Male;2004;18751667.0
Sudan (former);Female;2004;18675876.0
Sudan (former);Rural;2004;26775364.0
Sudan (former);Urban;2004;11198632.0
Sudan (former);Total;2005;38485448.0
Sudan (former);Male;2005;19275062.0
Sudan (former);Female;2005;19210383.0
Sudan (former);Rural;2005;27503139.0
Sudan (former);Urban;2005;11517652.0
Sudan (former);Total;2006;39569229.0
Sudan (former);Male;2006;19805138.0
Sudan (former);Female;2006;19764093.0
Sudan (former);Rural;2006;28240213.0
Sudan (former);Urban;2006;11835003.0
Sudan (former);Total;2007;40675760.0
Sudan (former);Male;2007;20341504.0
Sudan (former);Female;2007;20334259.0
Sudan (former);Rural;2007;28986551.0
Sudan (former);Urban;2007;12152775.0
Sudan (former);Total;2008;41797776.0
Sudan (former);Male;2008;20883709.0
Sudan (former);Female;2008;20914067.0
Sudan (former);Rural;2008;29743916.0
Sudan (former);Urban;2008;12474716.0
Sudan (former);Total;2009;42926047.0
Sudan (former);Male;2009;21431601.0
Sudan (former);Female;2009;21494436.0
Sudan (former);Rural;2009;30507004.0
Sudan (former);Urban;2009;12814282.0
Sudan (former);Total;2010;44053377.0
Sudan (former);Male;2010;21984781.0
Sudan (former);Female;2010;22068605.0
Sudan (former);Rural;2010;31277063.0
Sudan (former);Urban;2010;13176092.0
Sudan (former);Total;2011;45180380.0
Sudan (former);Male;2011;22544682.0
Sudan (former);Female;2011;22635689.0
Sudan (former);Rural;2011;32054105.0
Sudan (former);Urban;2011;13562066.0
Suriname;Total;2000;470949.0
Suriname;Male;2000;237885.0
Suriname;Female;2000;233059.0
Suriname;Rural;2000;158514.0
Suriname;Urban;2000;313876.0
Suriname;Total;2001;476579.0
Suriname;Male;2001;240587.0
Suriname;Female;2001;235987.0
Suriname;Rural;2001;159960.0
Suriname;Urban;2001;317780.0
Suriname;Total;2002;482235.0
Suriname;Male;2002;243356.0
Suriname;Female;2002;238872.0
Suriname;Rural;2002;161381.0
Suriname;Urban;2002;321663.0
Suriname;Total;2003;487942.0
Suriname;Male;2003;246187.0
Suriname;Female;2003;241751.0
Suriname;Rural;2003;162790.0
Suriname;Urban;2003;325542.0
Suriname;Total;2004;493679.0
Suriname;Male;2004;249057.0
Suriname;Female;2004;244623.0
Suriname;Rural;2004;164195.0
Suriname;Urban;2004;329435.0
Suriname;Total;2005;499464.0
Suriname;Male;2005;251921.0
Suriname;Female;2005;247540.0
Suriname;Rural;2005;166238.0
Suriname;Urban;2005;332708.0
Suriname;Total;2006;505295.0
Suriname;Male;2006;254798.0
Suriname;Female;2006;250494.0
Suriname;Rural;2006;168365.0
Suriname;Urban;2006;335942.0
Suriname;Total;2007;511181.0
Suriname;Male;2007;257702.0
Suriname;Female;2007;253479.0
Suriname;Rural;2007;170511.0
Suriname;Urban;2007;339194.0
Suriname;Total;2008;517123.00000000006
Suriname;Male;2008;260617.00000000003
Suriname;Female;2008;256505.0
Suriname;Rural;2008;172681.0
Suriname;Urban;2008;342467.0
Suriname;Total;2009;523111.0
Suriname;Male;2009;263560.0
Suriname;Female;2009;259553.0
Suriname;Rural;2009;174867.0
Suriname;Urban;2009;345752.0
Suriname;Total;2010;529131.0
Suriname;Male;2010;266522.0
Suriname;Female;2010;262604.0
Suriname;Rural;2010;177066.0
Suriname;Urban;2010;349037.0
Suriname;Total;2011;535179.0
Suriname;Male;2011;269500.0
Suriname;Female;2011;265677.0
Suriname;Rural;2011;179273.0
Suriname;Urban;2011;352316.0
Suriname;Total;2012;541245.0
Suriname;Male;2012;272492.0
Suriname;Female;2012;268755.0
Suriname;Rural;2012;181489.0
Suriname;Urban;2012;355588.0
Suriname;Total;2013;547291.0
Suriname;Male;2013;275472.0
Suriname;Female;2013;271823.0
Suriname;Rural;2013;183704.0
Suriname;Urban;2013;358836.0
Suriname;Total;2014;553273.0
Suriname;Male;2014;278425.0
Suriname;Female;2014;274853.0
Suriname;Rural;2014;185806.0
Suriname;Urban;2014;362122.0
Suriname;Total;2015;559143.0
Suriname;Male;2015;281315.0
Suriname;Female;2015;277821.0
Suriname;Rural;2015;187781.0
Suriname;Urban;2015;365427.0
Suriname;Total;2016;564888.0
Suriname;Male;2016;284150.0
Suriname;Female;2016;280733.0
Suriname;Rural;2016;189623.0
Suriname;Urban;2016;368745.0
Suriname;Total;2017;570496.0
Suriname;Male;2017;286918.0
Suriname;Female;2017;283583.0
Suriname;Rural;2017;191326.0
Suriname;Urban;2017;372076.0
Suriname;Total;2018;575990.0
Suriname;Male;2018;289623.0
Suriname;Female;2018;286364.0
Suriname;Rural;2018;192884.0
Suriname;Urban;2018;375417.0
Sweden;Total;2000;8881640.0
Sweden;Male;2000;4392262.0
Sweden;Female;2000;4489380.0
Sweden;Rural;2000;1418749.0
Sweden;Urban;2000;7462891.0
Sweden;Total;2001;8897793.0
Sweden;Male;2001;4401901.0
Sweden;Female;2001;4495901.0
Sweden;Rural;2001;1417317.0
Sweden;Urban;2001;7480476.0
Sweden;Total;2002;8920710.0
Sweden;Male;2002;4415228.0
Sweden;Female;2002;4505475.0
Sweden;Rural;2002;1415408.0
Sweden;Urban;2002;7505286.0
Sweden;Total;2003;8951436.0
Sweden;Male;2003;4432829.0
Sweden;Female;2003;4518610.0
Sweden;Rural;2003;1414725.0
Sweden;Urban;2003;7536697.0
Sweden;Total;2004;8990654.0
Sweden;Male;2004;4455064.0
Sweden;Female;2004;4535589.0
Sweden;Rural;2004;1415350.0
Sweden;Urban;2004;7575289.0
Sweden;Total;2005;9038623.0
Sweden;Male;2005;4482090.0
Sweden;Female;2005;4556537.0
Sweden;Rural;2005;1417334.0
Sweden;Urban;2005;7621289.0
Sweden;Total;2006;9096165.0
Sweden;Male;2006;4514337.0
Sweden;Female;2006;4581833.0
Sweden;Rural;2006;1416324.0
Sweden;Urban;2006;7679940.0
Sweden;Total;2007;9162939.0
Sweden;Male;2007;4551558.0
Sweden;Female;2007;4611383.0
Sweden;Rural;2007;1412213.0
Sweden;Urban;2007;7751030.0
Sweden;Total;2008;9236428.0
Sweden;Male;2008;4592348.0
Sweden;Female;2008;4644085.0
Sweden;Rural;2008;1409010.0
Sweden;Urban;2008;7827880.0
Sweden;Total;2009;9313087.0
Sweden;Male;2009;4634733.0
Sweden;Female;2009;4678352.0
Sweden;Rural;2009;1406182.0
Sweden;Urban;2009;7907296.0
Sweden;Total;2010;9390168.0
Sweden;Male;2010;4677170.0
Sweden;Female;2010;4712987.0
Sweden;Rural;2010;1403234.0
Sweden;Urban;2010;7986934.0
Sweden;Total;2011;9466710.0
Sweden;Male;2011;4719134.0
Sweden;Female;2011;4747571.0
Sweden;Rural;2011;1391807.0
Sweden;Urban;2011;8074085.0
Sweden;Total;2012;9542812.0
Sweden;Male;2012;4760674.0
Sweden;Female;2012;4782143.0
Sweden;Rural;2012;1371997.0
Sweden;Urban;2012;8168910.0
Sweden;Total;2013;9618016.0
Sweden;Male;2013;4801531.0
Sweden;Female;2013;4816485.0
Sweden;Rural;2013;1352261.0
Sweden;Urban;2013;8262986.000000001
Sweden;Total;2014;9692131.0
Sweden;Male;2014;4841630.0
Sweden;Female;2014;4850507.0
Sweden;Rural;2014;1332551.0
Sweden;Urban;2014;8356825.000000001
Sweden;Total;2015;9764950.0
Sweden;Male;2015;4880856.0
Sweden;Female;2015;4884093.0
Sweden;Rural;2015;1312954.0
Sweden;Urban;2015;8450611.0
Sweden;Total;2016;9836007.0
Sweden;Male;2016;4918962.0
Sweden;Female;2016;4917041.0
Sweden;Rural;2016;1293399.0
Sweden;Urban;2016;8544134.0
Sweden;Total;2017;9904896.0
Sweden;Male;2017;4955732.0
Sweden;Female;2017;4949163.0
Sweden;Rural;2017;1273943.0
Sweden;Urban;2017;8636758.0
Sweden;Total;2018;9971638.0
Sweden;Male;2018;4991222.0
Sweden;Female;2018;4980408.0
Sweden;Rural;2018;1254718.0
Sweden;Urban;2018;8727991.0
Switzerland;Total;2000;7143761.0
Switzerland;Male;2000;3490318.0
Switzerland;Female;2000;3653446.0
Switzerland;Rural;2000;1907695.0
Switzerland;Urban;2000;5259555.0
Switzerland;Total;2001;7179169.0
Switzerland;Male;2001;3508208.0
Switzerland;Female;2001;3670966.0
Switzerland;Rural;2001;1917728.0
Switzerland;Urban;2001;5284957.0
Switzerland;Total;2002;7220377.0
Switzerland;Male;2002;3529105.0
Switzerland;Female;2002;3691273.0
Switzerland;Rural;2002;1926831.0
Switzerland;Urban;2002;5317083.0
Switzerland;Total;2003;7268359.0
Switzerland;Male;2003;3553698.0
Switzerland;Female;2003;3714665.0
Switzerland;Rural;2003;1937708.0
Switzerland;Urban;2003;5354185.0
Switzerland;Total;2004;7323737.0
Switzerland;Male;2004;3582544.0
Switzerland;Female;2004;3741184.0
Switzerland;Rural;2004;1950516.0
Switzerland;Urban;2004;5396731.0
Switzerland;Total;2005;7386816.0
Switzerland;Male;2005;3616000.0
Switzerland;Female;2005;3770818.0
Switzerland;Rural;2005;1965346.0
Switzerland;Urban;2005;5444962.0
Switzerland;Total;2006;7457958.0
Switzerland;Male;2006;3654284.0
Switzerland;Female;2006;3803677.0
Switzerland;Rural;2006;1982272.0
Switzerland;Urban;2006;5499135.0
Switzerland;Total;2007;7536982.0
Switzerland;Male;2007;3697198.0
Switzerland;Female;2007;3839788.0
Switzerland;Rural;2007;2001241.0
Switzerland;Urban;2007;5559117.0
Switzerland;Total;2008;7622821.0
Switzerland;Male;2008;3744016.0
Switzerland;Female;2008;3878810.0
Switzerland;Rural;2008;2021967.0
Switzerland;Urban;2008;5624146.0
Switzerland;Total;2009;7713898.0
Switzerland;Male;2009;3793615.0
Switzerland;Female;2009;3920287.0
Switzerland;Rural;2009;2044053.0
Switzerland;Urban;2009;5693108.0
Switzerland;Total;2010;7808675.0
Switzerland;Male;2010;3844996.0
Switzerland;Female;2010;3963678.0
Switzerland;Rural;2010;2067083.9999999998
Switzerland;Urban;2010;5764887.0
Switzerland;Total;2011;7906992.0
Switzerland;Male;2011;3898022.0
Switzerland;Female;2011;4008966.0
Switzerland;Rural;2011;2091187.0
Switzerland;Urban;2011;5839234.0
Switzerland;Total;2012;8008012.0
Switzerland;Male;2012;3952281.0
Switzerland;Female;2012;4055725.0
Switzerland;Rural;2012;2116141.0
Switzerland;Urban;2012;5915529.0
Switzerland;Total;2013;8108878.0
Switzerland;Male;2013;4006237.0
Switzerland;Female;2013;4102639.0
Switzerland;Rural;2013;2140993.0
Switzerland;Urban;2013;5991681.0
Switzerland;Total;2014;8206002.0
Switzerland;Male;2014;4057997.0
Switzerland;Female;2014;4148006.0000000005
Switzerland;Rural;2014;2164734.0
Switzerland;Urban;2014;6064895.0
Switzerland;Total;2015;8296775.0
Switzerland;Male;2015;4106189.0000000005
Switzerland;Female;2015;4190586.0000000005
Switzerland;Rural;2015;2186643.0
Switzerland;Urban;2015;6133126.0
Switzerland;Total;2016;8379916.999999999
Switzerland;Male;2016;4150103.0
Switzerland;Female;2016;4229812.0
Switzerland;Rural;2016;2206365.0
Switzerland;Urban;2016;6195374.0
Switzerland;Total;2017;8455804.0
Switzerland;Male;2017;4189932.0
Switzerland;Female;2017;4265865.0
Switzerland;Rural;2017;2224037.0
Switzerland;Urban;2017;6251968.0
Switzerland;Total;2018;8525611.0
Switzerland;Male;2018;4226392.0
Switzerland;Female;2018;4299222.0
Switzerland;Rural;2018;2238762.0
Switzerland;Urban;2018;6305272.0
Syrian Arab Republic;Total;2000;16410848.000000002
Syrian Arab Republic;Male;2000;8301809.999999999
Syrian Arab Republic;Female;2000;8109037.0
Syrian Arab Republic;Rural;2000;7885963.0
Syrian Arab Republic;Urban;2000;8524885.0
Syrian Arab Republic;Total;2001;16766561.000000002
Syrian Arab Republic;Male;2001;8497193.0
Syrian Arab Republic;Female;2001;8269361.999999999
Syrian Arab Republic;Rural;2001;7995447.0
Syrian Arab Republic;Urban;2001;8771452.0
Syrian Arab Republic;Total;2002;17084632.0
Syrian Arab Republic;Male;2002;8679638.0
Syrian Arab Republic;Female;2002;8404990.0
Syrian Arab Republic;Rural;2002;8085687.0
Syrian Arab Republic;Urban;2002;9002214.0
Syrian Arab Republic;Total;2003;17415214.0
Syrian Arab Republic;Male;2003;8869259.0
Syrian Arab Republic;Female;2003;8545955.0
Syrian Arab Republic;Rural;2003;8176604.0
Syrian Arab Republic;Urban;2003;9238662.0
Syrian Arab Republic;Total;2004;17827825.0
Syrian Arab Republic;Male;2004;9093932.0
Syrian Arab Republic;Female;2004;8733895.0
Syrian Arab Republic;Rural;2004;8294901.0
Syrian Arab Republic;Urban;2004;9511737.0
Syrian Arab Republic;Total;2005;18361176.0
Syrian Arab Republic;Male;2005;9368283.0
Syrian Arab Republic;Female;2005;8992895.0
Syrian Arab Republic;Rural;2005;8455456.0
Syrian Arab Republic;Urban;2005;9839155.0
Syrian Arab Republic;Total;2006;19059258.0
Syrian Arab Republic;Male;2006;9712214.0
Syrian Arab Republic;Female;2006;9347043.0
Syrian Arab Republic;Rural;2006;8673211.0
Syrian Arab Republic;Urban;2006;10241766.0
Syrian Arab Republic;Total;2007;19878254.0
Syrian Arab Republic;Male;2007;10105805.0
Syrian Arab Republic;Female;2007;9772452.0
Syrian Arab Republic;Rural;2007;8930863.0
Syrian Arab Republic;Urban;2007;10701943.0
Syrian Arab Republic;Total;2008;20664038.0
Syrian Arab Republic;Male;2008;10476296.0
Syrian Arab Republic;Female;2008;10187741.0
Syrian Arab Republic;Rural;2008;9171916.0
Syrian Arab Republic;Urban;2008;11153527.0
Syrian Arab Republic;Total;2009;21205873.0
Syrian Arab Republic;Male;2009;10724714.0
Syrian Arab Republic;Female;2009;10481159.0
Syrian Arab Republic;Rural;2009;9321767.0
Syrian Arab Republic;Urban;2009;11503126.0
Syrian Arab Republic;Total;2010;21362529.0
Syrian Arab Republic;Male;2010;10785050.0
Syrian Arab Republic;Female;2010;10577491.0
Syrian Arab Republic;Rural;2010;9332362.0
Syrian Arab Republic;Urban;2010;11686472.0
Syrian Arab Republic;Total;2011;21081815.0
Syrian Arab Republic;Male;2011;10632727.0
Syrian Arab Republic;Female;2011;10449087.0
Syrian Arab Republic;Rural;2011;9476439.0
Syrian Arab Republic;Urban;2011;11387554.0
Syrian Arab Republic;Total;2012;20438856.0
Syrian Arab Republic;Male;2012;10303881.0
Syrian Arab Republic;Female;2012;10134980.0
Syrian Arab Republic;Rural;2012;9484477.0
Syrian Arab Republic;Urban;2012;10936224.0
Syrian Arab Republic;Total;2013;19578461.0
Syrian Arab Republic;Male;2013;9869027.0
Syrian Arab Republic;Female;2013;9709439.0
Syrian Arab Republic;Rural;2013;9403582.0
Syrian Arab Republic;Urban;2013;10405559.0
Syrian Arab Republic;Total;2014;18710711.0
Syrian Arab Republic;Male;2014;9430138.0
Syrian Arab Republic;Female;2014;9280573.0
Syrian Arab Republic;Rural;2014;9313499.0
Syrian Arab Republic;Urban;2014;9889591.0
Syrian Arab Republic;Total;2015;17997408.0
Syrian Arab Republic;Male;2015;9065978.0
Syrian Arab Republic;Female;2015;8931433.0
Syrian Arab Republic;Rural;2015;8961409.0
Syrian Arab Republic;Urban;2015;9773578.0
Syrian Arab Republic;Total;2016;17465575.0
Syrian Arab Republic;Male;2016;8789603.0
Syrian Arab Republic;Female;2016;8675964.0
Syrian Arab Republic;Rural;2016;8692690.0
Syrian Arab Republic;Urban;2016;9737763.0
Syrian Arab Republic;Total;2017;17095678.0
Syrian Arab Republic;Male;2017;8592333.0
Syrian Arab Republic;Female;2017;8503336.0
Syrian Arab Republic;Rural;2017;8495489.0
Syrian Arab Republic;Urban;2017;9774379.0
Syrian Arab Republic;Total;2018;16945057.0
Syrian Arab Republic;Male;2018;8504013.0
Syrian Arab Republic;Female;2018;8441049.0
Syrian Arab Republic;Rural;2018;8381170.0
Syrian Arab Republic;Urban;2018;9903237.0
Tajikistan;Total;2000;6216341.0
Tajikistan;Male;2000;3113723.0
Tajikistan;Female;2000;3102606.0
Tajikistan;Rural;2000;4568853.0
Tajikistan;Urban;2000;1647352.0
Tajikistan;Total;2001;6318513.0
Tajikistan;Male;2001;3167147.0
Tajikistan;Female;2001;3151363.0
Tajikistan;Rural;2001;4650260.0
Tajikistan;Urban;2001;1676865.0
Tajikistan;Total;2002;6426867.0
Tajikistan;Male;2002;3223702.0
Tajikistan;Female;2002;3203159.0
Tajikistan;Rural;2002;4738751.0
Tajikistan;Urban;2002;1708937.0
Tajikistan;Total;2003;6541547.0
Tajikistan;Male;2003;3283545.0
Tajikistan;Female;2003;3258005.0
Tajikistan;Rural;2003;4833576.0
Tajikistan;Urban;2003;1743301.0
Tajikistan;Total;2004;6662389.0
Tajikistan;Male;2004;3346676.0
Tajikistan;Female;2004;3315715.0
Tajikistan;Rural;2004;4933375.0
Tajikistan;Urban;2004;1779466.0
Tajikistan;Total;2005;6789321.0
Tajikistan;Male;2005;3413086.0
Tajikistan;Female;2005;3376232.0
Tajikistan;Rural;2005;5037117.0
Tajikistan;Urban;2005;1817059.0
Tajikistan;Total;2006;6922587.0
Tajikistan;Male;2006;3482964.0
Tajikistan;Female;2006;3439626.0
Tajikistan;Rural;2006;5144561.0
Tajikistan;Urban;2006;1855996.0
Tajikistan;Total;2007;7062672.0
Tajikistan;Male;2007;3556467.0
Tajikistan;Female;2007;3506200.0
Tajikistan;Rural;2007;5256003.0
Tajikistan;Urban;2007;1896382.0
Tajikistan;Total;2008;7209930.0
Tajikistan;Male;2008;3633536.0
Tajikistan;Female;2008;3576388.0
Tajikistan;Rural;2008;5371491.0
Tajikistan;Urban;2008;1938237.0
Tajikistan;Total;2009;7364753.0
Tajikistan;Male;2009;3714033.0
Tajikistan;Female;2009;3650719.0
Tajikistan;Rural;2009;5491198.0
Tajikistan;Urban;2009;1981621.0
Tajikistan;Total;2010;7527394.0
Tajikistan;Male;2010;3797838.0
Tajikistan;Female;2010;3729559.0
Tajikistan;Rural;2010;5615102.0
Tajikistan;Urban;2010;2026528.0
Tajikistan;Total;2011;7697510.0
Tajikistan;Male;2011;3884696.0
Tajikistan;Female;2011;3812811.0
Tajikistan;Rural;2011;5743046.0
Tajikistan;Urban;2011;2072902.9999999998
Tajikistan;Total;2012;7874835.0
Tajikistan;Male;2012;3974544.0
Tajikistan;Female;2012;3900294.0
Tajikistan;Rural;2012;5872805.0
Tajikistan;Urban;2012;2122257.0
Tajikistan;Total;2013;8059769.0
Tajikistan;Male;2013;4067689.0
Tajikistan;Female;2013;3992093.0
Tajikistan;Rural;2013;6003406.0
Tajikistan;Urban;2013;2174403.0
Tajikistan;Total;2014;8252833.000000001
Tajikistan;Male;2014;4164564.0000000005
Tajikistan;Female;2014;4088264.0
Tajikistan;Rural;2014;6133662.0
Tajikistan;Urban;2014;2229083.0
Tajikistan;Total;2015;8454028.0
Tajikistan;Male;2015;4265336.0
Tajikistan;Female;2015;4188683.0
Tajikistan;Rural;2015;6262550.0
Tajikistan;Urban;2015;2286101.0
Tajikistan;Total;2016;8663579.0
Tajikistan;Male;2016;4370133.0
Tajikistan;Female;2016;4293442.0
Tajikistan;Rural;2016;6389516.0
Tajikistan;Urban;2016;2345435.0
Tajikistan;Total;2017;8880268.0
Tajikistan;Male;2017;4478318.0
Tajikistan;Female;2017;4401952.0
Tajikistan;Rural;2017;6514203.0
Tajikistan;Urban;2017;2407140.0
Tajikistan;Total;2018;9100835.0
Tajikistan;Male;2018;4588298.0
Tajikistan;Female;2018;4512549.0
Tajikistan;Rural;2018;6636026.0
Tajikistan;Urban;2018;2471185.0
Thailand;Total;2000;62952642.0
Thailand;Male;2000;31094460.0
Thailand;Female;2000;31858179.0
Thailand;Rural;2000;43198106.0
Thailand;Urban;2000;19759915.0
Thailand;Total;2001;63539196.0
Thailand;Male;2001;31351471.0
Thailand;Female;2001;32187719.0
Thailand;Rural;2001;42861156.0
Thailand;Urban;2001;20682166.0
Thailand;Total;2002;64069087.0
Thailand;Male;2002;31584243.0
Thailand;Female;2002;32484850.0
Thailand;Rural;2002;42458762.0
Thailand;Urban;2002;21614402.0
Thailand;Total;2003;64549866.0
Thailand;Male;2003;31795665.0
Thailand;Female;2003;32754202.0
Thailand;Rural;2003;41999085.0
Thailand;Urban;2003;22555867.0
Thailand;Total;2004;64995299.0
Thailand;Male;2004;31990802.0
Thailand;Female;2004;33004500.999999996
Thailand;Rural;2004;41491898.0
Thailand;Urban;2004;23510333.0
Thailand;Total;2005;65416189.0
Thailand;Male;2005;32173692.0
Thailand;Female;2005;33242497.000000004
Thailand;Rural;2005;40948938.0
Thailand;Urban;2005;24476532.0
Thailand;Total;2006;65812535.99999999
Thailand;Male;2006;32344449.0
Thailand;Female;2006;33468091.0
Thailand;Rural;2006;40368169.0
Thailand;Urban;2006;25455995.0
Thailand;Total;2007;66182066.99999999
Thailand;Male;2007;32502590.0
Thailand;Female;2007;33679474.0
Thailand;Rural;2007;39750794.0
Thailand;Urban;2007;26444821.0
Thailand;Total;2008;66530984.0
Thailand;Male;2008;32650959.0
Thailand;Female;2008;33880021.0
Thailand;Rural;2008;39101036.0
Thailand;Urban;2008;27444724.0
Thailand;Total;2009;66866839.00000001
Thailand;Male;2009;32793030.0
Thailand;Female;2009;34073804.0
Thailand;Rural;2009;38428419.0
Thailand;Urban;2009;28453448.0
Thailand;Total;2010;67195028.0
Thailand;Male;2010;32931279.000000004
Thailand;Female;2010;34263753.0
Thailand;Rural;2010;37733694.0
Thailand;Urban;2010;29475114.0
Thailand;Total;2011;67518388.0
Thailand;Male;2011;33067052.000000004
Thailand;Female;2011;34451327.0
Thailand;Rural;2011;37345660.0
Thailand;Urban;2011;30184470.0
Thailand;Total;2012;67835962.0
Thailand;Male;2012;33199864.0
Thailand;Female;2012;34636105.0
Thailand;Rural;2012;37012171.0
Thailand;Urban;2012;30831808.0
Thailand;Total;2013;68144518.0
Thailand;Male;2013;33327962.0
Thailand;Female;2013;34816557.0
Thailand;Rural;2013;36666051.0
Thailand;Urban;2013;31477014.0
Thailand;Total;2014;68438746.0
Thailand;Male;2014;33448535.000000004
Thailand;Female;2014;34990213.0
Thailand;Rural;2014;36300112.0
Thailand;Urban;2014;32116660.0
Thailand;Total;2015;68714511.0
Thailand;Male;2015;33559468.0
Thailand;Female;2015;35155051.0
Thailand;Rural;2015;35911920.0
Thailand;Urban;2015;32745680.0
Thailand;Total;2016;68971308.0
Thailand;Male;2016;33660401.0
Thailand;Female;2016;35310912.0
Thailand;Rural;2016;35500674.0
Thailand;Urban;2016;33362839.999999996
Thailand;Total;2017;69209810.0
Thailand;Male;2017;33751826.0
Thailand;Female;2017;35457991.0
Thailand;Rural;2017;35071057.0
Thailand;Urban;2017;33966456.0
Thailand;Total;2018;69428453.0
Thailand;Male;2018;33833385.0
Thailand;Female;2018;35595069.0
Thailand;Rural;2018;34627095.0
Thailand;Urban;2018;34556078.0
Timor-Leste;Total;2000;884366.0
Timor-Leste;Male;2000;446775.0
Timor-Leste;Female;2000;437591.0
Timor-Leste;Rural;2000;660127.0
Timor-Leste;Urban;2000;211480.0
Timor-Leste;Total;2001;901214.0
Timor-Leste;Male;2001;455302.0
Timor-Leste;Female;2001;445912.0
Timor-Leste;Rural;2001;672797.0
Timor-Leste;Urban;2001;219734.0
Timor-Leste;Total;2002;922694.0
Timor-Leste;Male;2002;466122.0
Timor-Leste;Female;2002;456577.0
Timor-Leste;Rural;2002;693062.0
Timor-Leste;Urban;2002;230763.0
Timor-Leste;Total;2003;947108.0
Timor-Leste;Male;2003;478391.0
Timor-Leste;Female;2003;468719.0
Timor-Leste;Rural;2003;717348.0
Timor-Leste;Urban;2003;243504.0
Timor-Leste;Total;2004;971893.0
Timor-Leste;Male;2004;490869.0
Timor-Leste;Female;2004;481020.0
Timor-Leste;Rural;2004;740448.0
Timor-Leste;Urban;2004;256250.0
Timor-Leste;Total;2005;995135.0
Timor-Leste;Male;2005;502609.0
Timor-Leste;Female;2005;492521.0
Timor-Leste;Rural;2005;759180.0
Timor-Leste;Urban;2005;267304.0
Timor-Leste;Total;2006;1016432.0
Timor-Leste;Male;2006;513419.0
Timor-Leste;Female;2006;503018.0
Timor-Leste;Rural;2006;772061.0
Timor-Leste;Urban;2006;276560.0
Timor-Leste;Total;2007;1036392.0
Timor-Leste;Male;2007;523587.0
Timor-Leste;Female;2007;512801.00000000006
Timor-Leste;Rural;2007;780526.0
Timor-Leste;Urban;2007;284447.0
Timor-Leste;Total;2008;1055431.0
Timor-Leste;Male;2008;533315.0
Timor-Leste;Female;2008;522113.00000000006
Timor-Leste;Rural;2008;786501.0
Timor-Leste;Urban;2008;291609.0
Timor-Leste;Total;2009;1074277.0
Timor-Leste;Male;2009;542943.0
Timor-Leste;Female;2009;531343.0
Timor-Leste;Rural;2009;792930.0
Timor-Leste;Urban;2009;299091.0
Timor-Leste;Total;2010;1093523.0
Timor-Leste;Male;2010;552742.0
Timor-Leste;Female;2010;540775.0
Timor-Leste;Rural;2010;801874.0
Timor-Leste;Urban;2010;307717.0
Timor-Leste;Total;2011;1113151.0
Timor-Leste;Male;2011;562709.0
Timor-Leste;Female;2011;550445.0
Timor-Leste;Rural;2011;813805.0
Timor-Leste;Urban;2011;317718.0
Timor-Leste;Total;2012;1132994.0
Timor-Leste;Male;2012;572770.0
Timor-Leste;Female;2012;560232.0
Timor-Leste;Rural;2012;827913.0
Timor-Leste;Urban;2012;328847.0
Timor-Leste;Total;2013;1153294.0
Timor-Leste;Male;2013;583029.0
Timor-Leste;Female;2013;570259.0
Timor-Leste;Rural;2013;843513.0
Timor-Leste;Urban;2013;340853.0
Timor-Leste;Total;2014;1174331.0
Timor-Leste;Male;2014;593658.0
Timor-Leste;Female;2014;580675.0
Timor-Leste;Rural;2014;859479.0
Timor-Leste;Urban;2014;353335.0
Timor-Leste;Total;2015;1196302.0
Timor-Leste;Male;2015;604739.0
Timor-Leste;Female;2015;591555.0
Timor-Leste;Rural;2015;875011.0
Timor-Leste;Urban;2015;365966.0
Timor-Leste;Total;2016;1219288.0
Timor-Leste;Male;2016;616338.0
Timor-Leste;Female;2016;602951.0
Timor-Leste;Rural;2016;889974.0
Timor-Leste;Urban;2016;378697.0
Timor-Leste;Total;2017;1243258.0
Timor-Leste;Male;2017;628409.0
Timor-Leste;Female;2017;614851.0
Timor-Leste;Rural;2017;904669.0
Timor-Leste;Urban;2017;391642.0
Timor-Leste;Total;2018;1267974.0
Timor-Leste;Male;2018;640854.0
Timor-Leste;Female;2018;627121.0
Timor-Leste;Rural;2018;919214.0
Timor-Leste;Urban;2018;404880.0
Togo;Total;2000;4924402.0
Togo;Male;2000;2431837.0
Togo;Female;2000;2492569.0
Togo;Rural;2000;3334778.0
Togo;Urban;2000;1635589.0
Togo;Total;2001;5062567.0
Togo;Male;2001;2501367.0
Togo;Female;2001;2561204.0
Togo;Rural;2001;3406691.0
Togo;Urban;2001;1705079.0
Togo;Total;2002;5197031.0
Togo;Male;2002;2568805.0
Togo;Female;2002;2628235.0
Togo;Rural;2002;3476016.0
Togo;Urban;2002;1775456.0
Togo;Total;2003;5330639.0
Togo;Male;2003;2635670.0
Togo;Female;2003;2694959.0
Togo;Rural;2003;3544063.0
Togo;Urban;2003;1847338.0
Togo;Total;2004;5467766.0
Togo;Male;2004;2704399.0
Togo;Female;2004;2763371.0
Togo;Rural;2004;3612772.0
Togo;Urban;2004;1921826.0
Togo;Total;2005;5611640.0
Togo;Male;2005;2776699.0
Togo;Female;2005;2834944.0
Togo;Rural;2005;3683622.0
Togo;Urban;2005;1999646.0
Togo;Total;2006;5762880.0
Togo;Male;2006;2852940.0
Togo;Female;2006;2909941.0
Togo;Rural;2006;3756669.0
Togo;Urban;2006;2081123.0
Togo;Total;2007;5920359.0
Togo;Male;2007;2932483.0
Togo;Female;2007;2987877.0
Togo;Rural;2007;3831357.0
Togo;Urban;2007;2166028.0
Togo;Total;2008;6083420.0
Togo;Male;2008;3014908.0
Togo;Female;2008;3068509.0
Togo;Rural;2008;3907407.0
Togo;Urban;2008;2254389.0
Togo;Total;2009;6250835.0
Togo;Male;2009;3099478.0
Togo;Female;2009;3151362.0
Togo;Rural;2009;3984514.0
Togo;Urban;2009;2345958.0
Togo;Total;2010;6421679.0
Togo;Male;2010;3185633.0
Togo;Female;2010;3236041.0
Togo;Rural;2010;4062203.0
Togo;Urban;2010;2440749.0
Togo;Total;2011;6595943.0
Togo;Male;2011;3273345.0
Togo;Female;2011;3322594.0
Togo;Rural;2011;4139026.0
Togo;Urban;2011;2540256.0
Togo;Total;2012;6773809.0
Togo;Male;2012;3362736.0
Togo;Female;2012;3411071.0
Togo;Rural;2012;4215435.0
Togo;Urban;2012;2644047.0
Togo;Total;2013;6954722.0
Togo;Male;2013;3453578.0
Togo;Female;2013;3501143.0
Togo;Rural;2013;4291901.0
Togo;Urban;2013;2751047.0
Togo;Total;2014;7138000.0
Togo;Male;2014;3545610.0
Togo;Female;2014;3592387.0
Togo;Rural;2014;4367759.0
Togo;Urban;2014;2861156.0
Togo;Total;2015;7323158.0
Togo;Male;2015;3638658.0
Togo;Female;2015;3684504.0
Togo;Rural;2015;4442664.0
Togo;Urban;2015;2974138.0
Togo;Total;2016;7509951.0
Togo;Male;2016;3732598.0
Togo;Female;2016;3777354.0
Togo;Rural;2016;4516059.0
Togo;Urban;2016;3090315.0
Togo;Total;2017;7698474.0
Togo;Male;2017;3827461.0
Togo;Female;2017;3871015.0
Togo;Rural;2017;4588034.0
Togo;Urban;2017;3209660.0
Togo;Total;2018;7889093.0
Togo;Male;2018;3923401.0
Togo;Female;2018;3965694.0
Togo;Rural;2018;4658578.0
Togo;Urban;2018;3332348.0
Tokelau;Total;2000;1554.0
Tokelau;Rural;2000;1554.0
Tokelau;Urban;2000;0.0
Tokelau;Total;2001;1503.0
Tokelau;Rural;2001;1503.0
Tokelau;Urban;2001;0.0
Tokelau;Total;2002;1435.0
Tokelau;Rural;2002;1435.0
Tokelau;Urban;2002;0.0
Tokelau;Total;2003;1351.0
Tokelau;Rural;2003;1351.0
Tokelau;Urban;2003;0.0
Tokelau;Total;2004;1273.0
Tokelau;Rural;2004;1273.0
Tokelau;Urban;2004;0.0
Tokelau;Total;2005;1208.0
Tokelau;Rural;2005;1208.0
Tokelau;Urban;2005;0.0
Tokelau;Total;2006;1167.0
Tokelau;Rural;2006;1167.0
Tokelau;Urban;2006;0.0
Tokelau;Total;2007;1141.0
Tokelau;Rural;2007;1141.0
Tokelau;Urban;2007;0.0
Tokelau;Total;2008;1126.0
Tokelau;Rural;2008;1126.0
Tokelau;Urban;2008;0.0
Tokelau;Total;2009;1126.0
Tokelau;Rural;2009;1126.0
Tokelau;Urban;2009;0.0
Tokelau;Total;2010;1140.0
Tokelau;Rural;2010;1140.0
Tokelau;Urban;2010;0.0
Tokelau;Total;2011;1151.0
Tokelau;Rural;2011;1151.0
Tokelau;Urban;2011;0.0
Tokelau;Total;2012;1167.0
Tokelau;Rural;2012;1167.0
Tokelau;Urban;2012;0.0
Tokelau;Total;2013;1187.0
Tokelau;Rural;2013;1187.0
Tokelau;Urban;2013;0.0
Tokelau;Total;2014;1219.0
Tokelau;Rural;2014;1219.0
Tokelau;Urban;2014;0.0
Tokelau;Total;2015;1252.0
Tokelau;Rural;2015;1252.0
Tokelau;Urban;2015;0.0
Tokelau;Total;2016;1282.0
Tokelau;Rural;2016;1282.0
Tokelau;Urban;2016;0.0
Tokelau;Total;2017;1300.0
Tokelau;Rural;2017;1300.0
Tokelau;Urban;2017;0.0
Tokelau;Total;2018;1319.0
Tokelau;Rural;2018;1319.0
Tokelau;Urban;2018;0.0
Tonga;Total;2000;97973.0
Tonga;Male;2000;49862.0
Tonga;Female;2000;48100.0
Tonga;Rural;2000;75511.0
Tonga;Urban;2000;22571.0
Tonga;Total;2001;98487.0
Tonga;Male;2001;50035.0
Tonga;Female;2001;48447.0
Tonga;Rural;2001;75890.0
Tonga;Urban;2001;22721.0
Tonga;Total;2002;99022.0
Tonga;Male;2002;50152.0
Tonga;Female;2002;48871.0
Tonga;Rural;2002;76303.0
Tonga;Urban;2002;22881.0
Tonga;Total;2003;99589.0
Tonga;Male;2003;50264.0
Tonga;Female;2003;49327.0
Tonga;Rural;2003;76740.0
Tonga;Urban;2003;23049.0
Tonga;Total;2004;100218.0
Tonga;Male;2004;50423.0
Tonga;Female;2004;49791.0
Tonga;Rural;2004;77185.0
Tonga;Urban;2004;23221.0
Tonga;Total;2005;100905.0
Tonga;Male;2005;50652.0
Tonga;Female;2005;50256.0
Tonga;Rural;2005;77645.0
Tonga;Urban;2005;23396.0
Tonga;Total;2006;101706.0
Tonga;Male;2006;50992.0
Tonga;Female;2006;50722.0
Tonga;Rural;2006;78113.0
Tonga;Urban;2006;23576.0
Tonga;Total;2007;102581.0
Tonga;Male;2007;51407.0
Tonga;Female;2007;51170.0
Tonga;Rural;2007;78582.0
Tonga;Urban;2007;23775.0
Tonga;Total;2008;103379.0
Tonga;Male;2008;51823.0
Tonga;Female;2008;51561.0
Tonga;Rural;2008;79024.0
Tonga;Urban;2008;23981.0
Tonga;Total;2009;103890.0
Tonga;Male;2009;52090.0
Tonga;Female;2009;51807.0
Tonga;Rural;2009;79428.0
Tonga;Urban;2009;24176.0
Tonga;Total;2010;103986.0
Tonga;Male;2010;52130.0
Tonga;Female;2010;51851.0
Tonga;Rural;2010;79780.0
Tonga;Urban;2010;24357.0
Tonga;Total;2011;103562.0
Tonga;Male;2011;51899.0
Tonga;Female;2011;51659.0
Tonga;Rural;2011;80061.0
Tonga;Urban;2011;24516.0
Tonga;Total;2012;102737.0
Tonga;Male;2012;51449.0
Tonga;Female;2012;51287.0
Tonga;Rural;2012;80356.0
Tonga;Urban;2012;24595.0
Tonga;Total;2013;101768.0
Tonga;Male;2013;50925.0
Tonga;Female;2013;50843.0
Tonga;Rural;2013;80701.0
Tonga;Urban;2013;24627.0
Tonga;Total;2014;101028.0
Tonga;Male;2014;50518.0
Tonga;Female;2014;50505.0
Tonga;Rural;2014;81105.0
Tonga;Urban;2014;24677.0
Tonga;Total;2015;100781.0
Tonga;Male;2015;50373.0
Tonga;Female;2015;50407.0
Tonga;Rural;2015;81608.0
Tonga;Urban;2015;24756.0
Tonga;Total;2016;101133.0
Tonga;Male;2016;50554.0
Tonga;Female;2016;50589.0
Tonga;Rural;2016;82246.0
Tonga;Urban;2016;24876.0
Tonga;Total;2017;101998.0
Tonga;Male;2017;50997.0
Tonga;Female;2017;51005.0
Tonga;Rural;2017;82993.0
Tonga;Urban;2017;25027.0
Tonga;Total;2018;103197.0
Tonga;Male;2018;51613.0
Tonga;Female;2018;51586.0
Tonga;Rural;2018;83793.0
Tonga;Urban;2018;25215.0
Trinidad and Tobago;Total;2000;1267153.0
Trinidad and Tobago;Male;2000;630743.0
Trinidad and Tobago;Female;2000;636416.0
Trinidad and Tobago;Rural;2000;559116.0
Trinidad and Tobago;Urban;2000;708868.0
Trinidad and Tobago;Total;2001;1271632.0
Trinidad and Tobago;Male;2001;632620.0
Trinidad and Tobago;Female;2001;639007.0
Trinidad and Tobago;Rural;2001;563436.0
Trinidad and Tobago;Urban;2001;708944.0
Trinidad and Tobago;Total;2002;1277213.0
Trinidad and Tobago;Male;2002;634968.0
Trinidad and Tobago;Female;2002;642242.0
Trinidad and Tobago;Rural;2002;568249.0
Trinidad and Tobago;Urban;2002;709588.0
Trinidad and Tobago;Total;2003;1283559.0
Trinidad and Tobago;Male;2003;637659.0
Trinidad and Tobago;Female;2003;645905.0
Trinidad and Tobago;Rural;2003;573423.0
Trinidad and Tobago;Urban;2003;710629.0
Trinidad and Tobago;Total;2004;1290123.0
Trinidad and Tobago;Male;2004;640465.0
Trinidad and Tobago;Female;2004;649650.0
Trinidad and Tobago;Rural;2004;578746.0
Trinidad and Tobago;Urban;2004;711789.0
Trinidad and Tobago;Total;2005;1296502.0
Trinidad and Tobago;Male;2005;643244.0
Trinidad and Tobago;Female;2005;653253.0
Trinidad and Tobago;Rural;2005;584051.0
Trinidad and Tobago;Urban;2005;712883.0
Trinidad and Tobago;Total;2006;1302561.0
Trinidad and Tobago;Male;2006;645925.0
Trinidad and Tobago;Female;2006;656627.0
Trinidad and Tobago;Rural;2006;589300.0
Trinidad and Tobago;Urban;2006;713844.0
Trinidad and Tobago;Total;2007;1308451.0
Trinidad and Tobago;Male;2007;648591.0
Trinidad and Tobago;Female;2007;659859.0
Trinidad and Tobago;Rural;2007;594531.0
Trinidad and Tobago;Urban;2007;714729.0
Trinidad and Tobago;Total;2008;1314443.0
Trinidad and Tobago;Male;2008;651350.0
Trinidad and Tobago;Female;2008;663099.0
Trinidad and Tobago;Rural;2008;599788.0
Trinidad and Tobago;Urban;2008;715584.0
Trinidad and Tobago;Total;2009;1320930.0
Trinidad and Tobago;Male;2009;654366.0
Trinidad and Tobago;Female;2009;666555.0
Trinidad and Tobago;Rural;2009;605125.0
Trinidad and Tobago;Urban;2009;716493.0
Trinidad and Tobago;Total;2010;1328147.0
Trinidad and Tobago;Male;2010;657758.0
Trinidad and Tobago;Female;2010;670386.0
Trinidad and Tobago;Rural;2010;610599.0
Trinidad and Tobago;Urban;2010;717501.0
Trinidad and Tobago;Total;2011;1336178.0
Trinidad and Tobago;Male;2011;661551.0
Trinidad and Tobago;Female;2011;674629.0
Trinidad and Tobago;Rural;2011;616193.0
Trinidad and Tobago;Urban;2011;718595.0
Trinidad and Tobago;Total;2012;1344819.0
Trinidad and Tobago;Male;2012;665646.0
Trinidad and Tobago;Female;2012;679168.0
Trinidad and Tobago;Rural;2012;621549.0
Trinidad and Tobago;Urban;2012;720039.0
Trinidad and Tobago;Total;2013;1353703.0
Trinidad and Tobago;Male;2013;669873.0
Trinidad and Tobago;Female;2013;683835.0
Trinidad and Tobago;Rural;2013;626536.0
Trinidad and Tobago;Urban;2013;721712.0
Trinidad and Tobago;Total;2014;1362345.0
Trinidad and Tobago;Male;2014;673957.0
Trinidad and Tobago;Female;2014;688380.0
Trinidad and Tobago;Rural;2014;631023.0
Trinidad and Tobago;Urban;2014;723470.0
Trinidad and Tobago;Total;2015;1370328.0
Trinidad and Tobago;Male;2015;677717.0
Trinidad and Tobago;Female;2015;692615.0
Trinidad and Tobago;Rural;2015;634898.0
Trinidad and Tobago;Urban;2015;725194.0
Trinidad and Tobago;Total;2016;1377560.0
Trinidad and Tobago;Male;2016;681087.0
Trinidad and Tobago;Female;2016;696476.0
Trinidad and Tobago;Rural;2016;638115.0
Trinidad and Tobago;Urban;2016;726847.0
Trinidad and Tobago;Total;2017;1384059.0
Trinidad and Tobago;Male;2017;684081.0
Trinidad and Tobago;Female;2017;699979.0
Trinidad and Tobago;Rural;2017;640679.0
Trinidad and Tobago;Urban;2017;728446.0
Trinidad and Tobago;Total;2018;1389843.0
Trinidad and Tobago;Male;2018;686702.0
Trinidad and Tobago;Female;2018;703139.0
Trinidad and Tobago;Rural;2018;642593.0
Trinidad and Tobago;Urban;2018;730005.0
Tunisia;Total;2000;9708350.0
Tunisia;Male;2000;4889168.0
Tunisia;Female;2000;4819179.0
Tunisia;Rural;2000;3546812.0
Tunisia;Urban;2000;6152385.0
Tunisia;Total;2001;9793903.0
Tunisia;Male;2001;4926607.0
Tunisia;Female;2001;4867308.0
Tunisia;Rural;2001;3540690.0
Tunisia;Urban;2001;6245011.0
Tunisia;Total;2002;9871251.0
Tunisia;Male;2002;4959029.0
Tunisia;Female;2002;4912232.0
Tunisia;Rural;2002;3531202.0
Tunisia;Urban;2002;6333124.0
Tunisia;Total;2003;9945277.0
Tunisia;Male;2003;4989405.0
Tunisia;Female;2003;4955877.0
Tunisia;Rural;2003;3520132.0
Tunisia;Urban;2003;6419546.0
Tunisia;Total;2004;10022277.0
Tunisia;Male;2004;5021588.0
Tunisia;Female;2004;5000690.0
Tunisia;Rural;2004;3511132.0
Tunisia;Urban;2004;6506469.0
Tunisia;Total;2005;10106771.0
Tunisia;Male;2005;5058303.0
Tunisia;Female;2005;5048475.0
Tunisia;Rural;2005;3511889.0
Tunisia;Urban;2005;6590593.0
Tunisia;Total;2006;10201214.0
Tunisia;Male;2006;5101127.0
Tunisia;Female;2006;5100084.0
Tunisia;Rural;2006;3515255.0
Tunisia;Urban;2006;6680881.0
Tunisia;Total;2007;10304726.0
Tunisia;Male;2007;5149486.0
Tunisia;Female;2007;5155243.0
Tunisia;Rural;2007;3521038.0
Tunisia;Urban;2007;6777049.0
Tunisia;Total;2008;10414433.0
Tunisia;Male;2008;5201266.0
Tunisia;Female;2008;5213159.0
Tunisia;Rural;2008;3528791.0
Tunisia;Urban;2008;6878545.0
Tunisia;Total;2009;10525694.0
Tunisia;Male;2009;5253208.0
Tunisia;Female;2009;5272483.0
Tunisia;Rural;2009;3537891.0
Tunisia;Urban;2009;6983943.0
Tunisia;Total;2010;10635244.0
Tunisia;Male;2010;5303033.0
Tunisia;Female;2010;5332212.0
Tunisia;Rural;2010;3547627.0
Tunisia;Urban;2010;7092304.0
Tunisia;Total;2011;10741880.0
Tunisia;Male;2011;5349834.0
Tunisia;Female;2011;5392038.0
Tunisia;Rural;2011;3557963.0
Tunisia;Urban;2011;7203504.0
Tunisia;Total;2012;10847002.0
Tunisia;Male;2012;5394723.0
Tunisia;Female;2012;5452270.0
Tunisia;Rural;2012;3568906.0
Tunisia;Urban;2012;7317762.0
Tunisia;Total;2013;10952951.0
Tunisia;Male;2013;5439790.0
Tunisia;Female;2013;5513159.0
Tunisia;Rural;2013;3580242.0
Tunisia;Urban;2013;7434316.0
Tunisia;Total;2014;11063201.0
Tunisia;Male;2014;5488084.0
Tunisia;Female;2014;5575111.0
Tunisia;Rural;2014;3591431.0
Tunisia;Urban;2014;7552477.0
Tunisia;Total;2015;11179949.0
Tunisia;Male;2015;5541626.0
Tunisia;Female;2015;5638325.0
Tunisia;Rural;2015;3601278.0
Tunisia;Urban;2015;7672383.0
Tunisia;Total;2016;11303945.0
Tunisia;Male;2016;5601121.0
Tunisia;Female;2016;5702821.0
Tunisia;Rural;2016;3609591.0
Tunisia;Urban;2016;7793657.0
Tunisia;Total;2017;11433443.0
Tunisia;Male;2017;5665352.0
Tunisia;Female;2017;5768086.0
Tunisia;Rural;2017;3616197.0
Tunisia;Urban;2017;7915930.0
Tunisia;Total;2018;11565201.0
Tunisia;Male;2018;5732044.0
Tunisia;Female;2018;5833159.0
Tunisia;Rural;2018;3620748.0
Tunisia;Urban;2018;8038426.0
Turkey;Total;2000;63240194.0
Turkey;Male;2000;31144048.0
Turkey;Female;2000;32096148.0
Turkey;Rural;2000;22297793.0
Turkey;Urban;2000;40942328.0
Turkey;Total;2001;64192243.0
Turkey;Male;2001;31608455.0
Turkey;Female;2001;32583788.0
Turkey;Rural;2001;22248580.0
Turkey;Urban;2001;41942894.0
Turkey;Total;2002;65145367.0
Turkey;Male;2002;32074313.0
Turkey;Female;2002;33071044.0
Turkey;Rural;2002;22165676.0
Turkey;Urban;2002;42977378.0
Turkey;Total;2003;66089402.0
Turkey;Male;2003;32535902.0
Turkey;Female;2003;33553500.0
Turkey;Rural;2003;22071506.0
Turkey;Urban;2003;44014297.0
Turkey;Total;2004;67010929.99999999
Turkey;Male;2004;32985599.000000004
Turkey;Female;2004;34025331.0
Turkey;Rural;2004;21962050.0
Turkey;Urban;2004;45045805.0
Turkey;Total;2005;67903469.0
Turkey;Male;2005;33419604.0
Turkey;Female;2005;34483857.0
Turkey;Rural;2005;21837813.0
Turkey;Urban;2005;46065593.0
Turkey;Total;2006;68756810.0
Turkey;Male;2006;33832700.0
Turkey;Female;2006;34924109.0
Turkey;Rural;2006;21694980.0
Turkey;Urban;2006;47068425.0
Turkey;Total;2007;69581848.0
Turkey;Male;2007;34230799.0
Turkey;Female;2007;35351055.0
Turkey;Rural;2007;21537953.0
Turkey;Urban;2007;48059328.0
Turkey;Total;2008;70418604.0
Turkey;Male;2008;34634725.0
Turkey;Female;2008;35783887.0
Turkey;Rural;2008;21377504.0
Turkey;Urban;2008;49062528.0
Turkey;Total;2009;71321399.0
Turkey;Male;2009;35072774.0
Turkey;Female;2009;36248632.0
Turkey;Rural;2009;21229600.0
Turkey;Urban;2009;50109585.0
Turkey;Total;2010;72326988.0
Turkey;Male;2010;35564246.0
Turkey;Female;2010;36762746.0
Turkey;Rural;2010;21101166.0
Turkey;Urban;2010;51225748.0
Turkey;Total;2011;73443250.0
Turkey;Male;2011;36112721.0
Turkey;Female;2011;37330533.0
Turkey;Rural;2011;20993291.0
Turkey;Urban;2011;52416164.0
Turkey;Total;2012;74651050.0
Turkey;Male;2012;36708592.0
Turkey;Female;2012;37942454.0
Turkey;Rural;2012;20899302.0
Turkey;Urban;2012;53670565.0
Turkey;Total;2013;75925462.0
Turkey;Male;2013;37340975.0
Turkey;Female;2013;38584479.0
Turkey;Rural;2013;20818043.0
Turkey;Urban;2013;54969290.0
Turkey;Total;2014;77229256.0
Turkey;Male;2014;37993284.0
Turkey;Female;2014;39235978.0
Turkey;Rural;2014;20738821.0
Turkey;Urban;2014;56291807.0
Turkey;Total;2015;78529409.0
Turkey;Male;2015;38650062.0
Turkey;Female;2015;39879351.0
Turkey;Rural;2015;20654742.0
Turkey;Urban;2015;57616730.0
Turkey;Total;2016;79827871.0
Turkey;Male;2016;39313518.0
Turkey;Female;2016;40514350.0
Turkey;Rural;2016;20566910.0
Turkey;Urban;2016;58945516.0
Turkey;Total;2017;81116450.0
Turkey;Male;2017;39978211.0
Turkey;Female;2017;41138240.0
Turkey;Rural;2017;20473563.0
Turkey;Urban;2017;60271457.0
Turkey;Total;2018;82340088.0
Turkey;Male;2018;40611933.0
Turkey;Female;2018;41728157.0
Turkey;Rural;2018;20362183.0
Turkey;Urban;2018;61554688.0
Turkmenistan;Total;2000;4516133.0
Turkmenistan;Male;2000;2222832.0
Turkmenistan;Female;2000;2293296.0
Turkmenistan;Rural;2000;2442622.0
Turkmenistan;Urban;2000;2073509.0
Turkmenistan;Total;2001;4564083.0
Turkmenistan;Male;2001;2246152.0
Turkmenistan;Female;2001;2317935.0
Turkmenistan;Rural;2001;2458330.0
Turkmenistan;Urban;2001;2105750.0
Turkmenistan;Total;2002;4610005.0
Turkmenistan;Male;2002;2268464.0
Turkmenistan;Female;2002;2341554.0
Turkmenistan;Rural;2002;2472713.0
Turkmenistan;Urban;2002;2137289.0
Turkmenistan;Total;2003;4655743.0
Turkmenistan;Male;2003;2290688.0
Turkmenistan;Female;2003;2365064.0
Turkmenistan;Rural;2003;2486786.0
Turkmenistan;Urban;2003;2168955.0
Turkmenistan;Total;2004;4703401.0
Turkmenistan;Male;2004;2313874.0
Turkmenistan;Female;2004;2389522.0
Turkmenistan;Rural;2004;2501652.0
Turkmenistan;Urban;2004;2201746.0
Turkmenistan;Total;2005;4754646.0
Turkmenistan;Male;2005;2338888.0
Turkmenistan;Female;2005;2415764.0
Turkmenistan;Rural;2005;2517482.0
Turkmenistan;Urban;2005;2237159.0
Turkmenistan;Total;2006;4810109.0
Turkmenistan;Male;2006;2366014.0
Turkmenistan;Female;2006;2444100.0
Turkmenistan;Rural;2006;2534518.0
Turkmenistan;Urban;2006;2275587.0
Turkmenistan;Total;2007;4870141.0
Turkmenistan;Male;2007;2395433.0
Turkmenistan;Female;2007;2474709.0
Turkmenistan;Rural;2007;2552898.0
Turkmenistan;Urban;2007;2317239.0
Turkmenistan;Total;2008;4935767.0
Turkmenistan;Male;2008;2427690.0
Turkmenistan;Female;2008;2508075.0
Turkmenistan;Rural;2008;2573093.0
Turkmenistan;Urban;2008;2362669.0
Turkmenistan;Total;2009;5007954.0
Turkmenistan;Male;2009;2463293.0
Turkmenistan;Female;2009;2544660.0
Turkmenistan;Rural;2009;2595530.0
Turkmenistan;Urban;2009;2412420.0
Turkmenistan;Total;2010;5087213.0
Turkmenistan;Male;2010;2502514.0
Turkmenistan;Female;2010;2584697.0
Turkmenistan;Rural;2010;2620378.0
Turkmenistan;Urban;2010;2466832.0
Turkmenistan;Total;2011;5174085.0
Turkmenistan;Male;2011;2545627.0
Turkmenistan;Female;2011;2628449.0
Turkmenistan;Rural;2011;2647803.0
Turkmenistan;Urban;2011;2526258.0
Turkmenistan;Total;2012;5267900.0
Turkmenistan;Male;2012;2592296.0
Turkmenistan;Female;2012;2675610.0
Turkmenistan;Rural;2012;2677355.0
Turkmenistan;Urban;2012;2590484.0
Turkmenistan;Total;2013;5366378.0
Turkmenistan;Male;2013;2641299.0
Turkmenistan;Female;2013;2725077.0
Turkmenistan;Rural;2013;2707779.0
Turkmenistan;Urban;2013;2658498.0
Turkmenistan;Total;2014;5466328.0
Turkmenistan;Male;2014;2690987.0
Turkmenistan;Female;2014;2775337.0
Turkmenistan;Rural;2014;2737414.0
Turkmenistan;Urban;2014;2728827.0
Turkmenistan;Total;2015;5565287.0
Turkmenistan;Male;2015;2740070.0
Turkmenistan;Female;2015;2825213.0
Turkmenistan;Rural;2015;2764990.0
Turkmenistan;Urban;2015;2800294.0
Turkmenistan;Total;2016;5662368.0
Turkmenistan;Male;2016;2788087.0
Turkmenistan;Female;2016;2874284.0
Turkmenistan;Rural;2016;2790057.0
Turkmenistan;Urban;2016;2872487.0
Turkmenistan;Total;2017;5757667.0
Turkmenistan;Male;2017;2835084.0
Turkmenistan;Female;2017;2922583.0
Turkmenistan;Rural;2017;2812629.0
Turkmenistan;Urban;2017;2945446.0
Turkmenistan;Total;2018;5850901.0
Turkmenistan;Male;2018;2880941.0
Turkmenistan;Female;2018;2969961.0
Turkmenistan;Rural;2018;2832499.0
Turkmenistan;Urban;2018;3018967.0
Turks and Caicos Islands;Total;2000;20164.0
Turks and Caicos Islands;Rural;2000;2916.0
Turks and Caicos Islands;Urban;2000;15957.0
Turks and Caicos Islands;Total;2001;21573.0
Turks and Caicos Islands;Rural;2001;2955.0
Turks and Caicos Islands;Urban;2001;17230.0
Turks and Caicos Islands;Total;2002;23232.0
Turks and Caicos Islands;Rural;2002;3042.0
Turks and Caicos Islands;Urban;2002;18700.0
Turks and Caicos Islands;Total;2003;25011.0
Turks and Caicos Islands;Rural;2003;3135.0
Turks and Caicos Islands;Urban;2003;20275.0
Turks and Caicos Islands;Total;2004;26700.0
Turks and Caicos Islands;Rural;2004;3207.0
Turks and Caicos Islands;Urban;2004;21821.0
Turks and Caicos Islands;Total;2005;28180.0
Turks and Caicos Islands;Rural;2005;3241.0
Turks and Caicos Islands;Urban;2005;23207.0
Turks and Caicos Islands;Total;2006;29391.0
Turks and Caicos Islands;Rural;2006;3239.0
Turks and Caicos Islands;Urban;2006;24403.0
Turks and Caicos Islands;Total;2007;30385.0
Turks and Caicos Islands;Rural;2007;3208.0
Turks and Caicos Islands;Urban;2007;25432.0
Turks and Caicos Islands;Total;2008;31202.0
Turks and Caicos Islands;Rural;2008;3156.0
Turks and Caicos Islands;Urban;2008;26325.0
Turks and Caicos Islands;Total;2009;31934.0
Turks and Caicos Islands;Rural;2009;3094.0
Turks and Caicos Islands;Urban;2009;27151.0
Turks and Caicos Islands;Total;2010;32659.999999999996
Turks and Caicos Islands;Rural;2010;3029.0
Turks and Caicos Islands;Urban;2010;27965.0
Turks and Caicos Islands;Total;2011;33377.0
Turks and Caicos Islands;Rural;2011;2961.0
Turks and Caicos Islands;Urban;2011;28770.0
Turks and Caicos Islands;Total;2012;34066.0
Turks and Caicos Islands;Rural;2012;2890.0
Turks and Caicos Islands;Urban;2012;29541.0
Turks and Caicos Islands;Total;2013;34731.0
Turks and Caicos Islands;Rural;2013;2820.0
Turks and Caicos Islands;Urban;2013;30288.0
Turks and Caicos Islands;Total;2014;35369.0
Turks and Caicos Islands;Rural;2014;2749.0
Turks and Caicos Islands;Urban;2014;30990.0
Turks and Caicos Islands;Total;2015;35981.0
Turks and Caicos Islands;Rural;2015;2680.0
Turks and Caicos Islands;Urban;2015;31659.0
Turks and Caicos Islands;Total;2016;36559.0
Turks and Caicos Islands;Rural;2016;2612.0
Turks and Caicos Islands;Urban;2016;32287.999999999996
Turks and Caicos Islands;Total;2017;37115.0
Turks and Caicos Islands;Rural;2017;2546.0
Turks and Caicos Islands;Urban;2017;32900.0
Turks and Caicos Islands;Total;2018;37665.0
Turks and Caicos Islands;Rural;2018;2482.0
Turks and Caicos Islands;Urban;2018;33481.0
Tuvalu;Total;2000;9394.0
Tuvalu;Rural;2000;5085.0
Tuvalu;Urban;2000;4335.0
Tuvalu;Total;2001;9484.0
Tuvalu;Rural;2001;5096.0
Tuvalu;Urban;2001;4416.0
Tuvalu;Total;2002;9596.0
Tuvalu;Rural;2002;5122.0
Tuvalu;Urban;2002;4513.0
Tuvalu;Total;2003;9726.0
Tuvalu;Rural;2003;5112.0
Tuvalu;Urban;2003;4655.0
Tuvalu;Total;2004;9869.0
Tuvalu;Rural;2004;5078.0
Tuvalu;Urban;2004;4816.0
Tuvalu;Total;2005;10000.0
Tuvalu;Rural;2005;5044.0
Tuvalu;Urban;2005;4983.0
Tuvalu;Total;2006;10120.0
Tuvalu;Rural;2006;4995.0
Tuvalu;Urban;2006;5142.0
Tuvalu;Total;2007;10221.0
Tuvalu;Rural;2007;4943.0
Tuvalu;Urban;2007;5300.0
Tuvalu;Total;2008;10314.0
Tuvalu;Rural;2008;4884.0
Tuvalu;Urban;2008;5456.0
Tuvalu;Total;2009;10424.0
Tuvalu;Rural;2009;4826.0
Tuvalu;Urban;2009;5615.0
Tuvalu;Total;2010;10530.0
Tuvalu;Rural;2010;4760.0
Tuvalu;Urban;2010;5771.0
Tuvalu;Total;2011;10633.0
Tuvalu;Rural;2011;4697.0
Tuvalu;Urban;2011;5931.0
Tuvalu;Total;2012;10739.0
Tuvalu;Rural;2012;4632.0
Tuvalu;Urban;2012;6093.0
Tuvalu;Total;2013;10857.0
Tuvalu;Rural;2013;4564.0
Tuvalu;Urban;2013;6255.0
Tuvalu;Total;2014;10972.0
Tuvalu;Rural;2014;4496.0
Tuvalu;Urban;2014;6412.0
Tuvalu;Total;2015;11099.0
Tuvalu;Rural;2015;4430.0
Tuvalu;Urban;2015;6571.0
Tuvalu;Total;2016;11225.0
Tuvalu;Rural;2016;4367.0
Tuvalu;Urban;2016;6730.0
Tuvalu;Total;2017;11370.0
Tuvalu;Rural;2017;4306.0
Tuvalu;Urban;2017;6886.0
Tuvalu;Total;2018;11508.0
Tuvalu;Rural;2018;4245.0
Tuvalu;Urban;2018;7042.0
Uganda;Total;2000;23650172.0
Uganda;Male;2000;11642810.0
Uganda;Female;2000;12007349.0
Uganda;Rural;2000;20484903.0
Uganda;Urban;2000;3554371.0
Uganda;Total;2001;24388968.0
Uganda;Male;2001;12007399.0
Uganda;Female;2001;12381575.0
Uganda;Rural;2001;21076726.0
Uganda;Urban;2001;3778166.0
Uganda;Total;2002;25167257.0
Uganda;Male;2002;12394688.0
Uganda;Female;2002;12772573.0
Uganda;Rural;2002;21699290.0
Uganda;Urban;2002;4018758.0
Uganda;Total;2003;25980552.0
Uganda;Male;2003;12800059.0
Uganda;Female;2003;13180488.0
Uganda;Rural;2003;22348557.0
Uganda;Urban;2003;4276263.0
Uganda;Total;2004;26821297.0
Uganda;Male;2004;13216406.0
Uganda;Female;2004;13604894.0
Uganda;Rural;2004;23017847.0
Uganda;Urban;2004;4550589.0
Uganda;Total;2005;27684585.0
Uganda;Male;2005;13639036.0
Uganda;Female;2005;14045554.0
Uganda;Rural;2005;23702764.0
Uganda;Urban;2005;4841176.0
Uganda;Total;2006;28571475.0
Uganda;Male;2006;14067537.0
Uganda;Female;2006;14503938.0
Uganda;Rural;2006;24401496.0
Uganda;Urban;2006;5149166.0
Uganda;Total;2007;29486338.0
Uganda;Male;2007;14505221.0
Uganda;Female;2007;14981114.0
Uganda;Rural;2007;25115006.0
Uganda;Urban;2007;5475481.0
Uganda;Total;2008;30431736.0
Uganda;Male;2008;14955710.0
Uganda;Female;2008;15476024.0
Uganda;Rural;2008;25842671.0
Uganda;Urban;2008;5821225.0
Uganda;Total;2009;31411096.0
Uganda;Male;2009;15424120.0
Uganda;Female;2009;15986976.0
Uganda;Rural;2009;26585117.0
Uganda;Urban;2009;6186778.0
Uganda;Total;2010;32428167.0
Uganda;Male;2010;15914819.0
Uganda;Female;2010;16513345.000000002
Uganda;Rural;2010;27341361.0
Uganda;Urban;2010;6573772.0
Uganda;Total;2011;33476771.999999996
Uganda;Male;2011;16425383.999999998
Uganda;Female;2011;17051388.0
Uganda;Rural;2011;28110753.0
Uganda;Urban;2011;6982895.0
Uganda;Total;2012;34558704.0
Uganda;Male;2012;16956092.0
Uganda;Female;2012;17602608.0
Uganda;Rural;2012;28891600.0
Uganda;Urban;2012;7415196.0
Uganda;Total;2013;35694519.0
Uganda;Male;2013;17516980.0
Uganda;Female;2013;18177539.0
Uganda;Rural;2013;29683100.0
Uganda;Urban;2013;7870626.0
Uganda;Total;2014;36911523.0
Uganda;Male;2014;18121087.0
Uganda;Female;2014;18790443.0
Uganda;Rural;2014;30482665.0
Uganda;Urban;2014;8350673.000000001
Uganda;Total;2015;38225453.0
Uganda;Male;2015;18775708.0
Uganda;Female;2015;19449739.0
Uganda;Rural;2015;31289039.0
Uganda;Urban;2015;8855831.0
Uganda;Total;2016;39649166.0
Uganda;Male;2016;19487414.0
Uganda;Female;2016;20161759.0
Uganda;Rural;2016;32101656.0
Uganda;Urban;2016;9386309.0
Uganda;Total;2017;41166588.0
Uganda;Male;2017;20248172.0
Uganda;Female;2017;20918416.0
Uganda;Rural;2017;32920646.0
Uganda;Urban;2017;9942312.0
Uganda;Total;2018;42729036.0
Uganda;Male;2018;21032905.0
Uganda;Female;2018;21696127.0
Uganda;Rural;2018;33745480.0
Uganda;Urban;2018;10525083.0
Ukraine;Total;2000;48838065.0
Ukraine;Male;2000;22733656.0
Ukraine;Female;2000;26104402.0
Ukraine;Rural;2000;16046507.0
Ukraine;Urban;2000;32793567.000000004
Ukraine;Total;2001;48401656.0
Ukraine;Male;2001;22517799.0
Ukraine;Female;2001;25883849.0
Ukraine;Rural;2001;15884189.0
Ukraine;Urban;2001;32518696.0
Ukraine;Total;2002;47980039.0
Ukraine;Male;2002;22308255.0
Ukraine;Female;2002;25671778.0
Ukraine;Rural;2002;15697688.0
Ukraine;Urban;2002;32281904.0
Ukraine;Total;2003;47582461.0
Ukraine;Male;2003;22108644.0
Ukraine;Female;2003;25473819.0
Ukraine;Rural;2003;15498315.0
Ukraine;Urban;2003;32082244.0
Ukraine;Total;2004;47217493.0
Ukraine;Male;2004;21921877.0
Ukraine;Female;2004;25295612.0
Ukraine;Rural;2004;15299601.0
Ukraine;Urban;2004;31916365.0
Ukraine;Total;2005;46890772.0
Ukraine;Male;2005;21750106.0
Ukraine;Female;2005;25140669.0
Ukraine;Rural;2005;15103966.0
Ukraine;Urban;2005;31788197.0
Ukraine;Total;2006;46607395.0
Ukraine;Male;2006;21595092.0
Ukraine;Female;2006;25012305.0
Ukraine;Rural;2006;14931773.0
Ukraine;Urban;2006;31684616.0
Ukraine;Total;2007;46366353.0
Ukraine;Male;2007;21457512.0
Ukraine;Female;2007;24908835.0
Ukraine;Rural;2007;14775381.0
Ukraine;Urban;2007;31610974.0
Ukraine;Total;2008;46158711.0
Ukraine;Male;2008;21336532.0
Ukraine;Female;2008;24822177.0
Ukraine;Rural;2008;14629477.0
Ukraine;Urban;2008;31556953.0
Ukraine;Total;2009;45970941.0
Ukraine;Male;2009;21230325.0
Ukraine;Female;2009;24740617.0
Ukraine;Rural;2009;14487124.0
Ukraine;Urban;2009;31506900.0
Ukraine;Total;2010;45792090.0
Ukraine;Male;2010;21136816.0
Ukraine;Female;2010;24655270.0
Ukraine;Rural;2010;14380838.0
Ukraine;Urban;2010;31411663.0
Ukraine;Total;2011;45619844.0
Ukraine;Male;2011;21056342.0
Ukraine;Female;2011;24563508.0
Ukraine;Rural;2011;14270405.0
Ukraine;Urban;2011;31305902.0
Ukraine;Total;2012;45453806.0
Ukraine;Male;2012;20987404.0
Ukraine;Female;2012;24466401.0
Ukraine;Rural;2012;14157020.0
Ukraine;Urban;2012;31192313.0
Ukraine;Total;2013;45286983.0
Ukraine;Male;2013;20923751.0
Ukraine;Female;2013;24363237.0
Ukraine;Rural;2013;14042196.0
Ukraine;Urban;2013;31073589.0
Ukraine;Total;2014;45111532.0
Ukraine;Male;2014;20857268.0
Ukraine;Female;2014;24254262.0
Ukraine;Rural;2014;13928187.0
Ukraine;Urban;2014;30955239.0
Ukraine;Total;2015;44921639.0
Ukraine;Male;2015;20781964.0
Ukraine;Female;2015;24139672.0
Ukraine;Rural;2015;13816730.0
Ukraine;Urban;2015;30840974.0
Ukraine;Total;2016;44713702.0
Ukraine;Male;2016;20695238.0
Ukraine;Female;2016;24018470.0
Ukraine;Rural;2016;13707753.0
Ukraine;Urban;2016;30730872.0
Ukraine;Total;2017;44487709.0
Ukraine;Male;2017;20597841.0
Ukraine;Female;2017;23889867.0
Ukraine;Rural;2017;13600408.0
Ukraine;Urban;2017;30622539.0
Ukraine;Total;2018;44246156.0
Ukraine;Male;2018;20491391.0
Ukraine;Female;2018;23754767.0
Ukraine;Rural;2018;13487744.0
Ukraine;Urban;2018;30521470.0
United Arab Emirates;Total;2000;3134062.0
United Arab Emirates;Male;2000;2117135.0
United Arab Emirates;Female;2000;1016932.0
United Arab Emirates;Rural;2000;623527.0
United Arab Emirates;Urban;2000;2531398.0
United Arab Emirates;Total;2001;3302719.0
United Arab Emirates;Male;2001;2238739.0
United Arab Emirates;Female;2001;1063983.0
United Arab Emirates;Rural;2001;643432.0
United Arab Emirates;Urban;2001;2682600.0
United Arab Emirates;Total;2002;3478777.0
United Arab Emirates;Male;2002;2364952.0
United Arab Emirates;Female;2002;1113817.0
United Arab Emirates;Rural;2002;664034.0
United Arab Emirates;Urban;2002;2843198.0
United Arab Emirates;Total;2003;3711932.0
United Arab Emirates;Male;2003;2538205.0
United Arab Emirates;Female;2003;1173726.0
United Arab Emirates;Rural;2003;693304.0
United Arab Emirates;Urban;2003;3048628.0
United Arab Emirates;Total;2004;4068570.0
United Arab Emirates;Male;2004;2815233.0
United Arab Emirates;Female;2004;1253344.0
United Arab Emirates;Rural;2004;741096.0
United Arab Emirates;Urban;2004;3346835.0
United Arab Emirates;Total;2005;4588225.0
United Arab Emirates;Male;2005;3229499.0
United Arab Emirates;Female;2005;1358723.0
United Arab Emirates;Rural;2005;812302.0
United Arab Emirates;Urban;2005;3767260.0
United Arab Emirates;Total;2006;5300174.0
United Arab Emirates;Male;2006;3807368.0
United Arab Emirates;Female;2006;1492804.0
United Arab Emirates;Rural;2006;909617.0
United Arab Emirates;Urban;2006;4332415.0
United Arab Emirates;Total;2007;6168838.0
United Arab Emirates;Male;2007;4517658.0
United Arab Emirates;Female;2007;1651188.0
United Arab Emirates;Rural;2007;1026131.0000000001
United Arab Emirates;Urban;2007;5017936.0
United Arab Emirates;Total;2008;7089487.0
United Arab Emirates;Male;2008;5266106.0
United Arab Emirates;Female;2008;1823380.0
United Arab Emirates;Rural;2008;1145328.0
United Arab Emirates;Urban;2008;5748950.0
United Arab Emirates;Total;2009;7917372.0
United Arab Emirates;Male;2009;5922677.0
United Arab Emirates;Female;2009;1994691.0
United Arab Emirates;Rural;2009;1246392.0
United Arab Emirates;Urban;2009;6420001.0
United Arab Emirates;Total;2010;8549988.0
United Arab Emirates;Male;2010;6395966.0
United Arab Emirates;Female;2010;2154032.0
United Arab Emirates;Rural;2010;1316091.0
United Arab Emirates;Urban;2010;6954593.0
United Arab Emirates;Total;2011;8946777.0
United Arab Emirates;Male;2011;6648748.0
United Arab Emirates;Female;2011;2298030.0
United Arab Emirates;Rural;2011;1350919.0
United Arab Emirates;Urban;2011;7321556.0
United Arab Emirates;Total;2012;9141596.0
United Arab Emirates;Male;2012;6713315.0
United Arab Emirates;Female;2012;2428283.0
United Arab Emirates;Rural;2012;1357387.0
United Arab Emirates;Urban;2012;7543066.0
United Arab Emirates;Total;2013;9197910.0
United Arab Emirates;Male;2013;6653157.0
United Arab Emirates;Female;2013;2544751.0
United Arab Emirates;Rural;2013;1344955.0
United Arab Emirates;Urban;2013;7661308.0
United Arab Emirates;Total;2014;9214175.0
United Arab Emirates;Male;2014;6565277.0
United Arab Emirates;Female;2014;2648905.0
United Arab Emirates;Rural;2014;1326639.0
United Arab Emirates;Urban;2014;7744228.0
United Arab Emirates;Total;2015;9262900.0
United Arab Emirates;Male;2015;6520854.0
United Arab Emirates;Female;2015;2742042.0
United Arab Emirates;Rural;2015;1311419.0
United Arab Emirates;Urban;2015;7842883.0
United Arab Emirates;Total;2016;9360980.0
United Arab Emirates;Male;2016;6537834.0
United Arab Emirates;Female;2016;2823141.0
United Arab Emirates;Rural;2016;1300961.0
United Arab Emirates;Urban;2016;7968651.0
United Arab Emirates;Total;2017;9487203.0
United Arab Emirates;Male;2017;6595482.0
United Arab Emirates;Female;2017;2891724.0
United Arab Emirates;Rural;2017;1292709.0
United Arab Emirates;Urban;2017;8107436.0
United Arab Emirates;Total;2018;9630959.0
United Arab Emirates;Male;2018;6680357.0
United Arab Emirates;Female;2018;2950609.0
United Arab Emirates;Rural;2018;1285972.0
United Arab Emirates;Urban;2018;8255643.0
United Kingdom of Great Britain and Northern Ireland;Total;2000;58923309.0
United Kingdom of Great Britain and Northern Ireland;Male;2000;28711564.0
United Kingdom of Great Britain and Northern Ireland;Female;2000;30211741.0
United Kingdom of Great Britain and Northern Ireland;Rural;2000;12585414.0
United Kingdom of Great Britain and Northern Ireland;Urban;2000;46365434.0
United Kingdom of Great Britain and Northern Ireland;Total;2001;59124288.0
United Kingdom of Great Britain and Northern Ireland;Male;2001;28833604.0
United Kingdom of Great Britain and Northern Ireland;Female;2001;30290673.0
United Kingdom of Great Britain and Northern Ireland;Rural;2001;12568459.0
United Kingdom of Great Britain and Northern Ireland;Urban;2001;46580884.0
United Kingdom of Great Britain and Northern Ireland;Total;2002;59326294.0
United Kingdom of Great Britain and Northern Ireland;Male;2002;28960222.0
United Kingdom of Great Britain and Northern Ireland;Female;2002;30366072.0
United Kingdom of Great Britain and Northern Ireland;Rural;2002;12435493.0
United Kingdom of Great Britain and Northern Ireland;Urban;2002;46913460.0
United Kingdom of Great Britain and Northern Ireland;Total;2003;59561432.0
United Kingdom of Great Britain and Northern Ireland;Male;2003;29105237.0
United Kingdom of Great Britain and Northern Ireland;Female;2003;30456192.0
United Kingdom of Great Britain and Northern Ireland;Rural;2003;12309693.0
United Kingdom of Great Britain and Northern Ireland;Urban;2003;47270529.0
United Kingdom of Great Britain and Northern Ireland;Total;2004;59872753.0
United Kingdom of Great Britain and Northern Ireland;Male;2004;29287102.0
United Kingdom of Great Britain and Northern Ireland;Female;2004;30585658.0
United Kingdom of Great Britain and Northern Ireland;Rural;2004;12198913.0
United Kingdom of Great Britain and Northern Ireland;Urban;2004;47685215.0
United Kingdom of Great Britain and Northern Ireland;Total;2005;60287954.0
United Kingdom of Great Britain and Northern Ireland;Male;2005;29517485.0
United Kingdom of Great Britain and Northern Ireland;Female;2005;30770468.0
United Kingdom of Great Britain and Northern Ireland;Rural;2005;12108499.0
United Kingdom of Great Britain and Northern Ireland;Urban;2005;48178255.0
United Kingdom of Great Britain and Northern Ireland;Total;2006;60821356.0
United Kingdom of Great Britain and Northern Ireland;Male;2006;29802575.0
United Kingdom of Great Britain and Northern Ireland;Female;2006;31018774.0
United Kingdom of Great Britain and Northern Ireland;Rural;2006;12039836.0
United Kingdom of Great Britain and Northern Ireland;Urban;2006;48762965.0
United Kingdom of Great Britain and Northern Ireland;Total;2007;61455162.0
United Kingdom of Great Britain and Northern Ireland;Male;2007;30134133.0
United Kingdom of Great Britain and Northern Ireland;Female;2007;31321021.0
United Kingdom of Great Britain and Northern Ireland;Rural;2007;11988805.0
United Kingdom of Great Britain and Northern Ireland;Urban;2007;49425855.0
United Kingdom of Great Britain and Northern Ireland;Total;2008;62145097.0
United Kingdom of Great Britain and Northern Ireland;Male;2008;30491503.0
United Kingdom of Great Britain and Northern Ireland;Female;2008;31653595.0
United Kingdom of Great Britain and Northern Ireland;Rural;2008;11945543.0
United Kingdom of Great Britain and Northern Ireland;Urban;2008;50130678.0
United Kingdom of Great Britain and Northern Ireland;Total;2009;62828616.0
United Kingdom of Great Britain and Northern Ireland;Male;2009;30845661.0
United Kingdom of Great Britain and Northern Ireland;Female;2009;31982959.0
United Kingdom of Great Britain and Northern Ireland;Rural;2009;11898094.0
United Kingdom of Great Britain and Northern Ireland;Urban;2009;50824513.0
United Kingdom of Great Britain and Northern Ireland;Total;2010;63459808.0
United Kingdom of Great Britain and Northern Ireland;Male;2010;31175280.0
United Kingdom of Great Britain and Northern Ireland;Female;2010;32284521.0
United Kingdom of Great Britain and Northern Ireland;Rural;2010;11837146.0
United Kingdom of Great Britain and Northern Ireland;Urban;2010;51469697.0
United Kingdom of Great Britain and Northern Ireland;Total;2011;64021919.0
United Kingdom of Great Britain and Northern Ireland;Male;2011;31472428.0
United Kingdom of Great Britain and Northern Ireland;Female;2011;32549494.0
United Kingdom of Great Britain and Northern Ireland;Rural;2011;11760347.0
United Kingdom of Great Britain and Northern Ireland;Urban;2011;52051535.0
United Kingdom of Great Britain and Northern Ireland;Total;2012;64525312.0
United Kingdom of Great Britain and Northern Ireland;Male;2012;31741626.0
United Kingdom of Great Britain and Northern Ireland;Female;2012;32783674.0
United Kingdom of Great Britain and Northern Ireland;Rural;2012;11669597.0
United Kingdom of Great Britain and Northern Ireland;Urban;2012;52580733.0
United Kingdom of Great Britain and Northern Ireland;Total;2013;64984018.0
United Kingdom of Great Britain and Northern Ireland;Male;2013;31989179.0
United Kingdom of Great Britain and Northern Ireland;Female;2013;32994836.000000004
United Kingdom of Great Britain and Northern Ireland;Rural;2013;11569344.0
United Kingdom of Great Britain and Northern Ireland;Urban;2013;53071766.0
United Kingdom of Great Britain and Northern Ireland;Total;2014;65423047.0
United Kingdom of Great Britain and Northern Ireland;Male;2014;32226444.0
United Kingdom of Great Britain and Northern Ireland;Female;2014;33196604.0
United Kingdom of Great Britain and Northern Ireland;Rural;2014;11465340.0
United Kingdom of Great Britain and Northern Ireland;Urban;2014;53550346.0
United Kingdom of Great Britain and Northern Ireland;Total;2015;65860145.99999999
United Kingdom of Great Britain and Northern Ireland;Male;2015;32461498.0
United Kingdom of Great Britain and Northern Ireland;Female;2015;33398650.999999996
United Kingdom of Great Britain and Northern Ireland;Rural;2015;11361769.0
United Kingdom of Great Britain and Northern Ireland;Urban;2015;54035311.0
United Kingdom of Great Britain and Northern Ireland;Total;2016;66297944.0
United Kingdom of Great Britain and Northern Ireland;Male;2016;32695427.0
United Kingdom of Great Britain and Northern Ireland;Female;2016;33602517.0
United Kingdom of Great Britain and Northern Ireland;Rural;2016;11259199.0
United Kingdom of Great Britain and Northern Ireland;Urban;2016;54529375.0
United Kingdom of Great Britain and Northern Ireland;Total;2017;66727460.99999999
United Kingdom of Great Britain and Northern Ireland;Male;2017;32924082.000000004
United Kingdom of Great Britain and Northern Ireland;Female;2017;33803381.0
United Kingdom of Great Britain and Northern Ireland;Rural;2017;11156164.0
United Kingdom of Great Britain and Northern Ireland;Urban;2017;55025421.0
United Kingdom of Great Britain and Northern Ireland;Total;2018;67141684.0
United Kingdom of Great Britain and Northern Ireland;Male;2018;33144305.0
United Kingdom of Great Britain and Northern Ireland;Female;2018;33997373.0
United Kingdom of Great Britain and Northern Ireland;Rural;2018;11052278.0
United Kingdom of Great Britain and Northern Ireland;Urban;2018;55521226.0
United Republic of Tanzania;Total;2000;33499180.0
United Republic of Tanzania;Male;2000;16661170.999999998
United Republic of Tanzania;Female;2000;16838006.0
United Republic of Tanzania;Rural;2000;26553317.0
United Republic of Tanzania;Urban;2000;7624725.0
United Republic of Tanzania;Total;2001;34385856.0
United Republic of Tanzania;Male;2001;17102686.0
United Republic of Tanzania;Female;2001;17283163.0
United Republic of Tanzania;Rural;2001;27154582.0
United Republic of Tanzania;Urban;2001;7962437.0
United Republic of Tanzania;Total;2002;35334788.0
United Republic of Tanzania;Male;2002;17575959.0
United Republic of Tanzania;Female;2002;17758831.0
United Republic of Tanzania;Rural;2002;27785622.0
United Republic of Tanzania;Urban;2002;8320186.0
United Republic of Tanzania;Total;2003;36337782.0
United Republic of Tanzania;Male;2003;18077286.0
United Republic of Tanzania;Female;2003;18260492.0
United Republic of Tanzania;Rural;2003;28377799.0
United Republic of Tanzania;Urban;2003;8771273.0
United Republic of Tanzania;Total;2004;37379767.0
United Republic of Tanzania;Male;2004;18599658.0
United Republic of Tanzania;Female;2004;18780108.0
United Republic of Tanzania;Rural;2004;28984506.0
United Republic of Tanzania;Urban;2004;9265478.0
United Republic of Tanzania;Total;2005;38450320.0
United Republic of Tanzania;Male;2005;19138137.0
United Republic of Tanzania;Female;2005;19312186.0
United Republic of Tanzania;Rural;2005;29619018.0
United Republic of Tanzania;Urban;2005;9791527.0
United Republic of Tanzania;Total;2006;39548663.0
United Republic of Tanzania;Male;2006;19692657.0
United Republic of Tanzania;Female;2006;19856009.0
United Republic of Tanzania;Rural;2006;30282031.0
United Republic of Tanzania;Urban;2006;10352917.0
United Republic of Tanzania;Total;2007;40681414.0
United Republic of Tanzania;Male;2007;20266223.0
United Republic of Tanzania;Female;2007;20415193.0
United Republic of Tanzania;Rural;2007;30972693.0
United Republic of Tanzania;Urban;2007;10951022.0
United Republic of Tanzania;Total;2008;41853944.0
United Republic of Tanzania;Male;2008;20860448.0
United Republic of Tanzania;Female;2008;20993496.0
United Republic of Tanzania;Rural;2008;31684102.0
United Republic of Tanzania;Urban;2008;11586042.0
United Republic of Tanzania;Total;2009;43073834.0
United Republic of Tanzania;Male;2009;21477630.0
United Republic of Tanzania;Female;2009;21596200.0
United Republic of Tanzania;Rural;2009;32408679.0
United Republic of Tanzania;Urban;2009;12255552.0
United Republic of Tanzania;Total;2010;44346525.0
United Republic of Tanzania;Male;2010;22119464.0
United Republic of Tanzania;Female;2010;22227068.0
United Republic of Tanzania;Rural;2010;33138622.000000004
United Republic of Tanzania;Urban;2010;12959969.0
United Republic of Tanzania;Total;2011;45673512.0
United Republic of Tanzania;Male;2011;22786199.0
United Republic of Tanzania;Female;2011;22887321.0
United Republic of Tanzania;Rural;2011;33871494.0
United Republic of Tanzania;Urban;2011;13699408.0
United Republic of Tanzania;Total;2012;47053030.0
United Republic of Tanzania;Male;2012;23477351.0
United Republic of Tanzania;Female;2012;23575682.0
United Republic of Tanzania;Rural;2012;34606978.0
United Republic of Tanzania;Urban;2012;14476019.0
United Republic of Tanzania;Total;2013;48483129.0
United Republic of Tanzania;Male;2013;24192894.0
United Republic of Tanzania;Female;2013;24290238.0
United Republic of Tanzania;Rural;2013;35346511.0
United Republic of Tanzania;Urban;2013;15290084.0
United Republic of Tanzania;Total;2014;49960561.0
United Republic of Tanzania;Male;2014;24932610.0
United Republic of Tanzania;Female;2014;25027953.0
United Republic of Tanzania;Rural;2014;36092092.0
United Republic of Tanzania;Urban;2014;16142777.0
United Republic of Tanzania;Total;2015;51482633.0
United Republic of Tanzania;Male;2015;25696138.0
United Republic of Tanzania;Female;2015;25786500.0
United Republic of Tanzania;Rural;2015;36844744.0
United Republic of Tanzania;Urban;2015;17035213.0
United Republic of Tanzania;Total;2016;53049230.0
United Republic of Tanzania;Male;2016;26483706.0
United Republic of Tanzania;Female;2016;26565525.0
United Republic of Tanzania;Rural;2016;37603765.0
United Republic of Tanzania;Urban;2016;17968436.0
United Republic of Tanzania;Total;2017;54660339.0
United Republic of Tanzania;Male;2017;27294920.0
United Republic of Tanzania;Female;2017;27365425.0
United Republic of Tanzania;Rural;2017;38367191.0
United Republic of Tanzania;Urban;2017;18942828.0
United Republic of Tanzania;Total;2018;56313438.0
United Republic of Tanzania;Male;2018;28127996.0
United Republic of Tanzania;Female;2018;28185448.0
United Republic of Tanzania;Rural;2018;39132847.0
United Republic of Tanzania;Urban;2018;19958545.0
United States of America;Total;2000;281710909.0
United States of America;Male;2000;138761588.0
United States of America;Female;2000;142949326.0
United States of America;Rural;2000;59054865.0
United States of America;Urban;2000;222927913.0
United States of America;Total;2001;284607993.0
United States of America;Male;2001;140249955.0
United States of America;Female;2001;144358037.0
United States of America;Rural;2001;59153827.0
United States of America;Urban;2001;225698564.0
United States of America;Total;2002;287279318.0
United States of America;Male;2002;141624546.0
United States of America;Female;2002;145654766.0
United States of America;Rural;2002;59200835.0
United States of America;Urban;2002;228306012.0
United States of America;Total;2003;289815562.0
United States of America;Male;2003;142928382.0
United States of America;Female;2003;146887185.0
United States of America;Rural;2003;59214430.0
United States of America;Urban;2003;230813194.0
United States of America;Total;2004;292354658.0
United States of America;Male;2004;144227349.0
United States of America;Female;2004;148127314.0
United States of America;Rural;2004;59219920.0
United States of America;Urban;2004;233319404.0
United States of America;Total;2005;294993511.0
United States of America;Male;2005;145568081.0
United States of America;Female;2005;149425428.0
United States of America;Rural;2005;59237094.0
United States of America;Urban;2005;235892407.0
United States of America;Total;2006;297758969.0
United States of America;Male;2006;146962229.0
United States of America;Female;2006;150796748.0
United States of America;Rural;2006;59269355.0
United States of America;Urban;2006;238558001.0
United States of America;Total;2007;300608429.0
United States of America;Male;2007;148389984.0
United States of America;Female;2007;152218441.0
United States of America;Rural;2007;59309491.0
United States of America;Urban;2007;241285684.0
United States of America;Total;2008;303486012.0
United States of America;Male;2008;149828894.0
United States of America;Female;2008;153657128.0
United States of America;Rural;2008;59345012.0
United States of America;Urban;2008;244029055.0
United States of America;Total;2009;306307567.0
United States of America;Male;2009;151244420.0
United States of America;Female;2009;155063145.0
United States of America;Rural;2009;59361054.0
United States of America;Urban;2009;246715308.0
United States of America;Total;2010;309011475.0
United States of America;Male;2010;152610910.0
United States of America;Female;2010;156400559.0
United States of America;Rural;2010;59344315.0
United States of America;Urban;2010;249297076.0
United States of America;Total;2011;311584047.0
United States of America;Male;2011;153923757.0
United States of America;Female;2011;157660294.0
United States of America;Rural;2011;59275426.0
United States of America;Urban;2011;251775947.0
United States of America;Total;2012;314043885.0
United States of America;Male;2012;155189795.0
United States of America;Female;2012;158854090.0
United States of America;Rural;2012;59160759.0
United States of America;Urban;2012;254174664.0
United States of America;Total;2013;316400538.0
United States of America;Male;2013;156408505.0
United States of America;Female;2013;159992034.0
United States of America;Rural;2013;59009166.0
United States of America;Urban;2013;256527510.0
United States of America;Total;2014;318673411.0
United States of America;Male;2014;157581861.0
United States of America;Female;2014;161091561.0
United States of America;Rural;2014;58833036.0
United States of America;Urban;2014;258885743.0
United States of America;Total;2015;320878310.0
United States of America;Male;2015;158712121.0
United States of America;Female;2015;162166191.0
United States of America;Rural;2015;58641351.0
United States of America;Urban;2015;261287811.0
United States of America;Total;2016;323015995.0
United States of America;Male;2016;159798231.0
United States of America;Female;2016;163217761.0
United States of America;Rural;2016;58436293.0
United States of America;Urban;2016;263743311.99999997
United States of America;Total;2017;325084756.0
United States of America;Male;2017;160840943.0
United States of America;Female;2017;164243815.0
United States of America;Rural;2017;58215947.0
United States of America;Urban;2017;266243516.0
United States of America;Total;2018;327096265.0
United States of America;Male;2018;161847183.0
United States of America;Female;2018;165249080.0
United States of America;Rural;2018;57980034.0
United States of America;Urban;2018;268786714.0
United States Virgin Islands;Total;2000;108722.0
United States Virgin Islands;Male;2000;52501.0
United States Virgin Islands;Female;2000;56229.0
United States Virgin Islands;Rural;2000;8060.000000000001
United States Virgin Islands;Urban;2000;100662.0
United States Virgin Islands;Total;2001;108691.0
United States Virgin Islands;Male;2001;52492.0
United States Virgin Islands;Female;2001;56197.0
United States Virgin Islands;Rural;2001;7810.0
United States Virgin Islands;Urban;2001;100880.0
United States Virgin Islands;Total;2002;108561.0
United States Virgin Islands;Male;2002;52453.0
United States Virgin Islands;Female;2002;56103.0
United States Virgin Islands;Rural;2002;7560.0
United States Virgin Islands;Urban;2002;100997.0
United States Virgin Islands;Total;2003;108360.0
United States Virgin Islands;Male;2003;52378.0
United States Virgin Islands;Female;2003;55976.0
United States Virgin Islands;Rural;2003;7312.0
United States Virgin Islands;Urban;2003;101040.0
United States Virgin Islands;Total;2004;108092.0
United States Virgin Islands;Male;2004;52260.0
United States Virgin Islands;Female;2004;55840.0
United States Virgin Islands;Rural;2004;7068.0
United States Virgin Islands;Urban;2004;101018.0
United States Virgin Islands;Total;2005;107794.0
United States Virgin Islands;Male;2005;52086.0
United States Virgin Islands;Female;2005;55715.0
United States Virgin Islands;Rural;2005;6830.0
United States Virgin Islands;Urban;2005;100963.0
United States Virgin Islands;Total;2006;107462.0
United States Virgin Islands;Male;2006;51859.0
United States Virgin Islands;Female;2006;55607.0
United States Virgin Islands;Rural;2006;6598.0
United States Virgin Islands;Urban;2006;100874.0
United States Virgin Islands;Total;2007;107115.0
United States Virgin Islands;Male;2007;51588.0
United States Virgin Islands;Female;2007;55530.0
United States Virgin Islands;Rural;2007;6372.0
United States Virgin Islands;Urban;2007;100769.0
United States Virgin Islands;Total;2008;106756.0
United States Virgin Islands;Male;2008;51298.0
United States Virgin Islands;Female;2008;55455.0
United States Virgin Islands;Rural;2008;6153.0
United States Virgin Islands;Urban;2008;100645.0
United States Virgin Islands;Total;2009;106412.0
United States Virgin Islands;Male;2009;51020.0
United States Virgin Islands;Female;2009;55396.0
United States Virgin Islands;Rural;2009;5942.0
United States Virgin Islands;Urban;2009;100527.0
United States Virgin Islands;Total;2010;106087.0
United States Virgin Islands;Male;2010;50767.0
United States Virgin Islands;Female;2010;55319.0
United States Virgin Islands;Rural;2010;5738.0
United States Virgin Islands;Urban;2010;100411.0
United States Virgin Islands;Total;2011;105793.0
United States Virgin Islands;Male;2011;50560.0
United States Virgin Islands;Female;2011;55234.0
United States Virgin Islands;Rural;2011;5545.0
United States Virgin Islands;Urban;2011;100298.0
United States Virgin Islands;Total;2012;105534.0
United States Virgin Islands;Male;2012;50382.0
United States Virgin Islands;Female;2012;55142.0
United States Virgin Islands;Rural;2012;5363.0
United States Virgin Islands;Urban;2012;100194.0
United States Virgin Islands;Total;2013;105303.0
United States Virgin Islands;Male;2013;50244.0
United States Virgin Islands;Female;2013;55060.0
United States Virgin Islands;Rural;2013;5192.0
United States Virgin Islands;Urban;2013;100119.0
United States Virgin Islands;Total;2014;105114.0
United States Virgin Islands;Male;2014;50125.0
United States Virgin Islands;Female;2014;54982.0
United States Virgin Islands;Rural;2014;5031.0
United States Virgin Islands;Urban;2014;100079.0
United States Virgin Islands;Total;2015;104958.0
United States Virgin Islands;Male;2015;50012.0
United States Virgin Islands;Female;2015;54938.0
United States Virgin Islands;Rural;2015;4882.0
United States Virgin Islands;Urban;2015;100095.0
United States Virgin Islands;Total;2016;104835.0
United States Virgin Islands;Male;2016;49927.0
United States Virgin Islands;Female;2016;54902.0
United States Virgin Islands;Rural;2016;4743.0
United States Virgin Islands;Urban;2016;100170.0
United States Virgin Islands;Total;2017;104751.0
United States Virgin Islands;Male;2017;49850.0
United States Virgin Islands;Female;2017;54895.0
United States Virgin Islands;Rural;2017;4612.0
United States Virgin Islands;Urban;2017;100289.0
United States Virgin Islands;Total;2018;104680.0
United States Virgin Islands;Male;2018;49785.0
United States Virgin Islands;Female;2018;54887.0
United States Virgin Islands;Rural;2018;4490.0
United States Virgin Islands;Urban;2018;100424.0
Uruguay;Total;2000;3319736.0
Uruguay;Male;2000;1606658.0
Uruguay;Female;2000;1713076.0
Uruguay;Rural;2000;264771.0
Uruguay;Urban;2000;3056474.0
Uruguay;Total;2001;3325473.0
Uruguay;Male;2001;1608561.0
Uruguay;Female;2001;1716910.0
Uruguay;Rural;2001;256089.99999999997
Uruguay;Urban;2001;3071013.0
Uruguay;Total;2002;3326040.0
Uruguay;Male;2002;1607740.0
Uruguay;Female;2002;1718306.0
Uruguay;Rural;2002;247270.0
Uruguay;Urban;2002;3080503.0
Uruguay;Total;2003;3323668.0
Uruguay;Male;2003;1605382.0
Uruguay;Female;2003;1718279.0
Uruguay;Rural;2003;238529.0
Uruguay;Urban;2003;3087108.0
Uruguay;Total;2004;3321476.0
Uruguay;Male;2004;1603184.0
Uruguay;Female;2004;1718302.0
Uruguay;Rural;2004;230105.0
Uruguay;Urban;2004;3093991.0
Uruguay;Total;2005;3321803.0
Uruguay;Male;2005;1602404.0
Uruguay;Female;2005;1719395.0
Uruguay;Rural;2005;222183.0
Uruguay;Urban;2005;3103429.0
Uruguay;Total;2006;3325401.0
Uruguay;Male;2006;1603455.0
Uruguay;Female;2006;1721948.0
Uruguay;Rural;2006;214756.0
Uruguay;Urban;2006;3116287.0
Uruguay;Total;2007;3331749.0
Uruguay;Male;2007;1606046.0
Uruguay;Female;2007;1725707.0
Uruguay;Rural;2007;207762.0
Uruguay;Urban;2007;3131979.0
Uruguay;Total;2008;3340221.0
Uruguay;Male;2008;1609858.0
Uruguay;Female;2008;1730363.0
Uruguay;Rural;2008;201110.0
Uruguay;Urban;2008;3149714.0
Uruguay;Total;2009;3349676.0
Uruguay;Male;2009;1614283.0
Uruguay;Female;2009;1735393.0
Uruguay;Rural;2009;194722.0
Uruguay;Urban;2009;3168033.0
Uruguay;Total;2010;3359275.0
Uruguay;Male;2010;1618886.0
Uruguay;Female;2010;1740387.0
Uruguay;Rural;2010;188495.0
Uruguay;Urban;2010;3185920.0
Uruguay;Total;2011;3368934.0
Uruguay;Male;2011;1623611.0
Uruguay;Female;2011;1745315.0
Uruguay;Rural;2011;182426.0
Uruguay;Urban;2011;3203198.0
Uruguay;Total;2012;3378975.0
Uruguay;Male;2012;1628651.0
Uruguay;Female;2012;1750324.0
Uruguay;Rural;2012;178688.0
Uruguay;Urban;2012;3218089.0
Uruguay;Total;2013;3389443.0
Uruguay;Male;2013;1633981.0
Uruguay;Female;2013;1755455.0
Uruguay;Rural;2013;175741.0
Uruguay;Urban;2013;3232264.0
Uruguay;Total;2014;3400436.0
Uruguay;Male;2014;1639656.0
Uruguay;Female;2014;1760783.0
Uruguay;Rural;2014;172847.0
Uruguay;Urban;2014;3246699.0
Uruguay;Total;2015;3412009.0
Uruguay;Male;2015;1645672.0
Uruguay;Female;2015;1766341.0
Uruguay;Rural;2015;170019.0
Uruguay;Urban;2015;3261533.0
Uruguay;Total;2016;3424129.0
Uruguay;Male;2016;1652003.0
Uruguay;Female;2016;1772136.0
Uruguay;Rural;2016;167249.0
Uruguay;Urban;2016;3276757.0
Uruguay;Total;2017;3436641.0
Uruguay;Male;2017;1658580.0
Uruguay;Female;2017;1778065.0
Uruguay;Rural;2017;164541.0
Uruguay;Urban;2017;3292209.0
Uruguay;Total;2018;3449285.0
Uruguay;Male;2018;1665264.0
Uruguay;Female;2018;1784026.0
Uruguay;Rural;2018;161889.0
Uruguay;Urban;2018;3307662.0
Uzbekistan;Total;2000;24769955.0
Uzbekistan;Male;2000;12317008.0
Uzbekistan;Female;2000;12452947.0
Uzbekistan;Rural;2000;13387219.0
Uzbekistan;Urban;2000;11461701.0
Uzbekistan;Total;2001;25108563.0
Uzbekistan;Male;2001;12482735.0
Uzbekistan;Female;2001;12625819.0
Uzbekistan;Rural;2001;13449101.0
Uzbekistan;Urban;2001;11739426.0
Uzbekistan;Total;2002;25431122.0
Uzbekistan;Male;2002;12640224.0
Uzbekistan;Female;2002;12790892.0
Uzbekistan;Rural;2002;13498784.0
Uzbekistan;Urban;2002;12013092.0
Uzbekistan;Total;2003;25749101.0
Uzbekistan;Male;2003;12795670.0
Uzbekistan;Female;2003;12953439.0
Uzbekistan;Rural;2003;13542816.0
Uzbekistan;Urban;2003;12287843.0
Uzbekistan;Total;2004;26077607.0
Uzbekistan;Male;2004;12957090.0
Uzbekistan;Female;2004;13120524.0
Uzbekistan;Rural;2004;13589132.0
Uzbekistan;Urban;2004;12571194.0
Uzbekistan;Total;2005;26427789.0
Uzbekistan;Male;2005;13130436.0
Uzbekistan;Female;2005;13297349.0
Uzbekistan;Rural;2005;13643936.0
Uzbekistan;Urban;2005;12868248.0
Uzbekistan;Total;2006;26804072.0
Uzbekistan;Male;2006;13318155.0
Uzbekistan;Female;2006;13485912.0
Uzbekistan;Rural;2006;13708459.0
Uzbekistan;Urban;2006;13181804.0
Uzbekistan;Total;2007;27204711.0
Uzbekistan;Male;2007;13519340.0
Uzbekistan;Female;2007;13685371.0
Uzbekistan;Rural;2007;13781409.0
Uzbekistan;Urban;2007;13510966.0
Uzbekistan;Total;2008;27626982.0
Uzbekistan;Male;2008;13732384.0
Uzbekistan;Female;2008;13894597.0
Uzbekistan;Rural;2008;13860930.0
Uzbekistan;Urban;2008;13854895.0
Uzbekistan;Total;2009;28065466.0
Uzbekistan;Male;2009;13954160.0
Uzbekistan;Female;2009;14111309.0
Uzbekistan;Rural;2009;13944661.0
Uzbekistan;Urban;2009;14210645.0
Uzbekistan;Total;2010;28515909.0
Uzbekistan;Male;2010;14182209.0
Uzbekistan;Female;2010;14333699.0
Uzbekistan;Rural;2010;14029623.0
Uzbekistan;Urban;2010;14576671.0
Uzbekistan;Total;2011;28977010.0
Uzbekistan;Male;2011;14415785.0
Uzbekistan;Female;2011;14561221.0
Uzbekistan;Rural;2011;14199705.0
Uzbekistan;Urban;2011;14868519.0
Uzbekistan;Total;2012;29449413.0
Uzbekistan;Male;2012;14655267.0
Uzbekistan;Female;2012;14794148.0
Uzbekistan;Rural;2012;14460143.0
Uzbekistan;Urban;2012;15080676.0
Uzbekistan;Total;2013;29932631.0
Uzbekistan;Male;2013;14900407.0
Uzbekistan;Female;2013;15032223.0
Uzbekistan;Rural;2013;14724547.0
Uzbekistan;Urban;2013;15295187.0
Uzbekistan;Total;2014;30426388.0
Uzbekistan;Male;2014;15151121.0
Uzbekistan;Female;2014;15275273.0
Uzbekistan;Rural;2014;14990427.0
Uzbekistan;Urban;2014;15509191.0
Uzbekistan;Total;2015;30929557.0
Uzbekistan;Male;2015;15406833.0
Uzbekistan;Female;2015;15522723.0
Uzbekistan;Rural;2015;15255556.0
Uzbekistan;Urban;2015;15720465.0
Uzbekistan;Total;2016;31441751.0
Uzbekistan;Male;2016;15667332.0
Uzbekistan;Female;2016;15774421.0
Uzbekistan;Rural;2016;15518905.0
Uzbekistan;Urban;2016;15927890.0
Uzbekistan;Total;2017;31959785.0
Uzbekistan;Male;2017;15930887.0
Uzbekistan;Female;2017;16028887.0
Uzbekistan;Rural;2017;15779684.0
Uzbekistan;Urban;2017;16130957.0
Uzbekistan;Total;2018;32476244.0
Uzbekistan;Male;2018;16193507.0
Uzbekistan;Female;2018;16282725.0
Uzbekistan;Rural;2018;16027774.0
Uzbekistan;Urban;2018;16337222.0
Vanuatu;Total;2000;184972.0
Vanuatu;Male;2000;94604.0
Vanuatu;Female;2000;90360.0
Vanuatu;Rural;2000;144954.0
Vanuatu;Urban;2000;40109.0
Vanuatu;Total;2001;189219.0
Vanuatu;Male;2001;96726.0
Vanuatu;Female;2001;92483.0
Vanuatu;Rural;2001;147736.0
Vanuatu;Urban;2001;41554.0
Vanuatu;Total;2002;193920.0
Vanuatu;Male;2002;99101.0
Vanuatu;Female;2002;94826.0
Vanuatu;Rural;2002;150829.0
Vanuatu;Urban;2002;43127.0
Vanuatu;Total;2003;198959.0
Vanuatu;Male;2003;101626.0
Vanuatu;Female;2003;97334.0
Vanuatu;Rural;2003;154156.0
Vanuatu;Urban;2003;44808.0
Vanuatu;Total;2004;204127.0
Vanuatu;Male;2004;104208.0
Vanuatu;Female;2004;99915.0
Vanuatu;Rural;2004;157581.0
Vanuatu;Urban;2004;46562.0
Vanuatu;Total;2005;209282.0
Vanuatu;Male;2005;106762.0
Vanuatu;Female;2005;102520.0
Vanuatu;Rural;2005;161008.0
Vanuatu;Urban;2005;48362.0
Vanuatu;Total;2006;214370.0
Vanuatu;Male;2006;109261.0
Vanuatu;Female;2006;105118.0
Vanuatu;Rural;2006;164428.0
Vanuatu;Urban;2006;50206.0
Vanuatu;Total;2007;219472.0
Vanuatu;Male;2007;111728.0
Vanuatu;Female;2007;107736.0
Vanuatu;Rural;2007;167853.0
Vanuatu;Urban;2007;52100.0
Vanuatu;Total;2008;224704.0
Vanuatu;Male;2008;114273.0
Vanuatu;Female;2008;110427.0
Vanuatu;Rural;2008;171291.0
Vanuatu;Urban;2008;54049.0
Vanuatu;Total;2009;230247.0
Vanuatu;Male;2009;116982.0
Vanuatu;Female;2009;113262.0
Vanuatu;Rural;2009;174737.0
Vanuatu;Urban;2009;56048.0
Vanuatu;Total;2010;236211.0
Vanuatu;Male;2010;119933.0
Vanuatu;Female;2010;116283.0
Vanuatu;Rural;2010;178493.0
Vanuatu;Urban;2010;57802.0
Vanuatu;Total;2011;242653.0
Vanuatu;Male;2011;123155.0
Vanuatu;Female;2011;119503.0
Vanuatu;Rural;2011;182465.0
Vanuatu;Urban;2011;59406.0
Vanuatu;Total;2012;249499.0
Vanuatu;Male;2012;126612.0
Vanuatu;Female;2012;122893.0
Vanuatu;Rural;2012;186453.0
Vanuatu;Urban;2012;61032.0
Vanuatu;Total;2013;256635.0
Vanuatu;Male;2013;130228.00000000001
Vanuatu;Female;2013;126409.0
Vanuatu;Rural;2013;190463.0
Vanuatu;Urban;2013;62679.0
Vanuatu;Total;2014;263888.0
Vanuatu;Male;2014;133908.0
Vanuatu;Female;2014;129979.99999999999
Vanuatu;Rural;2014;194498.0
Vanuatu;Urban;2014;64352.00000000001
Vanuatu;Total;2015;271130.0
Vanuatu;Male;2015;137573.0
Vanuatu;Female;2015;133555.0
Vanuatu;Rural;2015;198555.0
Vanuatu;Urban;2015;66048.0
Vanuatu;Total;2016;278330.0
Vanuatu;Male;2016;141205.0
Vanuatu;Female;2016;137121.0
Vanuatu;Rural;2016;202634.0
Vanuatu;Urban;2016;67768.0
Vanuatu;Total;2017;285510.0
Vanuatu;Male;2017;144813.0
Vanuatu;Female;2017;140686.0
Vanuatu;Rural;2017;206733.0
Vanuatu;Urban;2017;69511.0
Vanuatu;Total;2018;292680.0
Vanuatu;Male;2018;148419.0
Vanuatu;Female;2018;144256.0
Vanuatu;Rural;2018;210816.0
Vanuatu;Urban;2018;71301.0
Venezuela (Bolivarian Republic of);Total;2000;24192446.0
Venezuela (Bolivarian Republic of);Male;2000;12139611.0
Venezuela (Bolivarian Republic of);Female;2000;12052838.0
Venezuela (Bolivarian Republic of);Rural;2000;3046475.0
Venezuela (Bolivarian Republic of);Urban;2000;21441865.0
Venezuela (Bolivarian Republic of);Total;2001;24646472.0
Venezuela (Bolivarian Republic of);Male;2001;12361647.0
Venezuela (Bolivarian Republic of);Female;2001;12284824.0
Venezuela (Bolivarian Republic of);Rural;2001;3031240.0
Venezuela (Bolivarian Republic of);Urban;2001;21917236.0
Venezuela (Bolivarian Republic of);Total;2002;25100408.0
Venezuela (Bolivarian Republic of);Male;2002;12583311.0
Venezuela (Bolivarian Republic of);Female;2002;12517096.0
Venezuela (Bolivarian Republic of);Rural;2002;3080534.0
Venezuela (Bolivarian Republic of);Urban;2002;22328166.0
Venezuela (Bolivarian Republic of);Total;2003;25551624.0
Venezuela (Bolivarian Republic of);Male;2003;12803181.0
Venezuela (Bolivarian Republic of);Female;2003;12748443.0
Venezuela (Bolivarian Republic of);Rural;2003;3129553.0
Venezuela (Bolivarian Republic of);Urban;2003;22738970.0
Venezuela (Bolivarian Republic of);Total;2004;25996594.0
Venezuela (Bolivarian Republic of);Male;2004;13019378.0
Venezuela (Bolivarian Republic of);Female;2004;12977216.0
Venezuela (Bolivarian Republic of);Rural;2004;3178200.0
Venezuela (Bolivarian Republic of);Urban;2004;23149025.0
Venezuela (Bolivarian Republic of);Total;2005;26432447.0
Venezuela (Bolivarian Republic of);Male;2005;13230356.0
Venezuela (Bolivarian Republic of);Female;2005;13202089.0
Venezuela (Bolivarian Republic of);Rural;2005;3226428.0
Venezuela (Bolivarian Republic of);Urban;2005;23557733.0
Venezuela (Bolivarian Republic of);Total;2006;26850194.0
Venezuela (Bolivarian Republic of);Male;2006;13431382.0
Venezuela (Bolivarian Republic of);Female;2006;13418808.0
Venezuela (Bolivarian Republic of);Rural;2006;3274191.0
Venezuela (Bolivarian Republic of);Urban;2006;23964977.0
Venezuela (Bolivarian Republic of);Total;2007;27247610.0
Venezuela (Bolivarian Republic of);Male;2007;13621331.0
Venezuela (Bolivarian Republic of);Female;2007;13626270.0
Venezuela (Bolivarian Republic of);Rural;2007;3321466.0
Venezuela (Bolivarian Republic of);Urban;2007;24370499.0
Venezuela (Bolivarian Republic of);Total;2008;27635832.0
Venezuela (Bolivarian Republic of);Male;2008;13806136.0
Venezuela (Bolivarian Republic of);Female;2008;13829691.0
Venezuela (Bolivarian Republic of);Rural;2008;3368145.0
Venezuela (Bolivarian Republic of);Urban;2008;24773556.0
Venezuela (Bolivarian Republic of);Total;2009;28031009.0
Venezuela (Bolivarian Republic of);Male;2009;13994396.0
Venezuela (Bolivarian Republic of);Female;2009;14036614.0
Venezuela (Bolivarian Republic of);Rural;2009;3414135.0
Venezuela (Bolivarian Republic of);Urban;2009;25173188.0
Venezuela (Bolivarian Republic of);Total;2010;28439940.0
Venezuela (Bolivarian Republic of);Male;2010;14189756.0
Venezuela (Bolivarian Republic of);Female;2010;14250186.0
Venezuela (Bolivarian Republic of);Rural;2010;3459313.0
Venezuela (Bolivarian Republic of);Urban;2010;25568720.0
Venezuela (Bolivarian Republic of);Total;2011;28887874.0
Venezuela (Bolivarian Republic of);Male;2011;14405622.0
Venezuela (Bolivarian Republic of);Female;2011;14482251.0
Venezuela (Bolivarian Republic of);Rural;2011;3503631.0
Venezuela (Bolivarian Republic of);Urban;2011;25959660.0
Venezuela (Bolivarian Republic of);Total;2012;29360837.0
Venezuela (Bolivarian Republic of);Male;2012;14634669.0
Venezuela (Bolivarian Republic of);Female;2012;14726158.0
Venezuela (Bolivarian Republic of);Rural;2012;3550466.0
Venezuela (Bolivarian Republic of);Urban;2012;26342614.0
Venezuela (Bolivarian Republic of);Total;2013;29781040.0
Venezuela (Bolivarian Republic of);Male;2013;14835843.0
Venezuela (Bolivarian Republic of);Female;2013;14945203.0
Venezuela (Bolivarian Republic of);Rural;2013;3597718.0
Venezuela (Bolivarian Republic of);Urban;2013;26720130.0
Venezuela (Bolivarian Republic of);Total;2014;30042968.0
Venezuela (Bolivarian Republic of);Male;2014;14953415.0
Venezuela (Bolivarian Republic of);Female;2014;15089558.0
Venezuela (Bolivarian Republic of);Rural;2014;3644375.0
Venezuela (Bolivarian Republic of);Urban;2014;27094003.0
Venezuela (Bolivarian Republic of);Total;2015;30081829.0
Venezuela (Bolivarian Republic of);Male;2015;14953214.0
Venezuela (Bolivarian Republic of);Female;2015;15128613.0
Venezuela (Bolivarian Republic of);Rural;2015;3690499.0
Venezuela (Bolivarian Republic of);Urban;2015;27464635.0
Venezuela (Bolivarian Republic of);Total;2016;29851255.0
Venezuela (Bolivarian Republic of);Male;2016;14810707.0
Venezuela (Bolivarian Republic of);Female;2016;15040542.0
Venezuela (Bolivarian Republic of);Rural;2016;3736094.0
Venezuela (Bolivarian Republic of);Urban;2016;27832085.0
Venezuela (Bolivarian Republic of);Total;2017;29402484.0
Venezuela (Bolivarian Republic of);Male;2017;14553036.0
Venezuela (Bolivarian Republic of);Female;2017;14849444.0
Venezuela (Bolivarian Republic of);Rural;2017;3778814.0
Venezuela (Bolivarian Republic of);Urban;2017;28198251.0
Venezuela (Bolivarian Republic of);Total;2018;28887118.0
Venezuela (Bolivarian Republic of);Male;2018;14260628.0
Venezuela (Bolivarian Republic of);Female;2018;14626489.0
Venezuela (Bolivarian Republic of);Rural;2018;3818502.0
Venezuela (Bolivarian Republic of);Urban;2018;28562719.0
Viet Nam;Total;2000;79910412.0
Viet Nam;Male;2000;39570482.0
Viet Nam;Female;2000;40339929.0
Viet Nam;Rural;2000;60716972.0
Viet Nam;Urban;2000;19568590.0
Viet Nam;Total;2001;80742499.0
Viet Nam;Male;2001;39980554.0
Viet Nam;Female;2001;40761946.0
Viet Nam;Rural;2001;60905689.0
Viet Nam;Urban;2001;20234230.0
Viet Nam;Total;2002;81534407.0
Viet Nam;Male;2002;40370761.0
Viet Nam;Female;2002;41163645.0
Viet Nam;Rural;2002;61048895.0
Viet Nam;Urban;2002;20907601.0
Viet Nam;Total;2003;82301656.0
Viet Nam;Male;2003;40751413.0
Viet Nam;Female;2003;41550237.0
Viet Nam;Rural;2003;61156846.0
Viet Nam;Urban;2003;21590816.0
Viet Nam;Total;2004;83062821.0
Viet Nam;Male;2004;41135161.0
Viet Nam;Female;2004;41927658.0
Viet Nam;Rural;2004;61239621.0
Viet Nam;Urban;2004;22288057.0
Viet Nam;Total;2005;83832661.0
Viet Nam;Male;2005;41531528.0
Viet Nam;Female;2005;42301134.0
Viet Nam;Rural;2005;61308288.0
Viet Nam;Urban;2005;23000555.0
Viet Nam;Total;2006;84617540.0
Viet Nam;Male;2006;41944872.0
Viet Nam;Female;2006;42672673.0
Viet Nam;Rural;2006;61363160.0
Viet Nam;Urban;2006;23731457.0
Viet Nam;Total;2007;85419591.0
Viet Nam;Male;2007;42374927.0
Viet Nam;Female;2007;43044661.0
Viet Nam;Rural;2007;61408016.0
Viet Nam;Urban;2007;24481574.0
Viet Nam;Total;2008;86243413.0
Viet Nam;Male;2008;42820602.0
Viet Nam;Female;2008;43422822.0
Viet Nam;Rural;2008;61451799.0
Viet Nam;Urban;2008;25256002.0
Viet Nam;Total;2009;87092252.0
Viet Nam;Male;2009;43278674.0
Viet Nam;Female;2009;43813576.0
Viet Nam;Rural;2009;61504167.0
Viet Nam;Urban;2009;26061240.0
Viet Nam;Total;2010;87967651.0
Viet Nam;Male;2010;43746366.0
Viet Nam;Female;2010;44221289.0
Viet Nam;Rural;2010;61561816.0
Viet Nam;Urban;2010;26910696.0
Viet Nam;Total;2011;88871380.0
Viet Nam;Male;2011;44223191.0
Viet Nam;Female;2011;44648193.0
Viet Nam;Rural;2011;61639703.0
Viet Nam;Urban;2011;27796941.0
Viet Nam;Total;2012;89801926.0
Viet Nam;Male;2012;44709156.0
Viet Nam;Female;2012;45092770.0
Viet Nam;Rural;2012;61731739.0
Viet Nam;Urban;2012;28720142.0
Viet Nam;Total;2013;90752592.0
Viet Nam;Male;2013;45202060.0
Viet Nam;Female;2013;45550533.0
Viet Nam;Rural;2013;61825502.0
Viet Nam;Urban;2013;29672223.0
Viet Nam;Total;2014;91713848.0
Viet Nam;Male;2014;45699141.0
Viet Nam;Female;2014;46014709.0
Viet Nam;Rural;2014;61898224.0
Viet Nam;Urban;2014;30646691.0
Viet Nam;Total;2015;92677076.0
Viet Nam;Male;2015;46197466.0
Viet Nam;Female;2015;46479616.0
Viet Nam;Rural;2015;61936198.0
Viet Nam;Urban;2015;31635369.0
Viet Nam;Total;2016;93640422.0
Viet Nam;Male;2016;46696272.0
Viet Nam;Female;2016;46944163.0
Viet Nam;Rural;2016;61933285.0
Viet Nam;Urban;2016;32635787.0
Viet Nam;Total;2017;94600648.0
Viet Nam;Male;2017;47193015.0
Viet Nam;Female;2017;47407628.0
Viet Nam;Rural;2017;61898302.0
Viet Nam;Urban;2017;33642498.0
Viet Nam;Total;2018;95545962.0
Viet Nam;Male;2018;47680864.0
Viet Nam;Female;2018;47865095.0
Viet Nam;Rural;2018;61832185.0
Viet Nam;Urban;2018;34658961.0
Wallis and Futuna Islands;Total;2000;14694.0
Wallis and Futuna Islands;Rural;2000;14500.0
Wallis and Futuna Islands;Urban;2000;0.0
Wallis and Futuna Islands;Total;2001;14843.0
Wallis and Futuna Islands;Rural;2001;14563.0
Wallis and Futuna Islands;Urban;2001;0.0
Wallis and Futuna Islands;Total;2002;14988.0
Wallis and Futuna Islands;Rural;2002;14622.0
Wallis and Futuna Islands;Urban;2002;0.0
Wallis and Futuna Islands;Total;2003;15096.0
Wallis and Futuna Islands;Rural;2003;14651.0
Wallis and Futuna Islands;Urban;2003;0.0
Wallis and Futuna Islands;Total;2004;15093.0
Wallis and Futuna Islands;Rural;2004;14643.0
Wallis and Futuna Islands;Urban;2004;0.0
Wallis and Futuna Islands;Total;2005;14939.0
Wallis and Futuna Islands;Rural;2005;14568.0
Wallis and Futuna Islands;Urban;2005;0.0
Wallis and Futuna Islands;Total;2006;14609.0
Wallis and Futuna Islands;Rural;2006;14434.0
Wallis and Futuna Islands;Urban;2006;0.0
Wallis and Futuna Islands;Total;2007;14132.0
Wallis and Futuna Islands;Rural;2007;14229.0
Wallis and Futuna Islands;Urban;2007;0.0
Wallis and Futuna Islands;Total;2008;13578.0
Wallis and Futuna Islands;Rural;2008;13984.0
Wallis and Futuna Islands;Urban;2008;0.0
Wallis and Futuna Islands;Total;2009;13070.0
Wallis and Futuna Islands;Rural;2009;13706.0
Wallis and Futuna Islands;Urban;2009;0.0
Wallis and Futuna Islands;Total;2010;12689.0
Wallis and Futuna Islands;Rural;2010;13428.0
Wallis and Futuna Islands;Urban;2010;0.0
Wallis and Futuna Islands;Total;2011;12462.0
Wallis and Futuna Islands;Rural;2011;13129.0
Wallis and Futuna Islands;Urban;2011;0.0
Wallis and Futuna Islands;Total;2012;12375.0
Wallis and Futuna Islands;Rural;2012;12836.0
Wallis and Futuna Islands;Urban;2012;0.0
Wallis and Futuna Islands;Total;2013;12356.0
Wallis and Futuna Islands;Rural;2013;12551.0
Wallis and Futuna Islands;Urban;2013;0.0
Wallis and Futuna Islands;Total;2014;12340.0
Wallis and Futuna Islands;Rural;2014;12285.0
Wallis and Futuna Islands;Urban;2014;0.0
Wallis and Futuna Islands;Total;2015;12266.0
Wallis and Futuna Islands;Rural;2015;12066.0
Wallis and Futuna Islands;Urban;2015;0.0
Wallis and Futuna Islands;Total;2016;12107.0
Wallis and Futuna Islands;Rural;2016;11899.0
Wallis and Futuna Islands;Urban;2016;0.0
Wallis and Futuna Islands;Total;2017;11900.0
Wallis and Futuna Islands;Rural;2017;11773.0
Wallis and Futuna Islands;Urban;2017;0.0
Wallis and Futuna Islands;Total;2018;11661.0
Wallis and Futuna Islands;Rural;2018;11683.0
Wallis and Futuna Islands;Urban;2018;0.0
Western Sahara;Total;2000;314118.0
Western Sahara;Male;2000;164434.0
Western Sahara;Female;2000;149682.0
Western Sahara;Rural;2000;44684.0
Western Sahara;Urban;2000;269434.0
Western Sahara;Total;2001;336651.0
Western Sahara;Male;2001;176578.0
Western Sahara;Female;2001;160069.0
Western Sahara;Rural;2001;47722.0
Western Sahara;Urban;2001;288929.0
Western Sahara;Total;2002;363227.0
Western Sahara;Male;2002;190874.0
Western Sahara;Female;2002;172351.0
Western Sahara;Rural;2002;51308.0
Western Sahara;Urban;2002;311919.0
Western Sahara;Total;2003;391167.0
Western Sahara;Male;2003;205878.0
Western Sahara;Female;2003;185299.0
Western Sahara;Rural;2003;55060.0
Western Sahara;Urban;2003;336107.0
Western Sahara;Total;2004;416797.0
Western Sahara;Male;2004;219610.0
Western Sahara;Female;2004;197194.0
Western Sahara;Rural;2004;58460.0
Western Sahara;Urban;2004;358337.0
Western Sahara;Total;2005;437515.0
Western Sahara;Male;2005;230672.0
Western Sahara;Female;2005;206844.0
Western Sahara;Rural;2005;61150.0
Western Sahara;Urban;2005;376365.0
Western Sahara;Total;2006;452350.0
Western Sahara;Male;2006;238552.0
Western Sahara;Female;2006;213805.0
Western Sahara;Rural;2006;63001.0
Western Sahara;Urban;2006;389349.0
Western Sahara;Total;2007;462207.0
Western Sahara;Male;2007;243710.0
Western Sahara;Female;2007;218500.0
Western Sahara;Rural;2007;64146.0
Western Sahara;Urban;2007;398061.0
Western Sahara;Total;2008;468633.0
Western Sahara;Male;2008;247005.0
Western Sahara;Female;2008;221625.0
Western Sahara;Rural;2008;64808.00000000001
Western Sahara;Urban;2008;403825.0
Western Sahara;Total;2009;474044.0
Western Sahara;Male;2009;249733.0
Western Sahara;Female;2009;224312.0
Western Sahara;Rural;2009;65325.0
Western Sahara;Urban;2009;408719.0
Western Sahara;Total;2010;480274.0
Western Sahara;Male;2010;252879.0
Western Sahara;Female;2010;227389.0
Western Sahara;Rural;2010;65949.0
Western Sahara;Urban;2010;414325.0
Western Sahara;Total;2011;487650.0
Western Sahara;Male;2011;256634.0
Western Sahara;Female;2011;231020.0
Western Sahara;Rural;2011;66725.0
Western Sahara;Urban;2011;420924.0
Western Sahara;Total;2012;495773.0
Western Sahara;Male;2012;260778.00000000003
Western Sahara;Female;2012;234995.0
Western Sahara;Rural;2012;67596.0
Western Sahara;Urban;2012;428176.0
Western Sahara;Total;2013;504858.0
Western Sahara;Male;2013;265408.0
Western Sahara;Female;2013;239450.0
Western Sahara;Rural;2013;68591.0
Western Sahara;Urban;2013;436264.0
Western Sahara;Total;2014;514995.0
Western Sahara;Male;2014;270565.0
Western Sahara;Female;2014;244419.0
Western Sahara;Rural;2014;69720.0
Western Sahara;Urban;2014;445271.0
Western Sahara;Total;2015;526216.0
Western Sahara;Male;2015;276266.0
Western Sahara;Female;2015;249945.0
Western Sahara;Rural;2015;70987.0
Western Sahara;Urban;2015;455229.0
Western Sahara;Total;2016;538749.0
Western Sahara;Male;2016;282617.0
Western Sahara;Female;2016;256127.0
Western Sahara;Rural;2016;72391.0
Western Sahara;Urban;2016;466364.0
Western Sahara;Total;2017;552615.0
Western Sahara;Male;2017;289647.0
Western Sahara;Female;2017;262970.0
Western Sahara;Rural;2017;73931.0
Western Sahara;Urban;2017;478697.0
Western Sahara;Total;2018;567402.0
Western Sahara;Male;2018;297137.0
Western Sahara;Female;2018;270259.0
Western Sahara;Rural;2018;75548.0
Western Sahara;Urban;2018;491873.0
Yemen;Total;2000;17409072.0
Yemen;Male;2000;8782914.0
Yemen;Female;2000;8626157.0
Yemen;Rural;2000;13179604.0
Yemen;Urban;2000;4695121.0
Yemen;Total;2001;17918373.0
Yemen;Male;2001;9035617.0
Yemen;Female;2001;8882752.0
Yemen;Rural;2001;13463940.0
Yemen;Urban;2001;4926195.0
Yemen;Total;2002;18443691.0
Yemen;Male;2002;9298002.0
Yemen;Female;2002;9145682.0
Yemen;Rural;2002;13751457.0
Yemen;Urban;2002;5167722.0
Yemen;Total;2003;18985000.0
Yemen;Male;2003;9569772.0
Yemen;Female;2003;9415229.0
Yemen;Rural;2003;14042142.0
Yemen;Urban;2003;5419944.0
Yemen;Total;2004;19540098.0
Yemen;Male;2004;9849046.0
Yemen;Female;2004;9691050.0
Yemen;Rural;2004;14334252.0
Yemen;Urban;2004;5682816.0
Yemen;Total;2005;20107409.0
Yemen;Male;2005;10134482.0
Yemen;Female;2005;9972934.0
Yemen;Rural;2005;14627103.0
Yemen;Urban;2005;5955824.0
Yemen;Total;2006;20687646.0
Yemen;Male;2006;10426557.0
Yemen;Female;2006;10261091.0
Yemen;Rural;2006;14920358.0
Yemen;Urban;2006;6240176.0
Yemen;Total;2007;21282515.0
Yemen;Male;2007;10726485.0
Yemen;Female;2007;10556029.0
Yemen;Rural;2007;15215074.0
Yemen;Urban;2007;6536531.0
Yemen;Total;2008;21892146.0
Yemen;Male;2008;11034174.0
Yemen;Female;2008;10857975.0
Yemen;Rural;2008;15511106.0
Yemen;Urban;2008;6845285.0
Yemen;Total;2009;22516460.0
Yemen;Male;2009;11349365.0
Yemen;Female;2009;11167099.0
Yemen;Rural;2009;15808153.0
Yemen;Urban;2009;7166776.0
Yemen;Total;2010;23154855.0
Yemen;Male;2010;11671585.0
Yemen;Female;2010;11483269.0
Yemen;Rural;2010;16105593.0
Yemen;Urban;2010;7501186.0
Yemen;Total;2011;23807588.0
Yemen;Male;2011;12000931.0
Yemen;Female;2011;11806655.0
Yemen;Rural;2011;16403293.000000002
Yemen;Urban;2011;7848913.0
Yemen;Total;2012;24473178.0
Yemen;Male;2012;12336651.0
Yemen;Female;2012;12136525.0
Yemen;Rural;2012;16700108.0
Yemen;Urban;2012;8209861.000000001
Yemen;Total;2013;25147109.0
Yemen;Male;2013;12676362.0
Yemen;Female;2013;12470750.0
Yemen;Rural;2013;16993264.0
Yemen;Urban;2013;8583058.0
Yemen;Total;2014;25823485.0
Yemen;Male;2014;13016979.0
Yemen;Female;2014;12806509.0
Yemen;Rural;2014;17279298.0
Yemen;Urban;2014;8967029.0
Yemen;Total;2015;26497889.0
Yemen;Male;2015;13356196.0
Yemen;Female;2015;13141685.0
Yemen;Rural;2015;17555636.0
Yemen;Urban;2015;9360571.0
Yemen;Total;2016;27168208.0
Yemen;Male;2016;13692908.0
Yemen;Female;2016;13475302.0
Yemen;Rural;2016;17821118.0
Yemen;Urban;2016;9763095.0
Yemen;Total;2017;27834819.0
Yemen;Male;2017;14027299.0
Yemen;Female;2017;13807512.0
Yemen;Rural;2017;18075808.0
Yemen;Urban;2017;10174612.0
Yemen;Total;2018;28498683.0
Yemen;Male;2018;14360014.0
Yemen;Female;2018;14138669.0
Yemen;Rural;2018;18320024.0
Yemen;Urban;2018;10595260.0
Zambia;Total;2000;10415944.0
Zambia;Male;2000;5164034.0
Zambia;Female;2000;5251908.0
Zambia;Rural;2000;6866093.0
Zambia;Urban;2000;3665128.0
Zambia;Total;2001;10692193.0
Zambia;Male;2001;5298113.0
Zambia;Female;2001;5394084.0
Zambia;Rural;2001;7035435.0
Zambia;Urban;2001;3788690.0
Zambia;Total;2002;10971698.0
Zambia;Male;2002;5433272.0
Zambia;Female;2002;5538432.0
Zambia;Rural;2002;7175419.0
Zambia;Urban;2002;3944990.0
Zambia;Total;2003;11256743.0
Zambia;Male;2003;5570858.0
Zambia;Female;2003;5685882.0
Zambia;Rural;2003;7315663.0
Zambia;Urban;2003;4106321.0
Zambia;Total;2004;11550642.0
Zambia;Male;2004;5712850.0
Zambia;Female;2004;5837791.0
Zambia;Rural;2004;7457838.0
Zambia;Urban;2004;4273908.0
Zambia;Total;2005;11856247.0
Zambia;Male;2005;5860925.0
Zambia;Female;2005;5995319.0
Zambia;Rural;2005;7603597.0
Zambia;Urban;2005;4448559.0
Zambia;Total;2006;12173514.0
Zambia;Male;2006;6015064.0
Zambia;Female;2006;6158454.0
Zambia;Rural;2006;7752680.0
Zambia;Urban;2006;4630766.0
Zambia;Total;2007;12502958.0
Zambia;Male;2007;6175514.0
Zambia;Female;2007;6327444.0
Zambia;Rural;2007;7905217.0
Zambia;Urban;2007;4820757.0
Zambia;Total;2008;12848530.0
Zambia;Male;2008;6344548.0
Zambia;Female;2008;6503983.0
Zambia;Rural;2008;8062650.0
Zambia;Urban;2008;5019867.0
Zambia;Total;2009;13215139.0
Zambia;Male;2009;6524941.0
Zambia;Female;2009;6690201.0
Zambia;Rural;2009;8227066.999999999
Zambia;Urban;2009;5229350.0
Zambia;Total;2010;13605984.0
Zambia;Male;2010;6718512.0
Zambia;Female;2010;6887474.0
Zambia;Rural;2010;8399366.0
Zambia;Urban;2010;5450667.0
Zambia;Total;2011;14023203.0
Zambia;Male;2011;6926470.0
Zambia;Female;2011;7096729.0
Zambia;Rural;2011;8580164.0
Zambia;Urban;2011;5684592.0
Zambia;Total;2012;14465150.0
Zambia;Male;2012;7147852.0
Zambia;Female;2012;7317296.0
Zambia;Rural;2012;8767868.0
Zambia;Urban;2012;5932069.0
Zambia;Total;2013;14926544.0
Zambia;Male;2013;7379548.0
Zambia;Female;2013;7547003.0
Zambia;Rural;2013;8960891.0
Zambia;Urban;2013;6192319.0
Zambia;Total;2014;15399788.0
Zambia;Male;2014;7617062.0
Zambia;Female;2014;7782731.0
Zambia;Rural;2014;9156664.0
Zambia;Urban;2014;6464310.0
Zambia;Total;2015;15879361.0
Zambia;Male;2015;7857171.0
Zambia;Female;2015;8022199.0
Zambia;Rural;2015;9353351.0
Zambia;Urban;2015;6747236.0
Zambia;Total;2016;16363458.0
Zambia;Male;2016;8098763.0
Zambia;Female;2016;8264686.0
Zambia;Rural;2016;9550308.0
Zambia;Urban;2016;7041082.0
Zambia;Total;2017;16853599.0
Zambia;Male;2017;8342760.0
Zambia;Female;2017;8510848.0
Zambia;Rural;2017;9747709.0
Zambia;Urban;2017;7346421.0
Zambia;Total;2018;17351708.0
Zambia;Male;2018;8590277.0
Zambia;Female;2018;8761437.0
Zambia;Rural;2018;9945501.0
Zambia;Urban;2018;7663677.0
Zimbabwe;Total;2000;11881477.0
Zimbabwe;Male;2000;5814303.0
Zimbabwe;Female;2000;6067179.0
Zimbabwe;Rural;2000;8096262.0
Zimbabwe;Urban;2000;4125988.9999999995
Zimbabwe;Total;2001;11923914.0
Zimbabwe;Male;2001;5812019.0
Zimbabwe;Female;2001;6111887.0
Zimbabwe;Rural;2001;8140630.0
Zimbabwe;Urban;2001;4225535.0
Zimbabwe;Total;2002;11954290.0
Zimbabwe;Male;2002;5799658.0
Zimbabwe;Female;2002;6154635.0
Zimbabwe;Rural;2002;8177189.0
Zimbabwe;Urban;2002;4323336.0
Zimbabwe;Total;2003;11982224.0
Zimbabwe;Male;2003;5784697.0
Zimbabwe;Female;2003;6197522.0
Zimbabwe;Rural;2003;8277834.000000001
Zimbabwe;Urban;2003;4356063.0
Zimbabwe;Total;2004;12019912.0
Zimbabwe;Male;2004;5776947.0
Zimbabwe;Female;2004;6242964.0
Zimbabwe;Rural;2004;8395569.0
Zimbabwe;Urban;2004;4381942.0
Zimbabwe;Total;2005;12076699.0
Zimbabwe;Male;2005;5783686.0
Zimbabwe;Female;2005;6293011.0
Zimbabwe;Rural;2005;8526166.0
Zimbabwe;Urban;2005;4413866.0
Zimbabwe;Total;2006;12155491.0
Zimbabwe;Male;2006;5807510.0
Zimbabwe;Female;2006;6347986.0
Zimbabwe;Rural;2006;8671680.0
Zimbabwe;Urban;2006;4452587.0
Zimbabwe;Total;2007;12255922.0
Zimbabwe;Male;2007;5847398.0
Zimbabwe;Female;2007;6408522.0
Zimbabwe;Rural;2007;8831989.0
Zimbabwe;Urban;2007;4497920.0
Zimbabwe;Total;2008;12379549.0
Zimbabwe;Male;2008;5902459.0
Zimbabwe;Female;2008;6477094.0
Zimbabwe;Rural;2008;9008248.0
Zimbabwe;Urban;2008;4550221.0
Zimbabwe;Total;2009;12526968.0
Zimbabwe;Male;2009;5970363.0
Zimbabwe;Female;2009;6556601.0
Zimbabwe;Rural;2009;9200909.0
Zimbabwe;Urban;2009;4609690.0
Zimbabwe;Total;2010;12697723.0
Zimbabwe;Male;2010;6049024.0
Zimbabwe;Female;2010;6648704.0
Zimbabwe;Rural;2010;9410211.0
Zimbabwe;Urban;2010;4676106.0
Zimbabwe;Total;2011;12894322.0
Zimbabwe;Male;2011;6139115.0
Zimbabwe;Female;2011;6755208.0
Zimbabwe;Rural;2011;9636932.0
Zimbabwe;Urban;2011;4749717.0
Zimbabwe;Total;2012;13115150.0
Zimbabwe;Male;2012;6240533.0
Zimbabwe;Female;2012;6874616.0
Zimbabwe;Rural;2012;9880721.0
Zimbabwe;Urban;2012;4830105.0
Zimbabwe;Total;2013;13350373.0
Zimbabwe;Male;2013;6349221.0
Zimbabwe;Female;2013;7001157.0
Zimbabwe;Rural;2013;10138667.0
Zimbabwe;Urban;2013;4915839.0
Zimbabwe;Total;2014;13586707.0
Zimbabwe;Male;2014;6459915.0
Zimbabwe;Female;2014;7126795.0
Zimbabwe;Rural;2014;10402274.0
Zimbabwe;Urban;2014;5009401.0
Zimbabwe;Total;2015;13814629.0
Zimbabwe;Male;2015;6568778.0
Zimbabwe;Female;2015;7245864.0
Zimbabwe;Rural;2015;10667966.0
Zimbabwe;Urban;2015;5109485.0
Zimbabwe;Total;2016;14030331.0
Zimbabwe;Male;2016;6674206.0
Zimbabwe;Female;2016;7356132.0
Zimbabwe;Rural;2016;10934468.0
Zimbabwe;Urban;2016;5215894.0
Zimbabwe;Total;2017;14236595.0
Zimbabwe;Male;2017;6777054.0
Zimbabwe;Female;2017;7459545.0
Zimbabwe;Rural;2017;11201138.0
Zimbabwe;Urban;2017;5328766.0
Zimbabwe;Total;2018;14438802.0
Zimbabwe;Male;2018;6879119.0
Zimbabwe;Female;2018;7559693.0
Zimbabwe;Rural;2018;11465748.0
Zimbabwe;Urban;2018;5447513.0
